
C:/Users/PITEL/Documents/MICROCONTROLADORES/Practica_14/build/Practica_14.elf:     file format elf32-littlearm

Sections:
Idx Name          Size      VMA       LMA       File off  Algn
  0 .boot2        00000100  10000000  10000000  00001000  2**0
                  CONTENTS, ALLOC, LOAD, READONLY, CODE
  1 .text         00004be8  10000100  10000100  00001100  2**3
                  CONTENTS, ALLOC, LOAD, READONLY, CODE
  2 .rodata       00001184  10004ce8  10004ce8  00005ce8  2**3
                  CONTENTS, ALLOC, LOAD, READONLY, DATA
  3 .binary_info  00000024  10005e6c  10005e6c  00006e6c  2**2
                  CONTENTS, ALLOC, LOAD, READONLY, DATA
  4 .ram_vector_table 000000c0  20000000  20000000  00008000  2**2
                  ALLOC
  5 .data         0000027c  200000c0  10005e90  000070c0  2**4
                  CONTENTS, ALLOC, LOAD, READONLY, CODE
  6 .uninitialized_data 00000000  2000033c  2000033c  0000733c  2**0
                  CONTENTS
  7 .scratch_x    00000000  20040000  20040000  0000733c  2**0
                  CONTENTS
  8 .scratch_y    00000000  20041000  20041000  0000733c  2**0
                  CONTENTS
  9 .bss          000003dc  20000340  20000340  00008000  2**3
                  ALLOC
 10 .heap         00000800  2000071c  2000071c  0000733c  2**2
                  CONTENTS, READONLY
 11 .stack1_dummy 00000800  20040000  20040000  00008000  2**2
                  ALLOC
 12 .stack_dummy  00000800  20041000  20041000  00007b40  2**5
                  CONTENTS, READONLY
 13 .ARM.attributes 00000028  00000000  00000000  00008340  2**0
                  CONTENTS, READONLY
 14 .comment      00000049  00000000  00000000  00008368  2**0
                  CONTENTS, READONLY
 15 .debug_info   000190ae  00000000  00000000  000083b1  2**0
                  CONTENTS, READONLY, DEBUGGING, OCTETS
 16 .debug_abbrev 00004a38  00000000  00000000  0002145f  2**0
                  CONTENTS, READONLY, DEBUGGING, OCTETS
 17 .debug_loc    00010edc  00000000  00000000  00025e97  2**0
                  CONTENTS, READONLY, DEBUGGING, OCTETS
 18 .debug_aranges 00000fc0  00000000  00000000  00036d78  2**3
                  CONTENTS, READONLY, DEBUGGING, OCTETS
 19 .debug_ranges 00003838  00000000  00000000  00037d38  2**3
                  CONTENTS, READONLY, DEBUGGING, OCTETS
 20 .debug_line   0001185c  00000000  00000000  0003b570  2**0
                  CONTENTS, READONLY, DEBUGGING, OCTETS
 21 .debug_str    000042e1  00000000  00000000  0004cdcc  2**0
                  CONTENTS, READONLY, DEBUGGING, OCTETS
 22 .debug_frame  00001ca0  00000000  00000000  000510b0  2**2
                  CONTENTS, READONLY, DEBUGGING, OCTETS

C:/Users/PITEL/Documents/MICROCONTROLADORES/Practica_14/build/Practica_14.elf:     file format elf32-littlearm


Disassembly of section .boot2:

10000000 <__boot2_start__>:
10000000:	4b32b500 	.word	0x4b32b500
10000004:	60582021 	.word	0x60582021
10000008:	21026898 	.word	0x21026898
1000000c:	60984388 	.word	0x60984388
10000010:	611860d8 	.word	0x611860d8
10000014:	4b2e6158 	.word	0x4b2e6158
10000018:	60992100 	.word	0x60992100
1000001c:	61592102 	.word	0x61592102
10000020:	22f02101 	.word	0x22f02101
10000024:	492b5099 	.word	0x492b5099
10000028:	21016019 	.word	0x21016019
1000002c:	20356099 	.word	0x20356099
10000030:	f844f000 	.word	0xf844f000
10000034:	42902202 	.word	0x42902202
10000038:	2106d014 	.word	0x2106d014
1000003c:	f0006619 	.word	0xf0006619
10000040:	6e19f834 	.word	0x6e19f834
10000044:	66192101 	.word	0x66192101
10000048:	66182000 	.word	0x66182000
1000004c:	f000661a 	.word	0xf000661a
10000050:	6e19f82c 	.word	0x6e19f82c
10000054:	6e196e19 	.word	0x6e196e19
10000058:	f0002005 	.word	0xf0002005
1000005c:	2101f82f 	.word	0x2101f82f
10000060:	d1f94208 	.word	0xd1f94208
10000064:	60992100 	.word	0x60992100
10000068:	6019491b 	.word	0x6019491b
1000006c:	60592100 	.word	0x60592100
10000070:	481b491a 	.word	0x481b491a
10000074:	21016001 	.word	0x21016001
10000078:	21eb6099 	.word	0x21eb6099
1000007c:	21a06619 	.word	0x21a06619
10000080:	f0006619 	.word	0xf0006619
10000084:	2100f812 	.word	0x2100f812
10000088:	49166099 	.word	0x49166099
1000008c:	60014814 	.word	0x60014814
10000090:	60992101 	.word	0x60992101
10000094:	2800bc01 	.word	0x2800bc01
10000098:	4700d000 	.word	0x4700d000
1000009c:	49134812 	.word	0x49134812
100000a0:	c8036008 	.word	0xc8036008
100000a4:	8808f380 	.word	0x8808f380
100000a8:	b5034708 	.word	0xb5034708
100000ac:	20046a99 	.word	0x20046a99
100000b0:	d0fb4201 	.word	0xd0fb4201
100000b4:	42012001 	.word	0x42012001
100000b8:	bd03d1f8 	.word	0xbd03d1f8
100000bc:	6618b502 	.word	0x6618b502
100000c0:	f7ff6618 	.word	0xf7ff6618
100000c4:	6e18fff2 	.word	0x6e18fff2
100000c8:	bd026e18 	.word	0xbd026e18
100000cc:	40020000 	.word	0x40020000
100000d0:	18000000 	.word	0x18000000
100000d4:	00070000 	.word	0x00070000
100000d8:	005f0300 	.word	0x005f0300
100000dc:	00002221 	.word	0x00002221
100000e0:	180000f4 	.word	0x180000f4
100000e4:	a0002022 	.word	0xa0002022
100000e8:	10000100 	.word	0x10000100
100000ec:	e000ed08 	.word	0xe000ed08
	...
100000fc:	7a4eb274 	.word	0x7a4eb274

Disassembly of section .text:

10000100 <__VECTOR_TABLE>:
10000100:	20042000 	.word	0x20042000
10000104:	100001f7 	.word	0x100001f7
10000108:	100001c3 	.word	0x100001c3
1000010c:	100001c5 	.word	0x100001c5
10000110:	100001c1 	.word	0x100001c1
10000114:	100001c1 	.word	0x100001c1
10000118:	100001c1 	.word	0x100001c1
1000011c:	100001c1 	.word	0x100001c1
10000120:	100001c1 	.word	0x100001c1
10000124:	100001c1 	.word	0x100001c1
10000128:	100001c1 	.word	0x100001c1
1000012c:	100001c7 	.word	0x100001c7
10000130:	100001c1 	.word	0x100001c1
10000134:	100001c1 	.word	0x100001c1
10000138:	100001c9 	.word	0x100001c9
1000013c:	100001cb 	.word	0x100001cb
10000140:	100001cd 	.word	0x100001cd
10000144:	100001cd 	.word	0x100001cd
10000148:	100001cd 	.word	0x100001cd
1000014c:	100001cd 	.word	0x100001cd
10000150:	100001cd 	.word	0x100001cd
10000154:	100001cd 	.word	0x100001cd
10000158:	100001cd 	.word	0x100001cd
1000015c:	100001cd 	.word	0x100001cd
10000160:	100001cd 	.word	0x100001cd
10000164:	100001cd 	.word	0x100001cd
10000168:	100001cd 	.word	0x100001cd
1000016c:	100001cd 	.word	0x100001cd
10000170:	100001cd 	.word	0x100001cd
10000174:	100001cd 	.word	0x100001cd
10000178:	100001cd 	.word	0x100001cd
1000017c:	100001cd 	.word	0x100001cd
10000180:	100001cd 	.word	0x100001cd
10000184:	100001cd 	.word	0x100001cd
10000188:	100001cd 	.word	0x100001cd
1000018c:	100001cd 	.word	0x100001cd
10000190:	100001cd 	.word	0x100001cd
10000194:	100001cd 	.word	0x100001cd
10000198:	100001cd 	.word	0x100001cd
1000019c:	100001cd 	.word	0x100001cd
100001a0:	100001cd 	.word	0x100001cd
100001a4:	100001cd 	.word	0x100001cd
100001a8:	100001cd 	.word	0x100001cd
100001ac:	100001cd 	.word	0x100001cd
100001b0:	100001cd 	.word	0x100001cd
100001b4:	100001cd 	.word	0x100001cd
100001b8:	100001cd 	.word	0x100001cd
100001bc:	100001cd 	.word	0x100001cd

100001c0 <isr_invalid>:
100001c0:	be00      	bkpt	0x0000

100001c2 <isr_nmi>:
100001c2:	be00      	bkpt	0x0000

100001c4 <isr_hardfault>:
100001c4:	be00      	bkpt	0x0000

100001c6 <isr_svcall>:
100001c6:	be00      	bkpt	0x0000

100001c8 <isr_pendsv>:
100001c8:	be00      	bkpt	0x0000

100001ca <isr_systick>:
100001ca:	be00      	bkpt	0x0000

100001cc <__unhandled_user_irq>:
100001cc:	f3ef 8005 	mrs	r0, IPSR
100001d0:	3810      	subs	r0, #16

100001d2 <unhandled_user_irq_num_in_r0>:
100001d2:	be00      	bkpt	0x0000

100001d4 <binary_info_header>:
100001d4:	7188ebf2 	.word	0x7188ebf2
100001d8:	10005e6c 	.word	0x10005e6c
100001dc:	10005e90 	.word	0x10005e90
100001e0:	10000234 	.word	0x10000234
100001e4:	e71aa390 	.word	0xe71aa390

100001e8 <_entry_point>:
100001e8:	2000      	movs	r0, #0
100001ea:	491f      	ldr	r1, [pc, #124]	; (10000268 <hold_non_core0_in_bootrom+0xa>)
100001ec:	6008      	str	r0, [r1, #0]
100001ee:	c806      	ldmia	r0!, {r1, r2}
100001f0:	f381 8808 	msr	MSP, r1
100001f4:	4710      	bx	r2

100001f6 <_reset_handler>:
100001f6:	481d      	ldr	r0, [pc, #116]	; (1000026c <hold_non_core0_in_bootrom+0xe>)
100001f8:	6800      	ldr	r0, [r0, #0]
100001fa:	2800      	cmp	r0, #0
100001fc:	d12f      	bne.n	1000025e <hold_non_core0_in_bootrom>
100001fe:	a40d      	add	r4, pc, #52	; (adr r4, 10000234 <data_cpy_table>)
10000200:	cc0e      	ldmia	r4!, {r1, r2, r3}
10000202:	2900      	cmp	r1, #0
10000204:	d002      	beq.n	1000020c <_reset_handler+0x16>
10000206:	f000 f812 	bl	1000022e <data_cpy>
1000020a:	e7f9      	b.n	10000200 <_reset_handler+0xa>
1000020c:	4918      	ldr	r1, [pc, #96]	; (10000270 <hold_non_core0_in_bootrom+0x12>)
1000020e:	4a19      	ldr	r2, [pc, #100]	; (10000274 <hold_non_core0_in_bootrom+0x16>)
10000210:	2000      	movs	r0, #0
10000212:	e000      	b.n	10000216 <bss_fill_test>

10000214 <bss_fill_loop>:
10000214:	c101      	stmia	r1!, {r0}

10000216 <bss_fill_test>:
10000216:	4291      	cmp	r1, r2
10000218:	d1fc      	bne.n	10000214 <bss_fill_loop>

1000021a <platform_entry>:
1000021a:	4917      	ldr	r1, [pc, #92]	; (10000278 <hold_non_core0_in_bootrom+0x1a>)
1000021c:	4788      	blx	r1
1000021e:	4917      	ldr	r1, [pc, #92]	; (1000027c <hold_non_core0_in_bootrom+0x1e>)
10000220:	4788      	blx	r1
10000222:	4917      	ldr	r1, [pc, #92]	; (10000280 <hold_non_core0_in_bootrom+0x22>)
10000224:	4788      	blx	r1
10000226:	be00      	bkpt	0x0000
10000228:	e7fd      	b.n	10000226 <platform_entry+0xc>

1000022a <data_cpy_loop>:
1000022a:	c901      	ldmia	r1!, {r0}
1000022c:	c201      	stmia	r2!, {r0}

1000022e <data_cpy>:
1000022e:	429a      	cmp	r2, r3
10000230:	d3fb      	bcc.n	1000022a <data_cpy_loop>
10000232:	4770      	bx	lr

10000234 <data_cpy_table>:
10000234:	10005e90 	.word	0x10005e90
10000238:	200000c0 	.word	0x200000c0
1000023c:	2000033c 	.word	0x2000033c
10000240:	1000610c 	.word	0x1000610c
10000244:	20040000 	.word	0x20040000
10000248:	20040000 	.word	0x20040000
1000024c:	1000610c 	.word	0x1000610c
10000250:	20041000 	.word	0x20041000
10000254:	20041000 	.word	0x20041000
10000258:	00000000 	.word	0x00000000
1000025c:	4770      	bx	lr

1000025e <hold_non_core0_in_bootrom>:
1000025e:	4809      	ldr	r0, [pc, #36]	; (10000284 <hold_non_core0_in_bootrom+0x26>)
10000260:	f003 faa4 	bl	100037ac <rom_func_lookup>
10000264:	4700      	bx	r0
10000266:	0000      	.short	0x0000
10000268:	e000ed08 	.word	0xe000ed08
1000026c:	d0000000 	.word	0xd0000000
10000270:	20000340 	.word	0x20000340
10000274:	2000071c 	.word	0x2000071c
10000278:	10002535 	.word	0x10002535
1000027c:	100007b1 	.word	0x100007b1
10000280:	100024f1 	.word	0x100024f1
10000284:	00005657 	.word	0x00005657

10000288 <__bi_50>:
10000288:	50520006 5360b3ab 10005d08              ..RP..`S.]..

10000294 <__bi_38>:
10000294:	50520006 02031c86 10005d18              ..RP.....]..

100002a0 <__bi_30>:
100002a0:	50520006 9da22254 10005d24              ..RPT"..$]..

100002ac <__bi_22>:
100002ac:	50520005 68f465de 1000610c              ..RP.e.h.a..

100002b8 <_init>:
100002b8:	b5f8      	push	{r3, r4, r5, r6, r7, lr}
100002ba:	46c0      	nop			; (mov r8, r8)

100002bc <__do_global_dtors_aux>:
100002bc:	b510      	push	{r4, lr}
100002be:	4c06      	ldr	r4, [pc, #24]	; (100002d8 <__do_global_dtors_aux+0x1c>)
100002c0:	7823      	ldrb	r3, [r4, #0]
100002c2:	2b00      	cmp	r3, #0
100002c4:	d107      	bne.n	100002d6 <__do_global_dtors_aux+0x1a>
100002c6:	4b05      	ldr	r3, [pc, #20]	; (100002dc <__do_global_dtors_aux+0x20>)
100002c8:	2b00      	cmp	r3, #0
100002ca:	d002      	beq.n	100002d2 <__do_global_dtors_aux+0x16>
100002cc:	4804      	ldr	r0, [pc, #16]	; (100002e0 <__do_global_dtors_aux+0x24>)
100002ce:	e000      	b.n	100002d2 <__do_global_dtors_aux+0x16>
100002d0:	bf00      	nop
100002d2:	2301      	movs	r3, #1
100002d4:	7023      	strb	r3, [r4, #0]
100002d6:	bd10      	pop	{r4, pc}
100002d8:	20000440 	.word	0x20000440
100002dc:	00000000 	.word	0x00000000
100002e0:	10004ce8 	.word	0x10004ce8

100002e4 <frame_dummy>:
100002e4:	4b04      	ldr	r3, [pc, #16]	; (100002f8 <frame_dummy+0x14>)
100002e6:	b510      	push	{r4, lr}
100002e8:	2b00      	cmp	r3, #0
100002ea:	d003      	beq.n	100002f4 <frame_dummy+0x10>
100002ec:	4903      	ldr	r1, [pc, #12]	; (100002fc <frame_dummy+0x18>)
100002ee:	4804      	ldr	r0, [pc, #16]	; (10000300 <frame_dummy+0x1c>)
100002f0:	e000      	b.n	100002f4 <frame_dummy+0x10>
100002f2:	bf00      	nop
100002f4:	bd10      	pop	{r4, pc}
100002f6:	46c0      	nop			; (mov r8, r8)
100002f8:	00000000 	.word	0x00000000
100002fc:	20000444 	.word	0x20000444
10000300:	10004ce8 	.word	0x10004ce8

10000304 <init_display>:
10000304:	b570      	push	{r4, r5, r6, lr}
10000306:	2400      	movs	r4, #0
10000308:	e00b      	b.n	10000322 <init_display+0x1e>
1000030a:	4d0f      	ldr	r5, [pc, #60]	; (10000348 <init_display+0x44>)
1000030c:	00a6      	lsls	r6, r4, #2
1000030e:	5970      	ldr	r0, [r6, r5]
10000310:	f000 fa92 	bl	10000838 <gpio_init>
10000314:	5972      	ldr	r2, [r6, r5]
10000316:	2301      	movs	r3, #1
10000318:	4093      	lsls	r3, r2
1000031a:	22d0      	movs	r2, #208	; 0xd0
1000031c:	0612      	lsls	r2, r2, #24
1000031e:	6253      	str	r3, [r2, #36]	; 0x24
10000320:	3401      	adds	r4, #1
10000322:	2c07      	cmp	r4, #7
10000324:	ddf1      	ble.n	1000030a <init_display+0x6>
10000326:	2400      	movs	r4, #0
10000328:	2c01      	cmp	r4, #1
1000032a:	dc0c      	bgt.n	10000346 <init_display+0x42>
1000032c:	4d07      	ldr	r5, [pc, #28]	; (1000034c <init_display+0x48>)
1000032e:	00a6      	lsls	r6, r4, #2
10000330:	5970      	ldr	r0, [r6, r5]
10000332:	f000 fa81 	bl	10000838 <gpio_init>
10000336:	5972      	ldr	r2, [r6, r5]
10000338:	2301      	movs	r3, #1
1000033a:	4093      	lsls	r3, r2
1000033c:	22d0      	movs	r2, #208	; 0xd0
1000033e:	0612      	lsls	r2, r2, #24
10000340:	6253      	str	r3, [r2, #36]	; 0x24
10000342:	3401      	adds	r4, #1
10000344:	e7f0      	b.n	10000328 <init_display+0x24>
10000346:	bd70      	pop	{r4, r5, r6, pc}
10000348:	20000240 	.word	0x20000240
1000034c:	20000238 	.word	0x20000238

10000350 <init_gpio>:
10000350:	b570      	push	{r4, r5, r6, lr}
10000352:	b08a      	sub	sp, #40	; 0x28
10000354:	4669      	mov	r1, sp
10000356:	4820      	ldr	r0, [pc, #128]	; (100003d8 <init_gpio+0x88>)
10000358:	000b      	movs	r3, r1
1000035a:	0002      	movs	r2, r0
1000035c:	ca13      	ldmia	r2!, {r0, r1, r4}
1000035e:	c313      	stmia	r3!, {r0, r1, r4}
10000360:	ca13      	ldmia	r2!, {r0, r1, r4}
10000362:	c313      	stmia	r3!, {r0, r1, r4}
10000364:	ca13      	ldmia	r2!, {r0, r1, r4}
10000366:	c313      	stmia	r3!, {r0, r1, r4}
10000368:	6812      	ldr	r2, [r2, #0]
1000036a:	601a      	str	r2, [r3, #0]
1000036c:	2400      	movs	r4, #0
1000036e:	e010      	b.n	10000392 <init_gpio+0x42>
10000370:	00a5      	lsls	r5, r4, #2
10000372:	466b      	mov	r3, sp
10000374:	58ee      	ldr	r6, [r5, r3]
10000376:	0030      	movs	r0, r6
10000378:	f000 fa5e 	bl	10000838 <gpio_init>
1000037c:	2301      	movs	r3, #1
1000037e:	0019      	movs	r1, r3
10000380:	40b1      	lsls	r1, r6
10000382:	22d0      	movs	r2, #208	; 0xd0
10000384:	0612      	lsls	r2, r2, #24
10000386:	6251      	str	r1, [r2, #36]	; 0x24
10000388:	4669      	mov	r1, sp
1000038a:	5869      	ldr	r1, [r5, r1]
1000038c:	408b      	lsls	r3, r1
1000038e:	6193      	str	r3, [r2, #24]
10000390:	3401      	adds	r4, #1
10000392:	2c09      	cmp	r4, #9
10000394:	ddec      	ble.n	10000370 <init_gpio+0x20>
10000396:	200b      	movs	r0, #11
10000398:	f000 fa4e 	bl	10000838 <gpio_init>
1000039c:	24d0      	movs	r4, #208	; 0xd0
1000039e:	0624      	lsls	r4, r4, #24
100003a0:	2380      	movs	r3, #128	; 0x80
100003a2:	011b      	lsls	r3, r3, #4
100003a4:	62a3      	str	r3, [r4, #40]	; 0x28
100003a6:	2200      	movs	r2, #0
100003a8:	2101      	movs	r1, #1
100003aa:	200b      	movs	r0, #11
100003ac:	f000 fa2a 	bl	10000804 <gpio_set_pulls>
100003b0:	200a      	movs	r0, #10
100003b2:	f000 fa41 	bl	10000838 <gpio_init>
100003b6:	2380      	movs	r3, #128	; 0x80
100003b8:	00db      	lsls	r3, r3, #3
100003ba:	62a3      	str	r3, [r4, #40]	; 0x28
100003bc:	2200      	movs	r2, #0
100003be:	2101      	movs	r1, #1
100003c0:	200a      	movs	r0, #10
100003c2:	f000 fa1f 	bl	10000804 <gpio_set_pulls>
100003c6:	f7ff ff9d 	bl	10000304 <init_display>
100003ca:	2380      	movs	r3, #128	; 0x80
100003cc:	005b      	lsls	r3, r3, #1
100003ce:	6163      	str	r3, [r4, #20]
100003d0:	3bc0      	subs	r3, #192	; 0xc0
100003d2:	6163      	str	r3, [r4, #20]
100003d4:	b00a      	add	sp, #40	; 0x28
100003d6:	bd70      	pop	{r4, r5, r6, pc}
100003d8:	10004ce8 	.word	0x10004ce8

100003dc <set_vehicle_lights>:
100003dc:	b530      	push	{r4, r5, lr}
100003de:	2800      	cmp	r0, #0
100003e0:	d01c      	beq.n	1000041c <set_vehicle_lights+0x40>
100003e2:	2500      	movs	r5, #0
100003e4:	2401      	movs	r4, #1
100003e6:	40ac      	lsls	r4, r5
100003e8:	2900      	cmp	r1, #0
100003ea:	d019      	beq.n	10000420 <set_vehicle_lights+0x44>
100003ec:	21d0      	movs	r1, #208	; 0xd0
100003ee:	0609      	lsls	r1, r1, #24
100003f0:	614c      	str	r4, [r1, #20]
100003f2:	2800      	cmp	r0, #0
100003f4:	d018      	beq.n	10000428 <set_vehicle_lights+0x4c>
100003f6:	2401      	movs	r4, #1
100003f8:	2101      	movs	r1, #1
100003fa:	40a1      	lsls	r1, r4
100003fc:	2a00      	cmp	r2, #0
100003fe:	d015      	beq.n	1000042c <set_vehicle_lights+0x50>
10000400:	22d0      	movs	r2, #208	; 0xd0
10000402:	0612      	lsls	r2, r2, #24
10000404:	6151      	str	r1, [r2, #20]
10000406:	2800      	cmp	r0, #0
10000408:	d014      	beq.n	10000434 <set_vehicle_lights+0x58>
1000040a:	2102      	movs	r1, #2
1000040c:	2201      	movs	r2, #1
1000040e:	408a      	lsls	r2, r1
10000410:	2b00      	cmp	r3, #0
10000412:	d011      	beq.n	10000438 <set_vehicle_lights+0x5c>
10000414:	23d0      	movs	r3, #208	; 0xd0
10000416:	061b      	lsls	r3, r3, #24
10000418:	615a      	str	r2, [r3, #20]
1000041a:	bd30      	pop	{r4, r5, pc}
1000041c:	2503      	movs	r5, #3
1000041e:	e7e1      	b.n	100003e4 <set_vehicle_lights+0x8>
10000420:	21d0      	movs	r1, #208	; 0xd0
10000422:	0609      	lsls	r1, r1, #24
10000424:	618c      	str	r4, [r1, #24]
10000426:	e7e4      	b.n	100003f2 <set_vehicle_lights+0x16>
10000428:	2404      	movs	r4, #4
1000042a:	e7e5      	b.n	100003f8 <set_vehicle_lights+0x1c>
1000042c:	22d0      	movs	r2, #208	; 0xd0
1000042e:	0612      	lsls	r2, r2, #24
10000430:	6191      	str	r1, [r2, #24]
10000432:	e7e8      	b.n	10000406 <set_vehicle_lights+0x2a>
10000434:	2105      	movs	r1, #5
10000436:	e7e9      	b.n	1000040c <set_vehicle_lights+0x30>
10000438:	23d0      	movs	r3, #208	; 0xd0
1000043a:	061b      	lsls	r3, r3, #24
1000043c:	619a      	str	r2, [r3, #24]
1000043e:	e7ec      	b.n	1000041a <set_vehicle_lights+0x3e>

10000440 <set_pedestrian_lights>:
10000440:	b510      	push	{r4, lr}
10000442:	2800      	cmp	r0, #0
10000444:	d012      	beq.n	1000046c <set_pedestrian_lights+0x2c>
10000446:	2408      	movs	r4, #8
10000448:	2301      	movs	r3, #1
1000044a:	40a3      	lsls	r3, r4
1000044c:	2900      	cmp	r1, #0
1000044e:	d00f      	beq.n	10000470 <set_pedestrian_lights+0x30>
10000450:	21d0      	movs	r1, #208	; 0xd0
10000452:	0609      	lsls	r1, r1, #24
10000454:	614b      	str	r3, [r1, #20]
10000456:	2800      	cmp	r0, #0
10000458:	d00e      	beq.n	10000478 <set_pedestrian_lights+0x38>
1000045a:	2109      	movs	r1, #9
1000045c:	2301      	movs	r3, #1
1000045e:	408b      	lsls	r3, r1
10000460:	2a00      	cmp	r2, #0
10000462:	d00b      	beq.n	1000047c <set_pedestrian_lights+0x3c>
10000464:	22d0      	movs	r2, #208	; 0xd0
10000466:	0612      	lsls	r2, r2, #24
10000468:	6153      	str	r3, [r2, #20]
1000046a:	bd10      	pop	{r4, pc}
1000046c:	2406      	movs	r4, #6
1000046e:	e7eb      	b.n	10000448 <set_pedestrian_lights+0x8>
10000470:	21d0      	movs	r1, #208	; 0xd0
10000472:	0609      	lsls	r1, r1, #24
10000474:	618b      	str	r3, [r1, #24]
10000476:	e7ee      	b.n	10000456 <set_pedestrian_lights+0x16>
10000478:	2107      	movs	r1, #7
1000047a:	e7ef      	b.n	1000045c <set_pedestrian_lights+0x1c>
1000047c:	22d0      	movs	r2, #208	; 0xd0
1000047e:	0612      	lsls	r2, r2, #24
10000480:	6193      	str	r3, [r2, #24]
10000482:	e7f2      	b.n	1000046a <set_pedestrian_lights+0x2a>

10000484 <check_buttons>:
10000484:	b570      	push	{r4, r5, r6, lr}
10000486:	24d0      	movs	r4, #208	; 0xd0
10000488:	0624      	lsls	r4, r4, #24
1000048a:	6863      	ldr	r3, [r4, #4]
1000048c:	0adb      	lsrs	r3, r3, #11
1000048e:	2201      	movs	r2, #1
10000490:	4013      	ands	r3, r2
10000492:	425d      	negs	r5, r3
10000494:	415d      	adcs	r5, r3
10000496:	b2ed      	uxtb	r5, r5
10000498:	6864      	ldr	r4, [r4, #4]
1000049a:	0aa4      	lsrs	r4, r4, #10
1000049c:	4022      	ands	r2, r4
1000049e:	4254      	negs	r4, r2
100004a0:	4154      	adcs	r4, r2
100004a2:	b2e4      	uxtb	r4, r4
100004a4:	2b00      	cmp	r3, #0
100004a6:	d108      	bne.n	100004ba <check_buttons+0x36>
100004a8:	4b0c      	ldr	r3, [pc, #48]	; (100004dc <check_buttons+0x58>)
100004aa:	781b      	ldrb	r3, [r3, #0]
100004ac:	2b00      	cmp	r3, #0
100004ae:	d104      	bne.n	100004ba <check_buttons+0x36>
100004b0:	2800      	cmp	r0, #0
100004b2:	d002      	beq.n	100004ba <check_buttons+0x36>
100004b4:	4b0a      	ldr	r3, [pc, #40]	; (100004e0 <check_buttons+0x5c>)
100004b6:	2001      	movs	r0, #1
100004b8:	7018      	strb	r0, [r3, #0]
100004ba:	2a00      	cmp	r2, #0
100004bc:	d108      	bne.n	100004d0 <check_buttons+0x4c>
100004be:	4b09      	ldr	r3, [pc, #36]	; (100004e4 <check_buttons+0x60>)
100004c0:	781b      	ldrb	r3, [r3, #0]
100004c2:	2b00      	cmp	r3, #0
100004c4:	d104      	bne.n	100004d0 <check_buttons+0x4c>
100004c6:	2900      	cmp	r1, #0
100004c8:	d002      	beq.n	100004d0 <check_buttons+0x4c>
100004ca:	4b07      	ldr	r3, [pc, #28]	; (100004e8 <check_buttons+0x64>)
100004cc:	3201      	adds	r2, #1
100004ce:	701a      	strb	r2, [r3, #0]
100004d0:	4b02      	ldr	r3, [pc, #8]	; (100004dc <check_buttons+0x58>)
100004d2:	701d      	strb	r5, [r3, #0]
100004d4:	4b03      	ldr	r3, [pc, #12]	; (100004e4 <check_buttons+0x60>)
100004d6:	701c      	strb	r4, [r3, #0]
100004d8:	bd70      	pop	{r4, r5, r6, pc}
100004da:	46c0      	nop			; (mov r8, r8)
100004dc:	20000716 	.word	0x20000716
100004e0:	20000718 	.word	0x20000718
100004e4:	20000717 	.word	0x20000717
100004e8:	20000719 	.word	0x20000719

100004ec <core1_main>:
100004ec:	b510      	push	{r4, lr}
100004ee:	2101      	movs	r1, #1
100004f0:	2001      	movs	r0, #1
100004f2:	f7ff ffc7 	bl	10000484 <check_buttons>
100004f6:	2032      	movs	r0, #50	; 0x32
100004f8:	f001 f980 	bl	100017fc <sleep_ms>
100004fc:	e7f7      	b.n	100004ee <core1_main+0x2>
	...

10000500 <display_number>:
10000500:	b5f8      	push	{r3, r4, r5, r6, r7, lr}
10000502:	46de      	mov	lr, fp
10000504:	4657      	mov	r7, sl
10000506:	464e      	mov	r6, r9
10000508:	4645      	mov	r5, r8
1000050a:	b5e0      	push	{r5, r6, r7, lr}
1000050c:	0004      	movs	r4, r0
1000050e:	210a      	movs	r1, #10
10000510:	f003 f978 	bl	10003804 <__wrap___aeabi_idiv>
10000514:	0005      	movs	r5, r0
10000516:	210a      	movs	r1, #10
10000518:	0020      	movs	r0, r4
1000051a:	f003 f973 	bl	10003804 <__wrap___aeabi_idiv>
1000051e:	000c      	movs	r4, r1
10000520:	2300      	movs	r3, #0
10000522:	469b      	mov	fp, r3
10000524:	e05d      	b.n	100005e2 <display_number+0xe2>
10000526:	22d0      	movs	r2, #208	; 0xd0
10000528:	0612      	lsls	r2, r2, #24
1000052a:	6197      	str	r7, [r2, #24]
1000052c:	3301      	adds	r3, #1
1000052e:	2b07      	cmp	r3, #7
10000530:	dc0e      	bgt.n	10000550 <display_number+0x50>
10000532:	009a      	lsls	r2, r3, #2
10000534:	4930      	ldr	r1, [pc, #192]	; (100005f8 <display_number+0xf8>)
10000536:	5850      	ldr	r0, [r2, r1]
10000538:	4a30      	ldr	r2, [pc, #192]	; (100005fc <display_number+0xfc>)
1000053a:	5d52      	ldrb	r2, [r2, r5]
1000053c:	411a      	asrs	r2, r3
1000053e:	2101      	movs	r1, #1
10000540:	000f      	movs	r7, r1
10000542:	4087      	lsls	r7, r0
10000544:	4211      	tst	r1, r2
10000546:	d0ee      	beq.n	10000526 <display_number+0x26>
10000548:	22d0      	movs	r2, #208	; 0xd0
1000054a:	0612      	lsls	r2, r2, #24
1000054c:	6157      	str	r7, [r2, #20]
1000054e:	e7ed      	b.n	1000052c <display_number+0x2c>
10000550:	4b2b      	ldr	r3, [pc, #172]	; (10000600 <display_number+0x100>)
10000552:	4699      	mov	r9, r3
10000554:	2701      	movs	r7, #1
10000556:	001a      	movs	r2, r3
10000558:	003b      	movs	r3, r7
1000055a:	6812      	ldr	r2, [r2, #0]
1000055c:	4093      	lsls	r3, r2
1000055e:	22d0      	movs	r2, #208	; 0xd0
10000560:	0612      	lsls	r2, r2, #24
10000562:	4690      	mov	r8, r2
10000564:	6193      	str	r3, [r2, #24]
10000566:	464a      	mov	r2, r9
10000568:	003b      	movs	r3, r7
1000056a:	6852      	ldr	r2, [r2, #4]
1000056c:	4093      	lsls	r3, r2
1000056e:	4642      	mov	r2, r8
10000570:	6153      	str	r3, [r2, #20]
10000572:	2005      	movs	r0, #5
10000574:	f001 f942 	bl	100017fc <sleep_ms>
10000578:	464b      	mov	r3, r9
1000057a:	681b      	ldr	r3, [r3, #0]
1000057c:	409f      	lsls	r7, r3
1000057e:	4643      	mov	r3, r8
10000580:	615f      	str	r7, [r3, #20]
10000582:	2300      	movs	r3, #0
10000584:	e003      	b.n	1000058e <display_number+0x8e>
10000586:	22d0      	movs	r2, #208	; 0xd0
10000588:	0612      	lsls	r2, r2, #24
1000058a:	6196      	str	r6, [r2, #24]
1000058c:	3301      	adds	r3, #1
1000058e:	2b07      	cmp	r3, #7
10000590:	dc0e      	bgt.n	100005b0 <display_number+0xb0>
10000592:	009a      	lsls	r2, r3, #2
10000594:	4918      	ldr	r1, [pc, #96]	; (100005f8 <display_number+0xf8>)
10000596:	5850      	ldr	r0, [r2, r1]
10000598:	4a18      	ldr	r2, [pc, #96]	; (100005fc <display_number+0xfc>)
1000059a:	5d12      	ldrb	r2, [r2, r4]
1000059c:	411a      	asrs	r2, r3
1000059e:	2101      	movs	r1, #1
100005a0:	000e      	movs	r6, r1
100005a2:	4086      	lsls	r6, r0
100005a4:	4211      	tst	r1, r2
100005a6:	d0ee      	beq.n	10000586 <display_number+0x86>
100005a8:	22d0      	movs	r2, #208	; 0xd0
100005aa:	0612      	lsls	r2, r2, #24
100005ac:	6156      	str	r6, [r2, #20]
100005ae:	e7ed      	b.n	1000058c <display_number+0x8c>
100005b0:	4b13      	ldr	r3, [pc, #76]	; (10000600 <display_number+0x100>)
100005b2:	469a      	mov	sl, r3
100005b4:	2301      	movs	r3, #1
100005b6:	4698      	mov	r8, r3
100005b8:	4652      	mov	r2, sl
100005ba:	6852      	ldr	r2, [r2, #4]
100005bc:	4093      	lsls	r3, r2
100005be:	22d0      	movs	r2, #208	; 0xd0
100005c0:	0612      	lsls	r2, r2, #24
100005c2:	4691      	mov	r9, r2
100005c4:	6193      	str	r3, [r2, #24]
100005c6:	6157      	str	r7, [r2, #20]
100005c8:	2005      	movs	r0, #5
100005ca:	f001 f917 	bl	100017fc <sleep_ms>
100005ce:	4653      	mov	r3, sl
100005d0:	685b      	ldr	r3, [r3, #4]
100005d2:	4642      	mov	r2, r8
100005d4:	409a      	lsls	r2, r3
100005d6:	0013      	movs	r3, r2
100005d8:	464a      	mov	r2, r9
100005da:	6153      	str	r3, [r2, #20]
100005dc:	2301      	movs	r3, #1
100005de:	469c      	mov	ip, r3
100005e0:	44e3      	add	fp, ip
100005e2:	465b      	mov	r3, fp
100005e4:	2b13      	cmp	r3, #19
100005e6:	dc01      	bgt.n	100005ec <display_number+0xec>
100005e8:	2300      	movs	r3, #0
100005ea:	e7a0      	b.n	1000052e <display_number+0x2e>
100005ec:	bcf0      	pop	{r4, r5, r6, r7}
100005ee:	46bb      	mov	fp, r7
100005f0:	46b2      	mov	sl, r6
100005f2:	46a9      	mov	r9, r5
100005f4:	46a0      	mov	r8, r4
100005f6:	bdf8      	pop	{r3, r4, r5, r6, r7, pc}
100005f8:	20000240 	.word	0x20000240
100005fc:	10004d10 	.word	0x10004d10
10000600:	20000238 	.word	0x20000238

10000604 <clear_display>:
10000604:	2300      	movs	r3, #0
10000606:	e008      	b.n	1000061a <clear_display+0x16>
10000608:	0099      	lsls	r1, r3, #2
1000060a:	4a0b      	ldr	r2, [pc, #44]	; (10000638 <clear_display+0x34>)
1000060c:	5889      	ldr	r1, [r1, r2]
1000060e:	2201      	movs	r2, #1
10000610:	408a      	lsls	r2, r1
10000612:	21d0      	movs	r1, #208	; 0xd0
10000614:	0609      	lsls	r1, r1, #24
10000616:	618a      	str	r2, [r1, #24]
10000618:	3301      	adds	r3, #1
1000061a:	2b07      	cmp	r3, #7
1000061c:	ddf4      	ble.n	10000608 <clear_display+0x4>
1000061e:	4907      	ldr	r1, [pc, #28]	; (1000063c <clear_display+0x38>)
10000620:	2301      	movs	r3, #1
10000622:	0018      	movs	r0, r3
10000624:	680a      	ldr	r2, [r1, #0]
10000626:	4090      	lsls	r0, r2
10000628:	22d0      	movs	r2, #208	; 0xd0
1000062a:	0612      	lsls	r2, r2, #24
1000062c:	6150      	str	r0, [r2, #20]
1000062e:	6849      	ldr	r1, [r1, #4]
10000630:	408b      	lsls	r3, r1
10000632:	6153      	str	r3, [r2, #20]
10000634:	4770      	bx	lr
10000636:	46c0      	nop			; (mov r8, r8)
10000638:	20000240 	.word	0x20000240
1000063c:	20000238 	.word	0x20000238

10000640 <handle_pedestrian_display>:
10000640:	b5f0      	push	{r4, r5, r6, r7, lr}
10000642:	46c6      	mov	lr, r8
10000644:	b500      	push	{lr}
10000646:	4680      	mov	r8, r0
10000648:	2800      	cmp	r0, #0
1000064a:	d00c      	beq.n	10000666 <handle_pedestrian_display+0x26>
1000064c:	2308      	movs	r3, #8
1000064e:	2501      	movs	r5, #1
10000650:	409d      	lsls	r5, r3
10000652:	23d0      	movs	r3, #208	; 0xd0
10000654:	061b      	lsls	r3, r3, #24
10000656:	619d      	str	r5, [r3, #24]
10000658:	2201      	movs	r2, #1
1000065a:	2100      	movs	r1, #0
1000065c:	4640      	mov	r0, r8
1000065e:	f7ff feef 	bl	10000440 <set_pedestrian_lights>
10000662:	240a      	movs	r4, #10
10000664:	e00c      	b.n	10000680 <handle_pedestrian_display+0x40>
10000666:	2306      	movs	r3, #6
10000668:	e7f1      	b.n	1000064e <handle_pedestrian_display+0xe>
1000066a:	23d0      	movs	r3, #208	; 0xd0
1000066c:	061b      	lsls	r3, r3, #24
1000066e:	619d      	str	r5, [r3, #24]
10000670:	0020      	movs	r0, r4
10000672:	f7ff ff45 	bl	10000500 <display_number>
10000676:	20fa      	movs	r0, #250	; 0xfa
10000678:	0080      	lsls	r0, r0, #2
1000067a:	f001 f8bf 	bl	100017fc <sleep_ms>
1000067e:	3c01      	subs	r4, #1
10000680:	2c00      	cmp	r4, #0
10000682:	db05      	blt.n	10000690 <handle_pedestrian_display+0x50>
10000684:	07e3      	lsls	r3, r4, #31
10000686:	d5f0      	bpl.n	1000066a <handle_pedestrian_display+0x2a>
10000688:	23d0      	movs	r3, #208	; 0xd0
1000068a:	061b      	lsls	r3, r3, #24
1000068c:	615d      	str	r5, [r3, #20]
1000068e:	e7ef      	b.n	10000670 <handle_pedestrian_display+0x30>
10000690:	2400      	movs	r4, #0
10000692:	e011      	b.n	100006b8 <handle_pedestrian_display+0x78>
10000694:	27d0      	movs	r7, #208	; 0xd0
10000696:	063f      	lsls	r7, r7, #24
10000698:	61bd      	str	r5, [r7, #24]
1000069a:	f7ff ffb3 	bl	10000604 <clear_display>
1000069e:	2696      	movs	r6, #150	; 0x96
100006a0:	0076      	lsls	r6, r6, #1
100006a2:	0030      	movs	r0, r6
100006a4:	f001 f8aa 	bl	100017fc <sleep_ms>
100006a8:	617d      	str	r5, [r7, #20]
100006aa:	2000      	movs	r0, #0
100006ac:	f7ff ff28 	bl	10000500 <display_number>
100006b0:	0030      	movs	r0, r6
100006b2:	f001 f8a3 	bl	100017fc <sleep_ms>
100006b6:	3401      	adds	r4, #1
100006b8:	2c02      	cmp	r4, #2
100006ba:	ddeb      	ble.n	10000694 <handle_pedestrian_display+0x54>
100006bc:	f7ff ffa2 	bl	10000604 <clear_display>
100006c0:	2200      	movs	r2, #0
100006c2:	2101      	movs	r1, #1
100006c4:	4640      	mov	r0, r8
100006c6:	f7ff febb 	bl	10000440 <set_pedestrian_lights>
100006ca:	bc80      	pop	{r7}
100006cc:	46b8      	mov	r8, r7
100006ce:	bdf0      	pop	{r4, r5, r6, r7, pc}

100006d0 <phase>:
100006d0:	b510      	push	{r4, lr}
100006d2:	2800      	cmp	r0, #0
100006d4:	d033      	beq.n	1000073e <phase+0x6e>
100006d6:	2300      	movs	r3, #0
100006d8:	2200      	movs	r2, #0
100006da:	2101      	movs	r1, #1
100006dc:	2000      	movs	r0, #0
100006de:	f7ff fe7d 	bl	100003dc <set_vehicle_lights>
100006e2:	2301      	movs	r3, #1
100006e4:	2200      	movs	r2, #0
100006e6:	2100      	movs	r1, #0
100006e8:	2001      	movs	r0, #1
100006ea:	f7ff fe77 	bl	100003dc <set_vehicle_lights>
100006ee:	4b2e      	ldr	r3, [pc, #184]	; (100007a8 <phase+0xd8>)
100006f0:	781b      	ldrb	r3, [r3, #0]
100006f2:	2b00      	cmp	r3, #0
100006f4:	d101      	bne.n	100006fa <phase+0x2a>
100006f6:	2400      	movs	r4, #0
100006f8:	e00e      	b.n	10000718 <phase+0x48>
100006fa:	4b2b      	ldr	r3, [pc, #172]	; (100007a8 <phase+0xd8>)
100006fc:	2200      	movs	r2, #0
100006fe:	701a      	strb	r2, [r3, #0]
10000700:	2000      	movs	r0, #0
10000702:	f7ff ff9d 	bl	10000640 <handle_pedestrian_display>
10000706:	e7f6      	b.n	100006f6 <phase+0x26>
10000708:	2101      	movs	r1, #1
1000070a:	2000      	movs	r0, #0
1000070c:	f7ff feba 	bl	10000484 <check_buttons>
10000710:	2064      	movs	r0, #100	; 0x64
10000712:	f001 f873 	bl	100017fc <sleep_ms>
10000716:	3401      	adds	r4, #1
10000718:	2c63      	cmp	r4, #99	; 0x63
1000071a:	ddf5      	ble.n	10000708 <phase+0x38>
1000071c:	2300      	movs	r3, #0
1000071e:	2201      	movs	r2, #1
10000720:	2100      	movs	r1, #0
10000722:	2001      	movs	r0, #1
10000724:	f7ff fe5a 	bl	100003dc <set_vehicle_lights>
10000728:	20fa      	movs	r0, #250	; 0xfa
1000072a:	00c0      	lsls	r0, r0, #3
1000072c:	f001 f866 	bl	100017fc <sleep_ms>
10000730:	2300      	movs	r3, #0
10000732:	2200      	movs	r2, #0
10000734:	2101      	movs	r1, #1
10000736:	2001      	movs	r0, #1
10000738:	f7ff fe50 	bl	100003dc <set_vehicle_lights>
1000073c:	bd10      	pop	{r4, pc}
1000073e:	2300      	movs	r3, #0
10000740:	2200      	movs	r2, #0
10000742:	2101      	movs	r1, #1
10000744:	2001      	movs	r0, #1
10000746:	f7ff fe49 	bl	100003dc <set_vehicle_lights>
1000074a:	2301      	movs	r3, #1
1000074c:	2200      	movs	r2, #0
1000074e:	2100      	movs	r1, #0
10000750:	2000      	movs	r0, #0
10000752:	f7ff fe43 	bl	100003dc <set_vehicle_lights>
10000756:	4b15      	ldr	r3, [pc, #84]	; (100007ac <phase+0xdc>)
10000758:	781b      	ldrb	r3, [r3, #0]
1000075a:	2b00      	cmp	r3, #0
1000075c:	d101      	bne.n	10000762 <phase+0x92>
1000075e:	2400      	movs	r4, #0
10000760:	e00e      	b.n	10000780 <phase+0xb0>
10000762:	4b12      	ldr	r3, [pc, #72]	; (100007ac <phase+0xdc>)
10000764:	2200      	movs	r2, #0
10000766:	701a      	strb	r2, [r3, #0]
10000768:	2001      	movs	r0, #1
1000076a:	f7ff ff69 	bl	10000640 <handle_pedestrian_display>
1000076e:	e7f6      	b.n	1000075e <phase+0x8e>
10000770:	2100      	movs	r1, #0
10000772:	2001      	movs	r0, #1
10000774:	f7ff fe86 	bl	10000484 <check_buttons>
10000778:	2064      	movs	r0, #100	; 0x64
1000077a:	f001 f83f 	bl	100017fc <sleep_ms>
1000077e:	3401      	adds	r4, #1
10000780:	2c63      	cmp	r4, #99	; 0x63
10000782:	ddf5      	ble.n	10000770 <phase+0xa0>
10000784:	2300      	movs	r3, #0
10000786:	2201      	movs	r2, #1
10000788:	2100      	movs	r1, #0
1000078a:	2000      	movs	r0, #0
1000078c:	f7ff fe26 	bl	100003dc <set_vehicle_lights>
10000790:	20fa      	movs	r0, #250	; 0xfa
10000792:	00c0      	lsls	r0, r0, #3
10000794:	f001 f832 	bl	100017fc <sleep_ms>
10000798:	2300      	movs	r3, #0
1000079a:	2200      	movs	r2, #0
1000079c:	2101      	movs	r1, #1
1000079e:	2000      	movs	r0, #0
100007a0:	f7ff fe1c 	bl	100003dc <set_vehicle_lights>
100007a4:	e7ca      	b.n	1000073c <phase+0x6c>
100007a6:	46c0      	nop			; (mov r8, r8)
100007a8:	20000719 	.word	0x20000719
100007ac:	20000718 	.word	0x20000718

100007b0 <main>:
100007b0:	b510      	push	{r4, lr}
100007b2:	f004 f8a9 	bl	10004908 <stdio_init_all>
100007b6:	f7ff fdcb 	bl	10000350 <init_gpio>
100007ba:	4805      	ldr	r0, [pc, #20]	; (100007d0 <main+0x20>)
100007bc:	f004 fa30 	bl	10004c20 <multicore_launch_core1>
100007c0:	2401      	movs	r4, #1
100007c2:	0020      	movs	r0, r4
100007c4:	f7ff ff84 	bl	100006d0 <phase>
100007c8:	2301      	movs	r3, #1
100007ca:	405c      	eors	r4, r3
100007cc:	b2e4      	uxtb	r4, r4
100007ce:	e7f8      	b.n	100007c2 <main+0x12>
100007d0:	100004ed 	.word	0x100004ed

100007d4 <gpio_set_function>:
100007d4:	b510      	push	{r4, lr}
100007d6:	0083      	lsls	r3, r0, #2
100007d8:	4a08      	ldr	r2, [pc, #32]	; (100007fc <gpio_set_function+0x28>)
100007da:	4694      	mov	ip, r2
100007dc:	4463      	add	r3, ip
100007de:	681c      	ldr	r4, [r3, #0]
100007e0:	2240      	movs	r2, #64	; 0x40
100007e2:	4062      	eors	r2, r4
100007e4:	24c0      	movs	r4, #192	; 0xc0
100007e6:	4014      	ands	r4, r2
100007e8:	2280      	movs	r2, #128	; 0x80
100007ea:	0152      	lsls	r2, r2, #5
100007ec:	4313      	orrs	r3, r2
100007ee:	601c      	str	r4, [r3, #0]
100007f0:	00c0      	lsls	r0, r0, #3
100007f2:	4b03      	ldr	r3, [pc, #12]	; (10000800 <gpio_set_function+0x2c>)
100007f4:	469c      	mov	ip, r3
100007f6:	4460      	add	r0, ip
100007f8:	6041      	str	r1, [r0, #4]
100007fa:	bd10      	pop	{r4, pc}
100007fc:	4001c004 	.word	0x4001c004
10000800:	40014000 	.word	0x40014000

10000804 <gpio_set_pulls>:
10000804:	0080      	lsls	r0, r0, #2
10000806:	4b0b      	ldr	r3, [pc, #44]	; (10000834 <gpio_set_pulls+0x30>)
10000808:	469c      	mov	ip, r3
1000080a:	4460      	add	r0, ip
1000080c:	2900      	cmp	r1, #0
1000080e:	d00d      	beq.n	1000082c <gpio_set_pulls+0x28>
10000810:	2308      	movs	r3, #8
10000812:	2a00      	cmp	r2, #0
10000814:	d00c      	beq.n	10000830 <gpio_set_pulls+0x2c>
10000816:	2204      	movs	r2, #4
10000818:	4313      	orrs	r3, r2
1000081a:	6802      	ldr	r2, [r0, #0]
1000081c:	4053      	eors	r3, r2
1000081e:	220c      	movs	r2, #12
10000820:	4013      	ands	r3, r2
10000822:	2280      	movs	r2, #128	; 0x80
10000824:	0152      	lsls	r2, r2, #5
10000826:	4310      	orrs	r0, r2
10000828:	6003      	str	r3, [r0, #0]
1000082a:	4770      	bx	lr
1000082c:	2300      	movs	r3, #0
1000082e:	e7f0      	b.n	10000812 <gpio_set_pulls+0xe>
10000830:	2200      	movs	r2, #0
10000832:	e7f1      	b.n	10000818 <gpio_set_pulls+0x14>
10000834:	4001c004 	.word	0x4001c004

10000838 <gpio_init>:
10000838:	b510      	push	{r4, lr}
1000083a:	2301      	movs	r3, #1
1000083c:	4083      	lsls	r3, r0
1000083e:	22d0      	movs	r2, #208	; 0xd0
10000840:	0612      	lsls	r2, r2, #24
10000842:	6293      	str	r3, [r2, #40]	; 0x28
10000844:	6193      	str	r3, [r2, #24]
10000846:	2105      	movs	r1, #5
10000848:	f7ff ffc4 	bl	100007d4 <gpio_set_function>
1000084c:	bd10      	pop	{r4, pc}
	...

10000850 <running_on_fpga>:
10000850:	4b03      	ldr	r3, [pc, #12]	; (10000860 <running_on_fpga+0x10>)
10000852:	681b      	ldr	r3, [r3, #0]
10000854:	2002      	movs	r0, #2
10000856:	4018      	ands	r0, r3
10000858:	1e43      	subs	r3, r0, #1
1000085a:	4198      	sbcs	r0, r3
1000085c:	b2c0      	uxtb	r0, r0
1000085e:	4770      	bx	lr
10000860:	4006c000 	.word	0x4006c000

10000864 <hw_claim_lock>:
10000864:	f3ef 8010 	mrs	r0, PRIMASK
10000868:	b672      	cpsid	i
1000086a:	4b03      	ldr	r3, [pc, #12]	; (10000878 <hw_claim_lock+0x14>)
1000086c:	681b      	ldr	r3, [r3, #0]
1000086e:	2b00      	cmp	r3, #0
10000870:	d0fb      	beq.n	1000086a <hw_claim_lock+0x6>
10000872:	f3bf 8f5f 	dmb	sy
10000876:	4770      	bx	lr
10000878:	d000012c 	.word	0xd000012c

1000087c <hw_claim_unlock>:
1000087c:	f3bf 8f5f 	dmb	sy
10000880:	4b02      	ldr	r3, [pc, #8]	; (1000088c <hw_claim_unlock+0x10>)
10000882:	2200      	movs	r2, #0
10000884:	601a      	str	r2, [r3, #0]
10000886:	f380 8810 	msr	PRIMASK, r0
1000088a:	4770      	bx	lr
1000088c:	d000012c 	.word	0xd000012c

10000890 <hw_claim_or_assert>:
10000890:	b5f8      	push	{r3, r4, r5, r6, r7, lr}
10000892:	0006      	movs	r6, r0
10000894:	000c      	movs	r4, r1
10000896:	0015      	movs	r5, r2
10000898:	f7ff ffe4 	bl	10000864 <hw_claim_lock>
1000089c:	08e3      	lsrs	r3, r4, #3
1000089e:	18f7      	adds	r7, r6, r3
100008a0:	5cf1      	ldrb	r1, [r6, r3]
100008a2:	2207      	movs	r2, #7
100008a4:	4022      	ands	r2, r4
100008a6:	2301      	movs	r3, #1
100008a8:	4093      	lsls	r3, r2
100008aa:	420b      	tst	r3, r1
100008ac:	d105      	bne.n	100008ba <hw_claim_or_assert+0x2a>
100008ae:	b2db      	uxtb	r3, r3
100008b0:	430b      	orrs	r3, r1
100008b2:	703b      	strb	r3, [r7, #0]
100008b4:	f7ff ffe2 	bl	1000087c <hw_claim_unlock>
100008b8:	bdf8      	pop	{r3, r4, r5, r6, r7, pc}
100008ba:	0021      	movs	r1, r4
100008bc:	0028      	movs	r0, r5
100008be:	f001 feb5 	bl	1000262c <panic>
	...

100008c4 <spin_locks_reset>:
100008c4:	2300      	movs	r3, #0
100008c6:	e007      	b.n	100008d8 <spin_locks_reset+0x14>
100008c8:	4a05      	ldr	r2, [pc, #20]	; (100008e0 <spin_locks_reset+0x1c>)
100008ca:	189a      	adds	r2, r3, r2
100008cc:	0092      	lsls	r2, r2, #2
100008ce:	f3bf 8f5f 	dmb	sy
100008d2:	2100      	movs	r1, #0
100008d4:	6011      	str	r1, [r2, #0]
100008d6:	3301      	adds	r3, #1
100008d8:	2b1f      	cmp	r3, #31
100008da:	d9f5      	bls.n	100008c8 <spin_locks_reset+0x4>
100008dc:	4770      	bx	lr
100008de:	46c0      	nop			; (mov r8, r8)
100008e0:	34000040 	.word	0x34000040

100008e4 <next_striped_spin_lock_num>:
100008e4:	4a05      	ldr	r2, [pc, #20]	; (100008fc <next_striped_spin_lock_num+0x18>)
100008e6:	7810      	ldrb	r0, [r2, #0]
100008e8:	1c43      	adds	r3, r0, #1
100008ea:	b2db      	uxtb	r3, r3
100008ec:	7013      	strb	r3, [r2, #0]
100008ee:	2b17      	cmp	r3, #23
100008f0:	d902      	bls.n	100008f8 <next_striped_spin_lock_num+0x14>
100008f2:	0013      	movs	r3, r2
100008f4:	2210      	movs	r2, #16
100008f6:	701a      	strb	r2, [r3, #0]
100008f8:	4770      	bx	lr
100008fa:	46c0      	nop			; (mov r8, r8)
100008fc:	20000260 	.word	0x20000260

10000900 <set_raw_irq_handler_and_unlock>:
10000900:	4b07      	ldr	r3, [pc, #28]	; (10000920 <set_raw_irq_handler_and_unlock+0x20>)
10000902:	689b      	ldr	r3, [r3, #8]
10000904:	3010      	adds	r0, #16
10000906:	0080      	lsls	r0, r0, #2
10000908:	5019      	str	r1, [r3, r0]
1000090a:	f3bf 8f5f 	dmb	sy
1000090e:	f3bf 8f5f 	dmb	sy
10000912:	4b04      	ldr	r3, [pc, #16]	; (10000924 <set_raw_irq_handler_and_unlock+0x24>)
10000914:	2100      	movs	r1, #0
10000916:	6019      	str	r1, [r3, #0]
10000918:	f382 8810 	msr	PRIMASK, r2
1000091c:	4770      	bx	lr
1000091e:	46c0      	nop			; (mov r8, r8)
10000920:	e000ed00 	.word	0xe000ed00
10000924:	d0000124 	.word	0xd0000124

10000928 <make_branch>:
10000928:	b510      	push	{r4, lr}
1000092a:	1a09      	subs	r1, r1, r0
1000092c:	1f08      	subs	r0, r1, #4
1000092e:	4b0a      	ldr	r3, [pc, #40]	; (10000958 <make_branch+0x30>)
10000930:	469c      	mov	ip, r3
10000932:	4461      	add	r1, ip
10000934:	4a09      	ldr	r2, [pc, #36]	; (1000095c <make_branch+0x34>)
10000936:	4291      	cmp	r1, r2
10000938:	d808      	bhi.n	1000094c <make_branch+0x24>
1000093a:	07c3      	lsls	r3, r0, #31
1000093c:	d406      	bmi.n	1000094c <make_branch+0x24>
1000093e:	1040      	asrs	r0, r0, #1
10000940:	0540      	lsls	r0, r0, #21
10000942:	0d40      	lsrs	r0, r0, #21
10000944:	4b06      	ldr	r3, [pc, #24]	; (10000960 <make_branch+0x38>)
10000946:	4318      	orrs	r0, r3
10000948:	b280      	uxth	r0, r0
1000094a:	bd10      	pop	{r4, pc}
1000094c:	4b05      	ldr	r3, [pc, #20]	; (10000964 <make_branch+0x3c>)
1000094e:	4a06      	ldr	r2, [pc, #24]	; (10000968 <make_branch+0x40>)
10000950:	21a3      	movs	r1, #163	; 0xa3
10000952:	4806      	ldr	r0, [pc, #24]	; (1000096c <make_branch+0x44>)
10000954:	f001 fdd0 	bl	100024f8 <__assert_func>
10000958:	000007fc 	.word	0x000007fc
1000095c:	00000ffe 	.word	0x00000ffe
10000960:	ffffe000 	.word	0xffffe000
10000964:	10004d1c 	.word	0x10004d1c
10000968:	10004f8c 	.word	0x10004f8c
1000096c:	10004d4c 	.word	0x10004d4c

10000970 <insert_branch_and_link>:
10000970:	b510      	push	{r4, lr}
10000972:	1a09      	subs	r1, r1, r0
10000974:	3904      	subs	r1, #4
10000976:	084c      	lsrs	r4, r1, #1
10000978:	0b09      	lsrs	r1, r1, #12
1000097a:	d108      	bne.n	1000098e <insert_branch_and_link+0x1e>
1000097c:	0549      	lsls	r1, r1, #21
1000097e:	0d49      	lsrs	r1, r1, #21
10000980:	4a06      	ldr	r2, [pc, #24]	; (1000099c <insert_branch_and_link+0x2c>)
10000982:	4311      	orrs	r1, r2
10000984:	8001      	strh	r1, [r0, #0]
10000986:	4b06      	ldr	r3, [pc, #24]	; (100009a0 <insert_branch_and_link+0x30>)
10000988:	4323      	orrs	r3, r4
1000098a:	8043      	strh	r3, [r0, #2]
1000098c:	bd10      	pop	{r4, pc}
1000098e:	4b05      	ldr	r3, [pc, #20]	; (100009a4 <insert_branch_and_link+0x34>)
10000990:	4a05      	ldr	r2, [pc, #20]	; (100009a8 <insert_branch_and_link+0x38>)
10000992:	21ab      	movs	r1, #171	; 0xab
10000994:	4805      	ldr	r0, [pc, #20]	; (100009ac <insert_branch_and_link+0x3c>)
10000996:	f001 fdaf 	bl	100024f8 <__assert_func>
1000099a:	46c0      	nop			; (mov r8, r8)
1000099c:	fffff000 	.word	0xfffff000
100009a0:	fffff800 	.word	0xfffff800
100009a4:	10004da8 	.word	0x10004da8
100009a8:	10004f60 	.word	0x10004f60
100009ac:	10004d4c 	.word	0x10004d4c

100009b0 <irq_is_enabled>:
100009b0:	2301      	movs	r3, #1
100009b2:	4083      	lsls	r3, r0
100009b4:	4a03      	ldr	r2, [pc, #12]	; (100009c4 <irq_is_enabled+0x14>)
100009b6:	6810      	ldr	r0, [r2, #0]
100009b8:	4018      	ands	r0, r3
100009ba:	1e43      	subs	r3, r0, #1
100009bc:	4198      	sbcs	r0, r3
100009be:	b2c0      	uxtb	r0, r0
100009c0:	4770      	bx	lr
100009c2:	46c0      	nop			; (mov r8, r8)
100009c4:	e000e100 	.word	0xe000e100

100009c8 <irq_set_mask_enabled>:
100009c8:	2900      	cmp	r1, #0
100009ca:	d004      	beq.n	100009d6 <irq_set_mask_enabled+0xe>
100009cc:	4b03      	ldr	r3, [pc, #12]	; (100009dc <irq_set_mask_enabled+0x14>)
100009ce:	6018      	str	r0, [r3, #0]
100009d0:	4b03      	ldr	r3, [pc, #12]	; (100009e0 <irq_set_mask_enabled+0x18>)
100009d2:	6018      	str	r0, [r3, #0]
100009d4:	4770      	bx	lr
100009d6:	4b03      	ldr	r3, [pc, #12]	; (100009e4 <irq_set_mask_enabled+0x1c>)
100009d8:	6018      	str	r0, [r3, #0]
100009da:	e7fb      	b.n	100009d4 <irq_set_mask_enabled+0xc>
100009dc:	e000e280 	.word	0xe000e280
100009e0:	e000e100 	.word	0xe000e100
100009e4:	e000e180 	.word	0xe000e180

100009e8 <irq_set_enabled>:
100009e8:	b510      	push	{r4, lr}
100009ea:	2301      	movs	r3, #1
100009ec:	4083      	lsls	r3, r0
100009ee:	0018      	movs	r0, r3
100009f0:	f7ff ffea 	bl	100009c8 <irq_set_mask_enabled>
100009f4:	bd10      	pop	{r4, pc}
	...

100009f8 <irq_get_vtable_handler>:
100009f8:	4b02      	ldr	r3, [pc, #8]	; (10000a04 <irq_get_vtable_handler+0xc>)
100009fa:	689b      	ldr	r3, [r3, #8]
100009fc:	3010      	adds	r0, #16
100009fe:	0080      	lsls	r0, r0, #2
10000a00:	58c0      	ldr	r0, [r0, r3]
10000a02:	4770      	bx	lr
10000a04:	e000ed00 	.word	0xe000ed00

10000a08 <irq_set_exclusive_handler>:
10000a08:	b570      	push	{r4, r5, r6, lr}
10000a0a:	0004      	movs	r4, r0
10000a0c:	000d      	movs	r5, r1
10000a0e:	f3ef 8610 	mrs	r6, PRIMASK
10000a12:	b672      	cpsid	i
10000a14:	4b0c      	ldr	r3, [pc, #48]	; (10000a48 <irq_set_exclusive_handler+0x40>)
10000a16:	681b      	ldr	r3, [r3, #0]
10000a18:	2b00      	cmp	r3, #0
10000a1a:	d0fb      	beq.n	10000a14 <irq_set_exclusive_handler+0xc>
10000a1c:	f3bf 8f5f 	dmb	sy
10000a20:	0020      	movs	r0, r4
10000a22:	f7ff ffe9 	bl	100009f8 <irq_get_vtable_handler>
10000a26:	4b09      	ldr	r3, [pc, #36]	; (10000a4c <irq_set_exclusive_handler+0x44>)
10000a28:	4298      	cmp	r0, r3
10000a2a:	d001      	beq.n	10000a30 <irq_set_exclusive_handler+0x28>
10000a2c:	42a8      	cmp	r0, r5
10000a2e:	d105      	bne.n	10000a3c <irq_set_exclusive_handler+0x34>
10000a30:	0032      	movs	r2, r6
10000a32:	0029      	movs	r1, r5
10000a34:	0020      	movs	r0, r4
10000a36:	f7ff ff63 	bl	10000900 <set_raw_irq_handler_and_unlock>
10000a3a:	bd70      	pop	{r4, r5, r6, pc}
10000a3c:	4b04      	ldr	r3, [pc, #16]	; (10000a50 <irq_set_exclusive_handler+0x48>)
10000a3e:	4a05      	ldr	r2, [pc, #20]	; (10000a54 <irq_set_exclusive_handler+0x4c>)
10000a40:	2186      	movs	r1, #134	; 0x86
10000a42:	4805      	ldr	r0, [pc, #20]	; (10000a58 <irq_set_exclusive_handler+0x50>)
10000a44:	f001 fd58 	bl	100024f8 <__assert_func>
10000a48:	d0000124 	.word	0xd0000124
10000a4c:	100001cd 	.word	0x100001cd
10000a50:	10004db8 	.word	0x10004db8
10000a54:	10004fa8 	.word	0x10004fa8
10000a58:	10004d4c 	.word	0x10004d4c

10000a5c <irq_remove_handler>:
10000a5c:	b5f0      	push	{r4, r5, r6, r7, lr}
10000a5e:	46ce      	mov	lr, r9
10000a60:	4647      	mov	r7, r8
10000a62:	b580      	push	{r7, lr}
10000a64:	b083      	sub	sp, #12
10000a66:	0006      	movs	r6, r0
10000a68:	000d      	movs	r5, r1
10000a6a:	f3ef 8810 	mrs	r8, PRIMASK
10000a6e:	b672      	cpsid	i
10000a70:	4b56      	ldr	r3, [pc, #344]	; (10000bcc <irq_remove_handler+0x170>)
10000a72:	681b      	ldr	r3, [r3, #0]
10000a74:	2b00      	cmp	r3, #0
10000a76:	d0fb      	beq.n	10000a70 <irq_remove_handler+0x14>
10000a78:	f3bf 8f5f 	dmb	sy
10000a7c:	4b54      	ldr	r3, [pc, #336]	; (10000bd0 <irq_remove_handler+0x174>)
10000a7e:	689a      	ldr	r2, [r3, #8]
10000a80:	0034      	movs	r4, r6
10000a82:	3410      	adds	r4, #16
10000a84:	00a3      	lsls	r3, r4, #2
10000a86:	58d7      	ldr	r7, [r2, r3]
10000a88:	4b52      	ldr	r3, [pc, #328]	; (10000bd4 <irq_remove_handler+0x178>)
10000a8a:	429f      	cmp	r7, r3
10000a8c:	d007      	beq.n	10000a9e <irq_remove_handler+0x42>
10000a8e:	42af      	cmp	r7, r5
10000a90:	d100      	bne.n	10000a94 <irq_remove_handler+0x38>
10000a92:	e098      	b.n	10000bc6 <irq_remove_handler+0x16a>
10000a94:	9701      	str	r7, [sp, #4]
10000a96:	4b50      	ldr	r3, [pc, #320]	; (10000bd8 <irq_remove_handler+0x17c>)
10000a98:	1afb      	subs	r3, r7, r3
10000a9a:	2b2f      	cmp	r3, #47	; 0x2f
10000a9c:	d909      	bls.n	10000ab2 <irq_remove_handler+0x56>
10000a9e:	4642      	mov	r2, r8
10000aa0:	0039      	movs	r1, r7
10000aa2:	0030      	movs	r0, r6
10000aa4:	f7ff ff2c 	bl	10000900 <set_raw_irq_handler_and_unlock>
10000aa8:	b003      	add	sp, #12
10000aaa:	bcc0      	pop	{r6, r7}
10000aac:	46b9      	mov	r9, r7
10000aae:	46b0      	mov	r8, r6
10000ab0:	bdf0      	pop	{r4, r5, r6, r7, pc}
10000ab2:	0030      	movs	r0, r6
10000ab4:	f7ff ff7c 	bl	100009b0 <irq_is_enabled>
10000ab8:	4681      	mov	r9, r0
10000aba:	2100      	movs	r1, #0
10000abc:	0030      	movs	r0, r6
10000abe:	f7ff ff93 	bl	100009e8 <irq_set_enabled>
10000ac2:	f3bf 8f5f 	dmb	sy
10000ac6:	f3ef 8105 	mrs	r1, IPSR
10000aca:	2900      	cmp	r1, #0
10000acc:	d001      	beq.n	10000ad2 <irq_remove_handler+0x76>
10000ace:	428c      	cmp	r4, r1
10000ad0:	d111      	bne.n	10000af6 <irq_remove_handler+0x9a>
10000ad2:	2301      	movs	r3, #1
10000ad4:	9c01      	ldr	r4, [sp, #4]
10000ad6:	439c      	bics	r4, r3
10000ad8:	2200      	movs	r2, #0
10000ada:	68a3      	ldr	r3, [r4, #8]
10000adc:	42ab      	cmp	r3, r5
10000ade:	d012      	beq.n	10000b06 <irq_remove_handler+0xaa>
10000ae0:	2206      	movs	r2, #6
10000ae2:	56a2      	ldrsb	r2, [r4, r2]
10000ae4:	2a00      	cmp	r2, #0
10000ae6:	db0d      	blt.n	10000b04 <irq_remove_handler+0xa8>
10000ae8:	0053      	lsls	r3, r2, #1
10000aea:	189b      	adds	r3, r3, r2
10000aec:	009b      	lsls	r3, r3, #2
10000aee:	0022      	movs	r2, r4
10000af0:	4c39      	ldr	r4, [pc, #228]	; (10000bd8 <irq_remove_handler+0x17c>)
10000af2:	18e4      	adds	r4, r4, r3
10000af4:	e7f1      	b.n	10000ada <irq_remove_handler+0x7e>
10000af6:	2136      	movs	r1, #54	; 0x36
10000af8:	4b38      	ldr	r3, [pc, #224]	; (10000bdc <irq_remove_handler+0x180>)
10000afa:	4a39      	ldr	r2, [pc, #228]	; (10000be0 <irq_remove_handler+0x184>)
10000afc:	31ff      	adds	r1, #255	; 0xff
10000afe:	4839      	ldr	r0, [pc, #228]	; (10000be4 <irq_remove_handler+0x188>)
10000b00:	f001 fcfa 	bl	100024f8 <__assert_func>
10000b04:	0022      	movs	r2, r4
10000b06:	42ab      	cmp	r3, r5
10000b08:	d156      	bne.n	10000bb8 <irq_remove_handler+0x15c>
10000b0a:	2506      	movs	r5, #6
10000b0c:	5765      	ldrsb	r5, [r4, r5]
10000b0e:	2d00      	cmp	r5, #0
10000b10:	db38      	blt.n	10000b84 <irq_remove_handler+0x128>
10000b12:	006b      	lsls	r3, r5, #1
10000b14:	195b      	adds	r3, r3, r5
10000b16:	009a      	lsls	r2, r3, #2
10000b18:	4b2f      	ldr	r3, [pc, #188]	; (10000bd8 <irq_remove_handler+0x17c>)
10000b1a:	189b      	adds	r3, r3, r2
10000b1c:	689a      	ldr	r2, [r3, #8]
10000b1e:	60a2      	str	r2, [r4, #8]
10000b20:	79da      	ldrb	r2, [r3, #7]
10000b22:	71e2      	strb	r2, [r4, #7]
10000b24:	2206      	movs	r2, #6
10000b26:	569a      	ldrsb	r2, [r3, r2]
10000b28:	71a2      	strb	r2, [r4, #6]
10000b2a:	799b      	ldrb	r3, [r3, #6]
10000b2c:	b25b      	sxtb	r3, r3
10000b2e:	2b00      	cmp	r3, #0
10000b30:	da0f      	bge.n	10000b52 <irq_remove_handler+0xf6>
10000b32:	482d      	ldr	r0, [pc, #180]	; (10000be8 <irq_remove_handler+0x18c>)
10000b34:	80a0      	strh	r0, [r4, #4]
10000b36:	006b      	lsls	r3, r5, #1
10000b38:	195b      	adds	r3, r3, r5
10000b3a:	009b      	lsls	r3, r3, #2
10000b3c:	4a26      	ldr	r2, [pc, #152]	; (10000bd8 <irq_remove_handler+0x17c>)
10000b3e:	18d3      	adds	r3, r2, r3
10000b40:	4a2a      	ldr	r2, [pc, #168]	; (10000bec <irq_remove_handler+0x190>)
10000b42:	7811      	ldrb	r1, [r2, #0]
10000b44:	7199      	strb	r1, [r3, #6]
10000b46:	7015      	strb	r5, [r2, #0]
10000b48:	4649      	mov	r1, r9
10000b4a:	0030      	movs	r0, r6
10000b4c:	f7ff ff4c 	bl	100009e8 <irq_set_enabled>
10000b50:	e7a5      	b.n	10000a9e <irq_remove_handler+0x42>
10000b52:	1d20      	adds	r0, r4, #4
10000b54:	006b      	lsls	r3, r5, #1
10000b56:	195b      	adds	r3, r3, r5
10000b58:	009b      	lsls	r3, r3, #2
10000b5a:	4a1f      	ldr	r2, [pc, #124]	; (10000bd8 <irq_remove_handler+0x17c>)
10000b5c:	189b      	adds	r3, r3, r2
10000b5e:	1d1a      	adds	r2, r3, #4
10000b60:	889b      	ldrh	r3, [r3, #4]
10000b62:	0ad9      	lsrs	r1, r3, #11
10000b64:	291c      	cmp	r1, #28
10000b66:	d107      	bne.n	10000b78 <irq_remove_handler+0x11c>
10000b68:	055b      	lsls	r3, r3, #21
10000b6a:	155b      	asrs	r3, r3, #21
10000b6c:	3302      	adds	r3, #2
10000b6e:	0059      	lsls	r1, r3, #1
10000b70:	1851      	adds	r1, r2, r1
10000b72:	f7ff fed9 	bl	10000928 <make_branch>
10000b76:	e7dd      	b.n	10000b34 <irq_remove_handler+0xd8>
10000b78:	4b1d      	ldr	r3, [pc, #116]	; (10000bf0 <irq_remove_handler+0x194>)
10000b7a:	4a1e      	ldr	r2, [pc, #120]	; (10000bf4 <irq_remove_handler+0x198>)
10000b7c:	21b1      	movs	r1, #177	; 0xb1
10000b7e:	4819      	ldr	r0, [pc, #100]	; (10000be4 <irq_remove_handler+0x188>)
10000b80:	f001 fcba 	bl	100024f8 <__assert_func>
10000b84:	2900      	cmp	r1, #0
10000b86:	d112      	bne.n	10000bae <irq_remove_handler+0x152>
10000b88:	2a00      	cmp	r2, #0
10000b8a:	d00e      	beq.n	10000baa <irq_remove_handler+0x14e>
10000b8c:	23ff      	movs	r3, #255	; 0xff
10000b8e:	7193      	strb	r3, [r2, #6]
10000b90:	4b19      	ldr	r3, [pc, #100]	; (10000bf8 <irq_remove_handler+0x19c>)
10000b92:	8093      	strh	r3, [r2, #4]
10000b94:	4a15      	ldr	r2, [pc, #84]	; (10000bec <irq_remove_handler+0x190>)
10000b96:	7813      	ldrb	r3, [r2, #0]
10000b98:	71a3      	strb	r3, [r4, #6]
10000b9a:	4b18      	ldr	r3, [pc, #96]	; (10000bfc <irq_remove_handler+0x1a0>)
10000b9c:	490e      	ldr	r1, [pc, #56]	; (10000bd8 <irq_remove_handler+0x17c>)
10000b9e:	1a64      	subs	r4, r4, r1
10000ba0:	4164      	adcs	r4, r4
10000ba2:	4363      	muls	r3, r4
10000ba4:	0d1b      	lsrs	r3, r3, #20
10000ba6:	7013      	strb	r3, [r2, #0]
10000ba8:	e7ce      	b.n	10000b48 <irq_remove_handler+0xec>
10000baa:	4f0a      	ldr	r7, [pc, #40]	; (10000bd4 <irq_remove_handler+0x178>)
10000bac:	e7f2      	b.n	10000b94 <irq_remove_handler+0x138>
10000bae:	1d20      	adds	r0, r4, #4
10000bb0:	4913      	ldr	r1, [pc, #76]	; (10000c00 <irq_remove_handler+0x1a4>)
10000bb2:	f7ff fedd 	bl	10000970 <insert_branch_and_link>
10000bb6:	e7c7      	b.n	10000b48 <irq_remove_handler+0xec>
10000bb8:	216a      	movs	r1, #106	; 0x6a
10000bba:	4b12      	ldr	r3, [pc, #72]	; (10000c04 <irq_remove_handler+0x1a8>)
10000bbc:	4a08      	ldr	r2, [pc, #32]	; (10000be0 <irq_remove_handler+0x184>)
10000bbe:	31ff      	adds	r1, #255	; 0xff
10000bc0:	4808      	ldr	r0, [pc, #32]	; (10000be4 <irq_remove_handler+0x188>)
10000bc2:	f001 fc99 	bl	100024f8 <__assert_func>
10000bc6:	4f03      	ldr	r7, [pc, #12]	; (10000bd4 <irq_remove_handler+0x178>)
10000bc8:	e769      	b.n	10000a9e <irq_remove_handler+0x42>
10000bca:	46c0      	nop			; (mov r8, r8)
10000bcc:	d0000124 	.word	0xd0000124
10000bd0:	e000ed00 	.word	0xe000ed00
10000bd4:	100001cd 	.word	0x100001cd
10000bd8:	20000264 	.word	0x20000264
10000bdc:	10004ecc 	.word	0x10004ecc
10000be0:	10004f78 	.word	0x10004f78
10000be4:	10004d4c 	.word	0x10004d4c
10000be8:	0000bd01 	.word	0x0000bd01
10000bec:	20000715 	.word	0x20000715
10000bf0:	10004eb4 	.word	0x10004eb4
10000bf4:	10004f98 	.word	0x10004f98
10000bf8:	ffffbd01 	.word	0xffffbd01
10000bfc:	0000aaaa 	.word	0x0000aaaa
10000c00:	2000029e 	.word	0x2000029e
10000c04:	10004f00 	.word	0x10004f00

10000c08 <irq_add_tail_to_free_list>:
10000c08:	b570      	push	{r4, r5, r6, lr}
10000c0a:	2101      	movs	r1, #1
10000c0c:	4301      	orrs	r1, r0
10000c0e:	4b2e      	ldr	r3, [pc, #184]	; (10000cc8 <irq_add_tail_to_free_list+0xc0>)
10000c10:	1acb      	subs	r3, r1, r3
10000c12:	2b2f      	cmp	r3, #47	; 0x2f
10000c14:	d828      	bhi.n	10000c68 <irq_add_tail_to_free_list+0x60>
10000c16:	f3ef 8305 	mrs	r3, IPSR
10000c1a:	2b00      	cmp	r3, #0
10000c1c:	d02b      	beq.n	10000c76 <irq_add_tail_to_free_list+0x6e>
10000c1e:	f3ef 8c10 	mrs	ip, PRIMASK
10000c22:	b672      	cpsid	i
10000c24:	4a29      	ldr	r2, [pc, #164]	; (10000ccc <irq_add_tail_to_free_list+0xc4>)
10000c26:	6812      	ldr	r2, [r2, #0]
10000c28:	2a00      	cmp	r2, #0
10000c2a:	d0fb      	beq.n	10000c24 <irq_add_tail_to_free_list+0x1c>
10000c2c:	f3bf 8f5f 	dmb	sy
10000c30:	4a27      	ldr	r2, [pc, #156]	; (10000cd0 <irq_add_tail_to_free_list+0xc8>)
10000c32:	0004      	movs	r4, r0
10000c34:	4d24      	ldr	r5, [pc, #144]	; (10000cc8 <irq_add_tail_to_free_list+0xc0>)
10000c36:	1b64      	subs	r4, r4, r5
10000c38:	4164      	adcs	r4, r4
10000c3a:	4362      	muls	r2, r4
10000c3c:	0d12      	lsrs	r2, r2, #20
10000c3e:	b254      	sxtb	r4, r2
10000c40:	4a24      	ldr	r2, [pc, #144]	; (10000cd4 <irq_add_tail_to_free_list+0xcc>)
10000c42:	6892      	ldr	r2, [r2, #8]
10000c44:	009b      	lsls	r3, r3, #2
10000c46:	58d2      	ldr	r2, [r2, r3]
10000c48:	428a      	cmp	r2, r1
10000c4a:	d01b      	beq.n	10000c84 <irq_add_tail_to_free_list+0x7c>
10000c4c:	2200      	movs	r2, #0
10000c4e:	2a03      	cmp	r2, #3
10000c50:	d832      	bhi.n	10000cb8 <irq_add_tail_to_free_list+0xb0>
10000c52:	0053      	lsls	r3, r2, #1
10000c54:	189b      	adds	r3, r3, r2
10000c56:	009b      	lsls	r3, r3, #2
10000c58:	491b      	ldr	r1, [pc, #108]	; (10000cc8 <irq_add_tail_to_free_list+0xc0>)
10000c5a:	18cb      	adds	r3, r1, r3
10000c5c:	799b      	ldrb	r3, [r3, #6]
10000c5e:	b25b      	sxtb	r3, r3
10000c60:	42a3      	cmp	r3, r4
10000c62:	d01f      	beq.n	10000ca4 <irq_add_tail_to_free_list+0x9c>
10000c64:	3201      	adds	r2, #1
10000c66:	e7f2      	b.n	10000c4e <irq_add_tail_to_free_list+0x46>
10000c68:	21c7      	movs	r1, #199	; 0xc7
10000c6a:	4b1b      	ldr	r3, [pc, #108]	; (10000cd8 <irq_add_tail_to_free_list+0xd0>)
10000c6c:	4a1b      	ldr	r2, [pc, #108]	; (10000cdc <irq_add_tail_to_free_list+0xd4>)
10000c6e:	0049      	lsls	r1, r1, #1
10000c70:	481b      	ldr	r0, [pc, #108]	; (10000ce0 <irq_add_tail_to_free_list+0xd8>)
10000c72:	f001 fc41 	bl	100024f8 <__assert_func>
10000c76:	2192      	movs	r1, #146	; 0x92
10000c78:	4b1a      	ldr	r3, [pc, #104]	; (10000ce4 <irq_add_tail_to_free_list+0xdc>)
10000c7a:	4a18      	ldr	r2, [pc, #96]	; (10000cdc <irq_add_tail_to_free_list+0xd4>)
10000c7c:	31ff      	adds	r1, #255	; 0xff
10000c7e:	4818      	ldr	r0, [pc, #96]	; (10000ce0 <irq_add_tail_to_free_list+0xd8>)
10000c80:	f001 fc3a 	bl	100024f8 <__assert_func>
10000c84:	4a13      	ldr	r2, [pc, #76]	; (10000cd4 <irq_add_tail_to_free_list+0xcc>)
10000c86:	6892      	ldr	r2, [r2, #8]
10000c88:	4917      	ldr	r1, [pc, #92]	; (10000ce8 <irq_add_tail_to_free_list+0xe0>)
10000c8a:	50d1      	str	r1, [r2, r3]
10000c8c:	4b17      	ldr	r3, [pc, #92]	; (10000cec <irq_add_tail_to_free_list+0xe4>)
10000c8e:	781a      	ldrb	r2, [r3, #0]
10000c90:	7182      	strb	r2, [r0, #6]
10000c92:	701c      	strb	r4, [r3, #0]
10000c94:	f3bf 8f5f 	dmb	sy
10000c98:	4b0c      	ldr	r3, [pc, #48]	; (10000ccc <irq_add_tail_to_free_list+0xc4>)
10000c9a:	2200      	movs	r2, #0
10000c9c:	601a      	str	r2, [r3, #0]
10000c9e:	f38c 8810 	msr	PRIMASK, ip
10000ca2:	bd70      	pop	{r4, r5, r6, pc}
10000ca4:	000d      	movs	r5, r1
10000ca6:	0053      	lsls	r3, r2, #1
10000ca8:	1899      	adds	r1, r3, r2
10000caa:	0089      	lsls	r1, r1, #2
10000cac:	1869      	adds	r1, r5, r1
10000cae:	26ff      	movs	r6, #255	; 0xff
10000cb0:	718e      	strb	r6, [r1, #6]
10000cb2:	4a0f      	ldr	r2, [pc, #60]	; (10000cf0 <irq_add_tail_to_free_list+0xe8>)
10000cb4:	808a      	strh	r2, [r1, #4]
10000cb6:	e7e9      	b.n	10000c8c <irq_add_tail_to_free_list+0x84>
10000cb8:	21d1      	movs	r1, #209	; 0xd1
10000cba:	4b0e      	ldr	r3, [pc, #56]	; (10000cf4 <irq_add_tail_to_free_list+0xec>)
10000cbc:	4a07      	ldr	r2, [pc, #28]	; (10000cdc <irq_add_tail_to_free_list+0xd4>)
10000cbe:	0049      	lsls	r1, r1, #1
10000cc0:	4807      	ldr	r0, [pc, #28]	; (10000ce0 <irq_add_tail_to_free_list+0xd8>)
10000cc2:	f001 fc19 	bl	100024f8 <__assert_func>
10000cc6:	46c0      	nop			; (mov r8, r8)
10000cc8:	20000264 	.word	0x20000264
10000ccc:	d0000124 	.word	0xd0000124
10000cd0:	0000aaaa 	.word	0x0000aaaa
10000cd4:	e000ed00 	.word	0xe000ed00
10000cd8:	10004f08 	.word	0x10004f08
10000cdc:	10004f44 	.word	0x10004f44
10000ce0:	10004d4c 	.word	0x10004d4c
10000ce4:	10004f30 	.word	0x10004f30
10000ce8:	100001cd 	.word	0x100001cd
10000cec:	20000715 	.word	0x20000715
10000cf0:	ffffbd01 	.word	0xffffbd01
10000cf4:	10004f3c 	.word	0x10004f3c

10000cf8 <irq_init_priorities>:
10000cf8:	2200      	movs	r2, #0
10000cfa:	4b04      	ldr	r3, [pc, #16]	; (10000d0c <irq_init_priorities+0x14>)
10000cfc:	e002      	b.n	10000d04 <irq_init_priorities+0xc>
10000cfe:	4904      	ldr	r1, [pc, #16]	; (10000d10 <irq_init_priorities+0x18>)
10000d00:	c302      	stmia	r3!, {r1}
10000d02:	3201      	adds	r2, #1
10000d04:	2a07      	cmp	r2, #7
10000d06:	d9fa      	bls.n	10000cfe <irq_init_priorities+0x6>
10000d08:	4770      	bx	lr
10000d0a:	46c0      	nop			; (mov r8, r8)
10000d0c:	e000e400 	.word	0xe000e400
10000d10:	80808080 	.word	0x80808080

10000d14 <lock_init>:
10000d14:	4b02      	ldr	r3, [pc, #8]	; (10000d20 <lock_init+0xc>)
10000d16:	469c      	mov	ip, r3
10000d18:	4461      	add	r1, ip
10000d1a:	0089      	lsls	r1, r1, #2
10000d1c:	6001      	str	r1, [r0, #0]
10000d1e:	4770      	bx	lr
10000d20:	34000040 	.word	0x34000040

10000d24 <mutex_init>:
10000d24:	b510      	push	{r4, lr}
10000d26:	0004      	movs	r4, r0
10000d28:	f7ff fddc 	bl	100008e4 <next_striped_spin_lock_num>
10000d2c:	0001      	movs	r1, r0
10000d2e:	0020      	movs	r0, r4
10000d30:	f7ff fff0 	bl	10000d14 <lock_init>
10000d34:	23ff      	movs	r3, #255	; 0xff
10000d36:	7123      	strb	r3, [r4, #4]
10000d38:	f3bf 8f5f 	dmb	sy
10000d3c:	bd10      	pop	{r4, pc}

10000d3e <recursive_mutex_init>:
10000d3e:	b510      	push	{r4, lr}
10000d40:	0004      	movs	r4, r0
10000d42:	f7ff fdcf 	bl	100008e4 <next_striped_spin_lock_num>
10000d46:	0001      	movs	r1, r0
10000d48:	0020      	movs	r0, r4
10000d4a:	f7ff ffe3 	bl	10000d14 <lock_init>
10000d4e:	23ff      	movs	r3, #255	; 0xff
10000d50:	7123      	strb	r3, [r4, #4]
10000d52:	2300      	movs	r3, #0
10000d54:	7163      	strb	r3, [r4, #5]
10000d56:	f3bf 8f5f 	dmb	sy
10000d5a:	bd10      	pop	{r4, pc}

10000d5c <alarm_pool_post_alloc_init>:
10000d5c:	b570      	push	{r4, r5, r6, lr}
10000d5e:	0005      	movs	r5, r0
10000d60:	000c      	movs	r4, r1
10000d62:	0008      	movs	r0, r1
10000d64:	f000 fefe 	bl	10001b64 <hardware_alarm_cancel>
10000d68:	4909      	ldr	r1, [pc, #36]	; (10000d90 <alarm_pool_post_alloc_init+0x34>)
10000d6a:	0020      	movs	r0, r4
10000d6c:	f000 fe3e 	bl	100019ec <hardware_alarm_set_callback>
10000d70:	f7ff fdb8 	bl	100008e4 <next_striped_spin_lock_num>
10000d74:	4b07      	ldr	r3, [pc, #28]	; (10000d94 <alarm_pool_post_alloc_init+0x38>)
10000d76:	469c      	mov	ip, r3
10000d78:	4460      	add	r0, ip
10000d7a:	0080      	lsls	r0, r0, #2
10000d7c:	6068      	str	r0, [r5, #4]
10000d7e:	752c      	strb	r4, [r5, #20]
10000d80:	23d0      	movs	r3, #208	; 0xd0
10000d82:	061b      	lsls	r3, r3, #24
10000d84:	781b      	ldrb	r3, [r3, #0]
10000d86:	756b      	strb	r3, [r5, #21]
10000d88:	00a4      	lsls	r4, r4, #2
10000d8a:	4b03      	ldr	r3, [pc, #12]	; (10000d98 <alarm_pool_post_alloc_init+0x3c>)
10000d8c:	50e5      	str	r5, [r4, r3]
10000d8e:	bd70      	pop	{r4, r5, r6, pc}
10000d90:	100010a1 	.word	0x100010a1
10000d94:	34000040 	.word	0x34000040
10000d98:	200004e4 	.word	0x200004e4

10000d9c <sleep_until_callback>:
10000d9c:	4b0a      	ldr	r3, [pc, #40]	; (10000dc8 <sleep_until_callback+0x2c>)
10000d9e:	681a      	ldr	r2, [r3, #0]
10000da0:	f3ef 8110 	mrs	r1, PRIMASK
10000da4:	b672      	cpsid	i
10000da6:	6813      	ldr	r3, [r2, #0]
10000da8:	2b00      	cmp	r3, #0
10000daa:	d0fc      	beq.n	10000da6 <sleep_until_callback+0xa>
10000dac:	f3bf 8f5f 	dmb	sy
10000db0:	4b05      	ldr	r3, [pc, #20]	; (10000dc8 <sleep_until_callback+0x2c>)
10000db2:	681b      	ldr	r3, [r3, #0]
10000db4:	f3bf 8f5f 	dmb	sy
10000db8:	2200      	movs	r2, #0
10000dba:	601a      	str	r2, [r3, #0]
10000dbc:	f381 8810 	msr	PRIMASK, r1
10000dc0:	bf40      	sev
10000dc2:	2000      	movs	r0, #0
10000dc4:	2100      	movs	r1, #0
10000dc6:	4770      	bx	lr
10000dc8:	200006f8 	.word	0x200006f8

10000dcc <timer_pool_entry_comparator>:
10000dcc:	b510      	push	{r4, lr}
10000dce:	2900      	cmp	r1, #0
10000dd0:	d022      	beq.n	10000e18 <timer_pool_entry_comparator+0x4c>
10000dd2:	6803      	ldr	r3, [r0, #0]
10000dd4:	7b1b      	ldrb	r3, [r3, #12]
10000dd6:	4299      	cmp	r1, r3
10000dd8:	d81e      	bhi.n	10000e18 <timer_pool_entry_comparator+0x4c>
10000dda:	4b17      	ldr	r3, [pc, #92]	; (10000e38 <timer_pool_entry_comparator+0x6c>)
10000ddc:	469c      	mov	ip, r3
10000dde:	4461      	add	r1, ip
10000de0:	0109      	lsls	r1, r1, #4
10000de2:	6883      	ldr	r3, [r0, #8]
10000de4:	469c      	mov	ip, r3
10000de6:	4461      	add	r1, ip
10000de8:	680c      	ldr	r4, [r1, #0]
10000dea:	6849      	ldr	r1, [r1, #4]
10000dec:	2a00      	cmp	r2, #0
10000dee:	d019      	beq.n	10000e24 <timer_pool_entry_comparator+0x58>
10000df0:	6803      	ldr	r3, [r0, #0]
10000df2:	7b1b      	ldrb	r3, [r3, #12]
10000df4:	429a      	cmp	r2, r3
10000df6:	d815      	bhi.n	10000e24 <timer_pool_entry_comparator+0x58>
10000df8:	6883      	ldr	r3, [r0, #8]
10000dfa:	480f      	ldr	r0, [pc, #60]	; (10000e38 <timer_pool_entry_comparator+0x6c>)
10000dfc:	4684      	mov	ip, r0
10000dfe:	4462      	add	r2, ip
10000e00:	0112      	lsls	r2, r2, #4
10000e02:	189a      	adds	r2, r3, r2
10000e04:	6810      	ldr	r0, [r2, #0]
10000e06:	6853      	ldr	r3, [r2, #4]
10000e08:	0002      	movs	r2, r0
10000e0a:	2001      	movs	r0, #1
10000e0c:	428b      	cmp	r3, r1
10000e0e:	d801      	bhi.n	10000e14 <timer_pool_entry_comparator+0x48>
10000e10:	d00e      	beq.n	10000e30 <timer_pool_entry_comparator+0x64>
10000e12:	2000      	movs	r0, #0
10000e14:	b2c0      	uxtb	r0, r0
10000e16:	bd10      	pop	{r4, pc}
10000e18:	4b08      	ldr	r3, [pc, #32]	; (10000e3c <timer_pool_entry_comparator+0x70>)
10000e1a:	4a09      	ldr	r2, [pc, #36]	; (10000e40 <timer_pool_entry_comparator+0x74>)
10000e1c:	213c      	movs	r1, #60	; 0x3c
10000e1e:	4809      	ldr	r0, [pc, #36]	; (10000e44 <timer_pool_entry_comparator+0x78>)
10000e20:	f001 fb6a 	bl	100024f8 <__assert_func>
10000e24:	4b05      	ldr	r3, [pc, #20]	; (10000e3c <timer_pool_entry_comparator+0x70>)
10000e26:	4a06      	ldr	r2, [pc, #24]	; (10000e40 <timer_pool_entry_comparator+0x74>)
10000e28:	213c      	movs	r1, #60	; 0x3c
10000e2a:	4806      	ldr	r0, [pc, #24]	; (10000e44 <timer_pool_entry_comparator+0x78>)
10000e2c:	f001 fb64 	bl	100024f8 <__assert_func>
10000e30:	42a2      	cmp	r2, r4
10000e32:	d8ef      	bhi.n	10000e14 <timer_pool_entry_comparator+0x48>
10000e34:	e7ed      	b.n	10000e12 <timer_pool_entry_comparator+0x46>
10000e36:	46c0      	nop			; (mov r8, r8)
10000e38:	0fffffff 	.word	0x0fffffff
10000e3c:	10005178 	.word	0x10005178
10000e40:	100053f8 	.word	0x100053f8
10000e44:	10005124 	.word	0x10005124

10000e48 <ph_add_child_node>:
10000e48:	b510      	push	{r4, lr}
10000e4a:	2900      	cmp	r1, #0
10000e4c:	d01e      	beq.n	10000e8c <ph_add_child_node+0x44>
10000e4e:	7b03      	ldrb	r3, [r0, #12]
10000e50:	4299      	cmp	r1, r3
10000e52:	d81b      	bhi.n	10000e8c <ph_add_child_node+0x44>
10000e54:	004b      	lsls	r3, r1, #1
10000e56:	185b      	adds	r3, r3, r1
10000e58:	3b03      	subs	r3, #3
10000e5a:	6804      	ldr	r4, [r0, #0]
10000e5c:	46a4      	mov	ip, r4
10000e5e:	4463      	add	r3, ip
10000e60:	2900      	cmp	r1, #0
10000e62:	d019      	beq.n	10000e98 <ph_add_child_node+0x50>
10000e64:	2a00      	cmp	r2, #0
10000e66:	d01d      	beq.n	10000ea4 <ph_add_child_node+0x5c>
10000e68:	4291      	cmp	r1, r2
10000e6a:	d021      	beq.n	10000eb0 <ph_add_child_node+0x68>
10000e6c:	2a00      	cmp	r2, #0
10000e6e:	d025      	beq.n	10000ebc <ph_add_child_node+0x74>
10000e70:	7b04      	ldrb	r4, [r0, #12]
10000e72:	42a2      	cmp	r2, r4
10000e74:	d822      	bhi.n	10000ebc <ph_add_child_node+0x74>
10000e76:	6804      	ldr	r4, [r0, #0]
10000e78:	0050      	lsls	r0, r2, #1
10000e7a:	1880      	adds	r0, r0, r2
10000e7c:	3803      	subs	r0, #3
10000e7e:	1820      	adds	r0, r4, r0
10000e80:	7081      	strb	r1, [r0, #2]
10000e82:	7819      	ldrb	r1, [r3, #0]
10000e84:	2900      	cmp	r1, #0
10000e86:	d11f      	bne.n	10000ec8 <ph_add_child_node+0x80>
10000e88:	701a      	strb	r2, [r3, #0]
10000e8a:	bd10      	pop	{r4, pc}
10000e8c:	4b10      	ldr	r3, [pc, #64]	; (10000ed0 <ph_add_child_node+0x88>)
10000e8e:	4a11      	ldr	r2, [pc, #68]	; (10000ed4 <ph_add_child_node+0x8c>)
10000e90:	2168      	movs	r1, #104	; 0x68
10000e92:	4811      	ldr	r0, [pc, #68]	; (10000ed8 <ph_add_child_node+0x90>)
10000e94:	f001 fb30 	bl	100024f8 <__assert_func>
10000e98:	4b10      	ldr	r3, [pc, #64]	; (10000edc <ph_add_child_node+0x94>)
10000e9a:	4a11      	ldr	r2, [pc, #68]	; (10000ee0 <ph_add_child_node+0x98>)
10000e9c:	316f      	adds	r1, #111	; 0x6f
10000e9e:	480e      	ldr	r0, [pc, #56]	; (10000ed8 <ph_add_child_node+0x90>)
10000ea0:	f001 fb2a 	bl	100024f8 <__assert_func>
10000ea4:	4b0f      	ldr	r3, [pc, #60]	; (10000ee4 <ph_add_child_node+0x9c>)
10000ea6:	4a0e      	ldr	r2, [pc, #56]	; (10000ee0 <ph_add_child_node+0x98>)
10000ea8:	2170      	movs	r1, #112	; 0x70
10000eaa:	480b      	ldr	r0, [pc, #44]	; (10000ed8 <ph_add_child_node+0x90>)
10000eac:	f001 fb24 	bl	100024f8 <__assert_func>
10000eb0:	4b0d      	ldr	r3, [pc, #52]	; (10000ee8 <ph_add_child_node+0xa0>)
10000eb2:	4a0b      	ldr	r2, [pc, #44]	; (10000ee0 <ph_add_child_node+0x98>)
10000eb4:	2171      	movs	r1, #113	; 0x71
10000eb6:	4808      	ldr	r0, [pc, #32]	; (10000ed8 <ph_add_child_node+0x90>)
10000eb8:	f001 fb1e 	bl	100024f8 <__assert_func>
10000ebc:	4b04      	ldr	r3, [pc, #16]	; (10000ed0 <ph_add_child_node+0x88>)
10000ebe:	4a05      	ldr	r2, [pc, #20]	; (10000ed4 <ph_add_child_node+0x8c>)
10000ec0:	2168      	movs	r1, #104	; 0x68
10000ec2:	4805      	ldr	r0, [pc, #20]	; (10000ed8 <ph_add_child_node+0x90>)
10000ec4:	f001 fb18 	bl	100024f8 <__assert_func>
10000ec8:	7041      	strb	r1, [r0, #1]
10000eca:	701a      	strb	r2, [r3, #0]
10000ecc:	e7dd      	b.n	10000e8a <ph_add_child_node+0x42>
10000ece:	46c0      	nop			; (mov r8, r8)
10000ed0:	1000519c 	.word	0x1000519c
10000ed4:	10005464 	.word	0x10005464
10000ed8:	100051b8 	.word	0x100051b8
10000edc:	10005220 	.word	0x10005220
10000ee0:	10005440 	.word	0x10005440
10000ee4:	1000522c 	.word	0x1000522c
10000ee8:	10005238 	.word	0x10005238

10000eec <ph_merge_nodes>:
10000eec:	b570      	push	{r4, r5, r6, lr}
10000eee:	0006      	movs	r6, r0
10000ef0:	000d      	movs	r5, r1
10000ef2:	0014      	movs	r4, r2
10000ef4:	2900      	cmp	r1, #0
10000ef6:	d014      	beq.n	10000f22 <ph_merge_nodes+0x36>
10000ef8:	2a00      	cmp	r2, #0
10000efa:	d014      	beq.n	10000f26 <ph_merge_nodes+0x3a>
10000efc:	6880      	ldr	r0, [r0, #8]
10000efe:	6873      	ldr	r3, [r6, #4]
10000f00:	4798      	blx	r3
10000f02:	2800      	cmp	r0, #0
10000f04:	d006      	beq.n	10000f14 <ph_merge_nodes+0x28>
10000f06:	0022      	movs	r2, r4
10000f08:	0029      	movs	r1, r5
10000f0a:	0030      	movs	r0, r6
10000f0c:	f7ff ff9c 	bl	10000e48 <ph_add_child_node>
10000f10:	0028      	movs	r0, r5
10000f12:	e007      	b.n	10000f24 <ph_merge_nodes+0x38>
10000f14:	002a      	movs	r2, r5
10000f16:	0021      	movs	r1, r4
10000f18:	0030      	movs	r0, r6
10000f1a:	f7ff ff95 	bl	10000e48 <ph_add_child_node>
10000f1e:	0020      	movs	r0, r4
10000f20:	e000      	b.n	10000f24 <ph_merge_nodes+0x38>
10000f22:	0010      	movs	r0, r2
10000f24:	bd70      	pop	{r4, r5, r6, pc}
10000f26:	0008      	movs	r0, r1
10000f28:	e7fc      	b.n	10000f24 <ph_merge_nodes+0x38>
	...

10000f2c <add_alarm_under_lock>:
10000f2c:	b5f0      	push	{r4, r5, r6, r7, lr}
10000f2e:	b083      	sub	sp, #12
10000f30:	0005      	movs	r5, r0
10000f32:	9200      	str	r2, [sp, #0]
10000f34:	9301      	str	r3, [sp, #4]
10000f36:	ab0a      	add	r3, sp, #40	; 0x28
10000f38:	781c      	ldrb	r4, [r3, #0]
10000f3a:	ab0b      	add	r3, sp, #44	; 0x2c
10000f3c:	781f      	ldrb	r7, [r3, #0]
10000f3e:	2c00      	cmp	r4, #0
10000f40:	d026      	beq.n	10000f90 <add_alarm_under_lock+0x64>
10000f42:	6803      	ldr	r3, [r0, #0]
10000f44:	7b5a      	ldrb	r2, [r3, #13]
10000f46:	4294      	cmp	r4, r2
10000f48:	d107      	bne.n	10000f5a <add_alarm_under_lock+0x2e>
10000f4a:	2301      	movs	r3, #1
10000f4c:	2b00      	cmp	r3, #0
10000f4e:	d119      	bne.n	10000f84 <add_alarm_under_lock+0x58>
10000f50:	2c00      	cmp	r4, #0
10000f52:	d13b      	bne.n	10000fcc <add_alarm_under_lock+0xa0>
10000f54:	0020      	movs	r0, r4
10000f56:	b003      	add	sp, #12
10000f58:	bdf0      	pop	{r4, r5, r6, r7, pc}
10000f5a:	2c00      	cmp	r4, #0
10000f5c:	d00c      	beq.n	10000f78 <add_alarm_under_lock+0x4c>
10000f5e:	7b1a      	ldrb	r2, [r3, #12]
10000f60:	4294      	cmp	r4, r2
10000f62:	d809      	bhi.n	10000f78 <add_alarm_under_lock+0x4c>
10000f64:	681a      	ldr	r2, [r3, #0]
10000f66:	0063      	lsls	r3, r4, #1
10000f68:	191b      	adds	r3, r3, r4
10000f6a:	3b03      	subs	r3, #3
10000f6c:	18d3      	adds	r3, r2, r3
10000f6e:	789b      	ldrb	r3, [r3, #2]
10000f70:	2b00      	cmp	r3, #0
10000f72:	d0eb      	beq.n	10000f4c <add_alarm_under_lock+0x20>
10000f74:	2301      	movs	r3, #1
10000f76:	e7e9      	b.n	10000f4c <add_alarm_under_lock+0x20>
10000f78:	4b3e      	ldr	r3, [pc, #248]	; (10001074 <add_alarm_under_lock+0x148>)
10000f7a:	4a3f      	ldr	r2, [pc, #252]	; (10001078 <add_alarm_under_lock+0x14c>)
10000f7c:	2168      	movs	r1, #104	; 0x68
10000f7e:	483f      	ldr	r0, [pc, #252]	; (1000107c <add_alarm_under_lock+0x150>)
10000f80:	f001 faba 	bl	100024f8 <__assert_func>
10000f84:	4b3e      	ldr	r3, [pc, #248]	; (10001080 <add_alarm_under_lock+0x154>)
10000f86:	4a3f      	ldr	r2, [pc, #252]	; (10001084 <add_alarm_under_lock+0x158>)
10000f88:	2167      	movs	r1, #103	; 0x67
10000f8a:	483f      	ldr	r0, [pc, #252]	; (10001088 <add_alarm_under_lock+0x15c>)
10000f8c:	f001 fab4 	bl	100024f8 <__assert_func>
10000f90:	6803      	ldr	r3, [r0, #0]
10000f92:	7b9c      	ldrb	r4, [r3, #14]
10000f94:	2c00      	cmp	r4, #0
10000f96:	d0db      	beq.n	10000f50 <add_alarm_under_lock+0x24>
10000f98:	d012      	beq.n	10000fc0 <add_alarm_under_lock+0x94>
10000f9a:	7b1a      	ldrb	r2, [r3, #12]
10000f9c:	4294      	cmp	r4, r2
10000f9e:	d80f      	bhi.n	10000fc0 <add_alarm_under_lock+0x94>
10000fa0:	0062      	lsls	r2, r4, #1
10000fa2:	1912      	adds	r2, r2, r4
10000fa4:	3a03      	subs	r2, #3
10000fa6:	6819      	ldr	r1, [r3, #0]
10000fa8:	468c      	mov	ip, r1
10000faa:	4462      	add	r2, ip
10000fac:	7851      	ldrb	r1, [r2, #1]
10000fae:	7399      	strb	r1, [r3, #14]
10000fb0:	2900      	cmp	r1, #0
10000fb2:	d100      	bne.n	10000fb6 <add_alarm_under_lock+0x8a>
10000fb4:	73d9      	strb	r1, [r3, #15]
10000fb6:	2300      	movs	r3, #0
10000fb8:	7093      	strb	r3, [r2, #2]
10000fba:	7053      	strb	r3, [r2, #1]
10000fbc:	7013      	strb	r3, [r2, #0]
10000fbe:	e7c7      	b.n	10000f50 <add_alarm_under_lock+0x24>
10000fc0:	4b2c      	ldr	r3, [pc, #176]	; (10001074 <add_alarm_under_lock+0x148>)
10000fc2:	4a2d      	ldr	r2, [pc, #180]	; (10001078 <add_alarm_under_lock+0x14c>)
10000fc4:	2168      	movs	r1, #104	; 0x68
10000fc6:	482d      	ldr	r0, [pc, #180]	; (1000107c <add_alarm_under_lock+0x150>)
10000fc8:	f001 fa96 	bl	100024f8 <__assert_func>
10000fcc:	2c00      	cmp	r4, #0
10000fce:	d03a      	beq.n	10001046 <add_alarm_under_lock+0x11a>
10000fd0:	682b      	ldr	r3, [r5, #0]
10000fd2:	7b1b      	ldrb	r3, [r3, #12]
10000fd4:	429c      	cmp	r4, r3
10000fd6:	d836      	bhi.n	10001046 <add_alarm_under_lock+0x11a>
10000fd8:	4b2c      	ldr	r3, [pc, #176]	; (1000108c <add_alarm_under_lock+0x160>)
10000fda:	18e3      	adds	r3, r4, r3
10000fdc:	011b      	lsls	r3, r3, #4
10000fde:	68aa      	ldr	r2, [r5, #8]
10000fe0:	4694      	mov	ip, r2
10000fe2:	4463      	add	r3, ip
10000fe4:	9a00      	ldr	r2, [sp, #0]
10000fe6:	601a      	str	r2, [r3, #0]
10000fe8:	9a01      	ldr	r2, [sp, #4]
10000fea:	605a      	str	r2, [r3, #4]
10000fec:	9a08      	ldr	r2, [sp, #32]
10000fee:	609a      	str	r2, [r3, #8]
10000ff0:	9a09      	ldr	r2, [sp, #36]	; 0x24
10000ff2:	60da      	str	r2, [r3, #12]
10000ff4:	682e      	ldr	r6, [r5, #0]
10000ff6:	2c00      	cmp	r4, #0
10000ff8:	d02b      	beq.n	10001052 <add_alarm_under_lock+0x126>
10000ffa:	d030      	beq.n	1000105e <add_alarm_under_lock+0x132>
10000ffc:	7b33      	ldrb	r3, [r6, #12]
10000ffe:	429c      	cmp	r4, r3
10001000:	d82d      	bhi.n	1000105e <add_alarm_under_lock+0x132>
10001002:	0063      	lsls	r3, r4, #1
10001004:	191b      	adds	r3, r3, r4
10001006:	3b03      	subs	r3, #3
10001008:	6832      	ldr	r2, [r6, #0]
1000100a:	4694      	mov	ip, r2
1000100c:	4463      	add	r3, ip
1000100e:	2200      	movs	r2, #0
10001010:	709a      	strb	r2, [r3, #2]
10001012:	705a      	strb	r2, [r3, #1]
10001014:	701a      	strb	r2, [r3, #0]
10001016:	7b71      	ldrb	r1, [r6, #13]
10001018:	0022      	movs	r2, r4
1000101a:	0030      	movs	r0, r6
1000101c:	f7ff ff66 	bl	10000eec <ph_merge_nodes>
10001020:	7370      	strb	r0, [r6, #13]
10001022:	4284      	cmp	r4, r0
10001024:	d000      	beq.n	10001028 <add_alarm_under_lock+0xfc>
10001026:	e795      	b.n	10000f54 <add_alarm_under_lock+0x28>
10001028:	7d28      	ldrb	r0, [r5, #20]
1000102a:	9a00      	ldr	r2, [sp, #0]
1000102c:	9b01      	ldr	r3, [sp, #4]
1000102e:	f000 fd25 	bl	10001a7c <hardware_alarm_set_target>
10001032:	1e06      	subs	r6, r0, #0
10001034:	d001      	beq.n	1000103a <add_alarm_under_lock+0x10e>
10001036:	2f00      	cmp	r7, #0
10001038:	d017      	beq.n	1000106a <add_alarm_under_lock+0x13e>
1000103a:	9b0c      	ldr	r3, [sp, #48]	; 0x30
1000103c:	2b00      	cmp	r3, #0
1000103e:	d100      	bne.n	10001042 <add_alarm_under_lock+0x116>
10001040:	e788      	b.n	10000f54 <add_alarm_under_lock+0x28>
10001042:	701e      	strb	r6, [r3, #0]
10001044:	e786      	b.n	10000f54 <add_alarm_under_lock+0x28>
10001046:	4b12      	ldr	r3, [pc, #72]	; (10001090 <add_alarm_under_lock+0x164>)
10001048:	4a12      	ldr	r2, [pc, #72]	; (10001094 <add_alarm_under_lock+0x168>)
1000104a:	213c      	movs	r1, #60	; 0x3c
1000104c:	480e      	ldr	r0, [pc, #56]	; (10001088 <add_alarm_under_lock+0x15c>)
1000104e:	f001 fa53 	bl	100024f8 <__assert_func>
10001052:	4b11      	ldr	r3, [pc, #68]	; (10001098 <add_alarm_under_lock+0x16c>)
10001054:	4a11      	ldr	r2, [pc, #68]	; (1000109c <add_alarm_under_lock+0x170>)
10001056:	21a5      	movs	r1, #165	; 0xa5
10001058:	4808      	ldr	r0, [pc, #32]	; (1000107c <add_alarm_under_lock+0x150>)
1000105a:	f001 fa4d 	bl	100024f8 <__assert_func>
1000105e:	4b05      	ldr	r3, [pc, #20]	; (10001074 <add_alarm_under_lock+0x148>)
10001060:	4a05      	ldr	r2, [pc, #20]	; (10001078 <add_alarm_under_lock+0x14c>)
10001062:	2168      	movs	r1, #104	; 0x68
10001064:	4805      	ldr	r0, [pc, #20]	; (1000107c <add_alarm_under_lock+0x150>)
10001066:	f001 fa47 	bl	100024f8 <__assert_func>
1000106a:	6828      	ldr	r0, [r5, #0]
1000106c:	0021      	movs	r1, r4
1000106e:	f000 ff3d 	bl	10001eec <ph_remove_and_free_node>
10001072:	e7e2      	b.n	1000103a <add_alarm_under_lock+0x10e>
10001074:	1000519c 	.word	0x1000519c
10001078:	10005464 	.word	0x10005464
1000107c:	100051b8 	.word	0x100051b8
10001080:	10005250 	.word	0x10005250
10001084:	10005470 	.word	0x10005470
10001088:	10005124 	.word	0x10005124
1000108c:	0fffffff 	.word	0x0fffffff
10001090:	10005178 	.word	0x10005178
10001094:	100053f8 	.word	0x100053f8
10001098:	10005120 	.word	0x10005120
1000109c:	10005454 	.word	0x10005454

100010a0 <alarm_pool_alarm_callback>:
100010a0:	b5f0      	push	{r4, r5, r6, r7, lr}
100010a2:	46de      	mov	lr, fp
100010a4:	4657      	mov	r7, sl
100010a6:	464e      	mov	r6, r9
100010a8:	4645      	mov	r5, r8
100010aa:	b5e0      	push	{r5, r6, r7, lr}
100010ac:	b08b      	sub	sp, #44	; 0x2c
100010ae:	9009      	str	r0, [sp, #36]	; 0x24
100010b0:	2300      	movs	r3, #0
100010b2:	9308      	str	r3, [sp, #32]
100010b4:	0082      	lsls	r2, r0, #2
100010b6:	4bb5      	ldr	r3, [pc, #724]	; (1000138c <alarm_pool_alarm_callback+0x2ec>)
100010b8:	58d6      	ldr	r6, [r2, r3]
100010ba:	0037      	movs	r7, r6
100010bc:	e052      	b.n	10001164 <alarm_pool_alarm_callback+0xc4>
100010be:	4bb4      	ldr	r3, [pc, #720]	; (10001390 <alarm_pool_alarm_callback+0x2f0>)
100010c0:	4ab4      	ldr	r2, [pc, #720]	; (10001394 <alarm_pool_alarm_callback+0x2f4>)
100010c2:	213f      	movs	r1, #63	; 0x3f
100010c4:	48b4      	ldr	r0, [pc, #720]	; (10001398 <alarm_pool_alarm_callback+0x2f8>)
100010c6:	f001 fa17 	bl	100024f8 <__assert_func>
100010ca:	4bb4      	ldr	r3, [pc, #720]	; (1000139c <alarm_pool_alarm_callback+0x2fc>)
100010cc:	4ab4      	ldr	r2, [pc, #720]	; (100013a0 <alarm_pool_alarm_callback+0x300>)
100010ce:	213c      	movs	r1, #60	; 0x3c
100010d0:	48b4      	ldr	r0, [pc, #720]	; (100013a4 <alarm_pool_alarm_callback+0x304>)
100010d2:	f001 fa11 	bl	100024f8 <__assert_func>
100010d6:	2900      	cmp	r1, #0
100010d8:	d101      	bne.n	100010de <alarm_pool_alarm_callback+0x3e>
100010da:	2800      	cmp	r0, #0
100010dc:	d169      	bne.n	100011b2 <alarm_pool_alarm_callback+0x112>
100010de:	2100      	movs	r1, #0
100010e0:	4640      	mov	r0, r8
100010e2:	f000 fef9 	bl	10001ed8 <ph_remove_head>
100010e6:	42a0      	cmp	r0, r4
100010e8:	d119      	bne.n	1000111e <alarm_pool_alarm_callback+0x7e>
100010ea:	682a      	ldr	r2, [r5, #0]
100010ec:	686b      	ldr	r3, [r5, #4]
100010ee:	9206      	str	r2, [sp, #24]
100010f0:	9307      	str	r3, [sp, #28]
100010f2:	68ab      	ldr	r3, [r5, #8]
100010f4:	4698      	mov	r8, r3
100010f6:	68eb      	ldr	r3, [r5, #12]
100010f8:	469a      	mov	sl, r3
100010fa:	4643      	mov	r3, r8
100010fc:	2b00      	cmp	r3, #0
100010fe:	d014      	beq.n	1000112a <alarm_pool_alarm_callback+0x8a>
10001100:	2c00      	cmp	r4, #0
10001102:	d018      	beq.n	10001136 <alarm_pool_alarm_callback+0x96>
10001104:	683b      	ldr	r3, [r7, #0]
10001106:	7b1b      	ldrb	r3, [r3, #12]
10001108:	429c      	cmp	r4, r3
1000110a:	d814      	bhi.n	10001136 <alarm_pool_alarm_callback+0x96>
1000110c:	1e63      	subs	r3, r4, #1
1000110e:	68fa      	ldr	r2, [r7, #12]
10001110:	5cd3      	ldrb	r3, [r2, r3]
10001112:	9308      	str	r3, [sp, #32]
10001114:	021b      	lsls	r3, r3, #8
10001116:	4318      	orrs	r0, r3
10001118:	6138      	str	r0, [r7, #16]
1000111a:	2000      	movs	r0, #0
1000111c:	e015      	b.n	1000114a <alarm_pool_alarm_callback+0xaa>
1000111e:	4ba2      	ldr	r3, [pc, #648]	; (100013a8 <alarm_pool_alarm_callback+0x308>)
10001120:	4aa2      	ldr	r2, [pc, #648]	; (100013ac <alarm_pool_alarm_callback+0x30c>)
10001122:	218e      	movs	r1, #142	; 0x8e
10001124:	489f      	ldr	r0, [pc, #636]	; (100013a4 <alarm_pool_alarm_callback+0x304>)
10001126:	f001 f9e7 	bl	100024f8 <__assert_func>
1000112a:	4ba1      	ldr	r3, [pc, #644]	; (100013b0 <alarm_pool_alarm_callback+0x310>)
1000112c:	4a9f      	ldr	r2, [pc, #636]	; (100013ac <alarm_pool_alarm_callback+0x30c>)
1000112e:	2192      	movs	r1, #146	; 0x92
10001130:	489c      	ldr	r0, [pc, #624]	; (100013a4 <alarm_pool_alarm_callback+0x304>)
10001132:	f001 f9e1 	bl	100024f8 <__assert_func>
10001136:	4b99      	ldr	r3, [pc, #612]	; (1000139c <alarm_pool_alarm_callback+0x2fc>)
10001138:	4a9e      	ldr	r2, [pc, #632]	; (100013b4 <alarm_pool_alarm_callback+0x314>)
1000113a:	2141      	movs	r1, #65	; 0x41
1000113c:	4899      	ldr	r0, [pc, #612]	; (100013a4 <alarm_pool_alarm_callback+0x304>)
1000113e:	f001 f9db 	bl	100024f8 <__assert_func>
10001142:	2300      	movs	r3, #0
10001144:	469a      	mov	sl, r3
10001146:	4698      	mov	r8, r3
10001148:	2000      	movs	r0, #0
1000114a:	687b      	ldr	r3, [r7, #4]
1000114c:	f3bf 8f5f 	dmb	sy
10001150:	2200      	movs	r2, #0
10001152:	601a      	str	r2, [r3, #0]
10001154:	f386 8810 	msr	PRIMASK, r6
10001158:	4643      	mov	r3, r8
1000115a:	2b00      	cmp	r3, #0
1000115c:	d132      	bne.n	100011c4 <alarm_pool_alarm_callback+0x124>
1000115e:	2800      	cmp	r0, #0
10001160:	d100      	bne.n	10001164 <alarm_pool_alarm_callback+0xc4>
10001162:	e10c      	b.n	1000137e <alarm_pool_alarm_callback+0x2de>
10001164:	f000 fbfe 	bl	10001964 <time_us_64>
10001168:	0002      	movs	r2, r0
1000116a:	1e0b      	subs	r3, r1, #0
1000116c:	dba7      	blt.n	100010be <alarm_pool_alarm_callback+0x1e>
1000116e:	2000      	movs	r0, #0
10001170:	2100      	movs	r1, #0
10001172:	9006      	str	r0, [sp, #24]
10001174:	9107      	str	r1, [sp, #28]
10001176:	6878      	ldr	r0, [r7, #4]
10001178:	f3ef 8610 	mrs	r6, PRIMASK
1000117c:	b672      	cpsid	i
1000117e:	6801      	ldr	r1, [r0, #0]
10001180:	2900      	cmp	r1, #0
10001182:	d0fc      	beq.n	1000117e <alarm_pool_alarm_callback+0xde>
10001184:	f3bf 8f5f 	dmb	sy
10001188:	6839      	ldr	r1, [r7, #0]
1000118a:	4688      	mov	r8, r1
1000118c:	7b4c      	ldrb	r4, [r1, #13]
1000118e:	2c00      	cmp	r4, #0
10001190:	d0d7      	beq.n	10001142 <alarm_pool_alarm_callback+0xa2>
10001192:	d09a      	beq.n	100010ca <alarm_pool_alarm_callback+0x2a>
10001194:	7b09      	ldrb	r1, [r1, #12]
10001196:	428c      	cmp	r4, r1
10001198:	d897      	bhi.n	100010ca <alarm_pool_alarm_callback+0x2a>
1000119a:	4987      	ldr	r1, [pc, #540]	; (100013b8 <alarm_pool_alarm_callback+0x318>)
1000119c:	1865      	adds	r5, r4, r1
1000119e:	012d      	lsls	r5, r5, #4
100011a0:	68b9      	ldr	r1, [r7, #8]
100011a2:	468c      	mov	ip, r1
100011a4:	4465      	add	r5, ip
100011a6:	6828      	ldr	r0, [r5, #0]
100011a8:	6869      	ldr	r1, [r5, #4]
100011aa:	1a80      	subs	r0, r0, r2
100011ac:	4199      	sbcs	r1, r3
100011ae:	2900      	cmp	r1, #0
100011b0:	dd91      	ble.n	100010d6 <alarm_pool_alarm_callback+0x36>
100011b2:	682a      	ldr	r2, [r5, #0]
100011b4:	686b      	ldr	r3, [r5, #4]
100011b6:	9809      	ldr	r0, [sp, #36]	; 0x24
100011b8:	f000 fc60 	bl	10001a7c <hardware_alarm_set_target>
100011bc:	2300      	movs	r3, #0
100011be:	469a      	mov	sl, r3
100011c0:	4698      	mov	r8, r3
100011c2:	e7c2      	b.n	1000114a <alarm_pool_alarm_callback+0xaa>
100011c4:	9b08      	ldr	r3, [sp, #32]
100011c6:	021b      	lsls	r3, r3, #8
100011c8:	4323      	orrs	r3, r4
100011ca:	4699      	mov	r9, r3
100011cc:	4651      	mov	r1, sl
100011ce:	0018      	movs	r0, r3
100011d0:	47c0      	blx	r8
100011d2:	0005      	movs	r5, r0
100011d4:	000e      	movs	r6, r1
100011d6:	687a      	ldr	r2, [r7, #4]
100011d8:	f3ef 8b10 	mrs	fp, PRIMASK
100011dc:	b672      	cpsid	i
100011de:	6813      	ldr	r3, [r2, #0]
100011e0:	4259      	negs	r1, r3
100011e2:	414b      	adcs	r3, r1
100011e4:	b2d9      	uxtb	r1, r3
100011e6:	2b00      	cmp	r3, #0
100011e8:	d1f9      	bne.n	100011de <alarm_pool_alarm_callback+0x13e>
100011ea:	f3bf 8f5f 	dmb	sy
100011ee:	2e00      	cmp	r6, #0
100011f0:	db1e      	blt.n	10001230 <alarm_pool_alarm_callback+0x190>
100011f2:	2e00      	cmp	r6, #0
100011f4:	dd46      	ble.n	10001284 <alarm_pool_alarm_callback+0x1e4>
100011f6:	693b      	ldr	r3, [r7, #16]
100011f8:	2b00      	cmp	r3, #0
100011fa:	d047      	beq.n	1000128c <alarm_pool_alarm_callback+0x1ec>
100011fc:	454b      	cmp	r3, r9
100011fe:	d16d      	bne.n	100012dc <alarm_pool_alarm_callback+0x23c>
10001200:	f000 fbb0 	bl	10001964 <time_us_64>
10001204:	0002      	movs	r2, r0
10001206:	1e0b      	subs	r3, r1, #0
10001208:	db6e      	blt.n	100012e8 <alarm_pool_alarm_callback+0x248>
1000120a:	1952      	adds	r2, r2, r5
1000120c:	4173      	adcs	r3, r6
1000120e:	2b00      	cmp	r3, #0
10001210:	db70      	blt.n	100012f4 <alarm_pool_alarm_callback+0x254>
10001212:	2b00      	cmp	r3, #0
10001214:	db72      	blt.n	100012fc <alarm_pool_alarm_callback+0x25c>
10001216:	2100      	movs	r1, #0
10001218:	9104      	str	r1, [sp, #16]
1000121a:	3101      	adds	r1, #1
1000121c:	9103      	str	r1, [sp, #12]
1000121e:	9402      	str	r4, [sp, #8]
10001220:	4651      	mov	r1, sl
10001222:	9101      	str	r1, [sp, #4]
10001224:	4641      	mov	r1, r8
10001226:	9100      	str	r1, [sp, #0]
10001228:	0038      	movs	r0, r7
1000122a:	f7ff fe7f 	bl	10000f2c <add_alarm_under_lock>
1000122e:	e04c      	b.n	100012ca <alarm_pool_alarm_callback+0x22a>
10001230:	693b      	ldr	r3, [r7, #16]
10001232:	2b00      	cmp	r3, #0
10001234:	d0dd      	beq.n	100011f2 <alarm_pool_alarm_callback+0x152>
10001236:	454b      	cmp	r3, r9
10001238:	d114      	bne.n	10001264 <alarm_pool_alarm_callback+0x1c4>
1000123a:	9a06      	ldr	r2, [sp, #24]
1000123c:	9b07      	ldr	r3, [sp, #28]
1000123e:	1b52      	subs	r2, r2, r5
10001240:	41b3      	sbcs	r3, r6
10001242:	2b00      	cmp	r3, #0
10001244:	db14      	blt.n	10001270 <alarm_pool_alarm_callback+0x1d0>
10001246:	2b00      	cmp	r3, #0
10001248:	db16      	blt.n	10001278 <alarm_pool_alarm_callback+0x1d8>
1000124a:	2100      	movs	r1, #0
1000124c:	9104      	str	r1, [sp, #16]
1000124e:	3101      	adds	r1, #1
10001250:	9103      	str	r1, [sp, #12]
10001252:	9402      	str	r4, [sp, #8]
10001254:	4651      	mov	r1, sl
10001256:	9101      	str	r1, [sp, #4]
10001258:	4641      	mov	r1, r8
1000125a:	9100      	str	r1, [sp, #0]
1000125c:	0038      	movs	r0, r7
1000125e:	f7ff fe65 	bl	10000f2c <add_alarm_under_lock>
10001262:	e032      	b.n	100012ca <alarm_pool_alarm_callback+0x22a>
10001264:	4b55      	ldr	r3, [pc, #340]	; (100013bc <alarm_pool_alarm_callback+0x31c>)
10001266:	4a51      	ldr	r2, [pc, #324]	; (100013ac <alarm_pool_alarm_callback+0x30c>)
10001268:	21a1      	movs	r1, #161	; 0xa1
1000126a:	484e      	ldr	r0, [pc, #312]	; (100013a4 <alarm_pool_alarm_callback+0x304>)
1000126c:	f001 f944 	bl	100024f8 <__assert_func>
10001270:	2201      	movs	r2, #1
10001272:	4252      	negs	r2, r2
10001274:	4b52      	ldr	r3, [pc, #328]	; (100013c0 <alarm_pool_alarm_callback+0x320>)
10001276:	e7e6      	b.n	10001246 <alarm_pool_alarm_callback+0x1a6>
10001278:	4b45      	ldr	r3, [pc, #276]	; (10001390 <alarm_pool_alarm_callback+0x2f0>)
1000127a:	4a46      	ldr	r2, [pc, #280]	; (10001394 <alarm_pool_alarm_callback+0x2f4>)
1000127c:	213f      	movs	r1, #63	; 0x3f
1000127e:	4846      	ldr	r0, [pc, #280]	; (10001398 <alarm_pool_alarm_callback+0x2f8>)
10001280:	f001 f93a 	bl	100024f8 <__assert_func>
10001284:	2e00      	cmp	r6, #0
10001286:	d101      	bne.n	1000128c <alarm_pool_alarm_callback+0x1ec>
10001288:	2d00      	cmp	r5, #0
1000128a:	d1b4      	bne.n	100011f6 <alarm_pool_alarm_callback+0x156>
1000128c:	683b      	ldr	r3, [r7, #0]
1000128e:	2c00      	cmp	r4, #0
10001290:	d050      	beq.n	10001334 <alarm_pool_alarm_callback+0x294>
10001292:	7b5a      	ldrb	r2, [r3, #13]
10001294:	4294      	cmp	r4, r2
10001296:	d137      	bne.n	10001308 <alarm_pool_alarm_callback+0x268>
10001298:	2101      	movs	r1, #1
1000129a:	2900      	cmp	r1, #0
1000129c:	d14a      	bne.n	10001334 <alarm_pool_alarm_callback+0x294>
1000129e:	7bda      	ldrb	r2, [r3, #15]
100012a0:	2a00      	cmp	r2, #0
100012a2:	d14d      	bne.n	10001340 <alarm_pool_alarm_callback+0x2a0>
100012a4:	7b9a      	ldrb	r2, [r3, #14]
100012a6:	2a00      	cmp	r2, #0
100012a8:	d103      	bne.n	100012b2 <alarm_pool_alarm_callback+0x212>
100012aa:	7bda      	ldrb	r2, [r3, #15]
100012ac:	2a00      	cmp	r2, #0
100012ae:	d15a      	bne.n	10001366 <alarm_pool_alarm_callback+0x2c6>
100012b0:	739c      	strb	r4, [r3, #14]
100012b2:	73dc      	strb	r4, [r3, #15]
100012b4:	2c00      	cmp	r4, #0
100012b6:	d05c      	beq.n	10001372 <alarm_pool_alarm_callback+0x2d2>
100012b8:	683b      	ldr	r3, [r7, #0]
100012ba:	7b1b      	ldrb	r3, [r3, #12]
100012bc:	429c      	cmp	r4, r3
100012be:	d858      	bhi.n	10001372 <alarm_pool_alarm_callback+0x2d2>
100012c0:	68fa      	ldr	r2, [r7, #12]
100012c2:	3c01      	subs	r4, #1
100012c4:	5d13      	ldrb	r3, [r2, r4]
100012c6:	3301      	adds	r3, #1
100012c8:	5513      	strb	r3, [r2, r4]
100012ca:	2300      	movs	r3, #0
100012cc:	613b      	str	r3, [r7, #16]
100012ce:	687a      	ldr	r2, [r7, #4]
100012d0:	f3bf 8f5f 	dmb	sy
100012d4:	6013      	str	r3, [r2, #0]
100012d6:	f38b 8810 	msr	PRIMASK, fp
100012da:	e743      	b.n	10001164 <alarm_pool_alarm_callback+0xc4>
100012dc:	4b37      	ldr	r3, [pc, #220]	; (100013bc <alarm_pool_alarm_callback+0x31c>)
100012de:	4a33      	ldr	r2, [pc, #204]	; (100013ac <alarm_pool_alarm_callback+0x30c>)
100012e0:	21a4      	movs	r1, #164	; 0xa4
100012e2:	4830      	ldr	r0, [pc, #192]	; (100013a4 <alarm_pool_alarm_callback+0x304>)
100012e4:	f001 f908 	bl	100024f8 <__assert_func>
100012e8:	4b29      	ldr	r3, [pc, #164]	; (10001390 <alarm_pool_alarm_callback+0x2f0>)
100012ea:	4a2a      	ldr	r2, [pc, #168]	; (10001394 <alarm_pool_alarm_callback+0x2f4>)
100012ec:	213f      	movs	r1, #63	; 0x3f
100012ee:	482a      	ldr	r0, [pc, #168]	; (10001398 <alarm_pool_alarm_callback+0x2f8>)
100012f0:	f001 f902 	bl	100024f8 <__assert_func>
100012f4:	2201      	movs	r2, #1
100012f6:	4252      	negs	r2, r2
100012f8:	4b31      	ldr	r3, [pc, #196]	; (100013c0 <alarm_pool_alarm_callback+0x320>)
100012fa:	e78a      	b.n	10001212 <alarm_pool_alarm_callback+0x172>
100012fc:	4b24      	ldr	r3, [pc, #144]	; (10001390 <alarm_pool_alarm_callback+0x2f0>)
100012fe:	4a25      	ldr	r2, [pc, #148]	; (10001394 <alarm_pool_alarm_callback+0x2f4>)
10001300:	213f      	movs	r1, #63	; 0x3f
10001302:	4825      	ldr	r0, [pc, #148]	; (10001398 <alarm_pool_alarm_callback+0x2f8>)
10001304:	f001 f8f8 	bl	100024f8 <__assert_func>
10001308:	2c00      	cmp	r4, #0
1000130a:	d00d      	beq.n	10001328 <alarm_pool_alarm_callback+0x288>
1000130c:	7b1a      	ldrb	r2, [r3, #12]
1000130e:	4294      	cmp	r4, r2
10001310:	d80a      	bhi.n	10001328 <alarm_pool_alarm_callback+0x288>
10001312:	0062      	lsls	r2, r4, #1
10001314:	1912      	adds	r2, r2, r4
10001316:	3a03      	subs	r2, #3
10001318:	6818      	ldr	r0, [r3, #0]
1000131a:	4684      	mov	ip, r0
1000131c:	4462      	add	r2, ip
1000131e:	7892      	ldrb	r2, [r2, #2]
10001320:	2a00      	cmp	r2, #0
10001322:	d0ba      	beq.n	1000129a <alarm_pool_alarm_callback+0x1fa>
10001324:	2101      	movs	r1, #1
10001326:	e7b8      	b.n	1000129a <alarm_pool_alarm_callback+0x1fa>
10001328:	4b26      	ldr	r3, [pc, #152]	; (100013c4 <alarm_pool_alarm_callback+0x324>)
1000132a:	4a27      	ldr	r2, [pc, #156]	; (100013c8 <alarm_pool_alarm_callback+0x328>)
1000132c:	2168      	movs	r1, #104	; 0x68
1000132e:	4827      	ldr	r0, [pc, #156]	; (100013cc <alarm_pool_alarm_callback+0x32c>)
10001330:	f001 f8e2 	bl	100024f8 <__assert_func>
10001334:	4b26      	ldr	r3, [pc, #152]	; (100013d0 <alarm_pool_alarm_callback+0x330>)
10001336:	4a27      	ldr	r2, [pc, #156]	; (100013d4 <alarm_pool_alarm_callback+0x334>)
10001338:	21f6      	movs	r1, #246	; 0xf6
1000133a:	4824      	ldr	r0, [pc, #144]	; (100013cc <alarm_pool_alarm_callback+0x32c>)
1000133c:	f001 f8dc 	bl	100024f8 <__assert_func>
10001340:	2a00      	cmp	r2, #0
10001342:	d00a      	beq.n	1000135a <alarm_pool_alarm_callback+0x2ba>
10001344:	7b19      	ldrb	r1, [r3, #12]
10001346:	428a      	cmp	r2, r1
10001348:	d807      	bhi.n	1000135a <alarm_pool_alarm_callback+0x2ba>
1000134a:	0051      	lsls	r1, r2, #1
1000134c:	188a      	adds	r2, r1, r2
1000134e:	3a03      	subs	r2, #3
10001350:	6819      	ldr	r1, [r3, #0]
10001352:	468c      	mov	ip, r1
10001354:	4462      	add	r2, ip
10001356:	7054      	strb	r4, [r2, #1]
10001358:	e7a4      	b.n	100012a4 <alarm_pool_alarm_callback+0x204>
1000135a:	4b1a      	ldr	r3, [pc, #104]	; (100013c4 <alarm_pool_alarm_callback+0x324>)
1000135c:	4a1a      	ldr	r2, [pc, #104]	; (100013c8 <alarm_pool_alarm_callback+0x328>)
1000135e:	2168      	movs	r1, #104	; 0x68
10001360:	481a      	ldr	r0, [pc, #104]	; (100013cc <alarm_pool_alarm_callback+0x32c>)
10001362:	f001 f8c9 	bl	100024f8 <__assert_func>
10001366:	4b1c      	ldr	r3, [pc, #112]	; (100013d8 <alarm_pool_alarm_callback+0x338>)
10001368:	4a1a      	ldr	r2, [pc, #104]	; (100013d4 <alarm_pool_alarm_callback+0x334>)
1000136a:	21fb      	movs	r1, #251	; 0xfb
1000136c:	4817      	ldr	r0, [pc, #92]	; (100013cc <alarm_pool_alarm_callback+0x32c>)
1000136e:	f001 f8c3 	bl	100024f8 <__assert_func>
10001372:	4b0a      	ldr	r3, [pc, #40]	; (1000139c <alarm_pool_alarm_callback+0x2fc>)
10001374:	4a0f      	ldr	r2, [pc, #60]	; (100013b4 <alarm_pool_alarm_callback+0x314>)
10001376:	2141      	movs	r1, #65	; 0x41
10001378:	480a      	ldr	r0, [pc, #40]	; (100013a4 <alarm_pool_alarm_callback+0x304>)
1000137a:	f001 f8bd 	bl	100024f8 <__assert_func>
1000137e:	b00b      	add	sp, #44	; 0x2c
10001380:	bcf0      	pop	{r4, r5, r6, r7}
10001382:	46bb      	mov	fp, r7
10001384:	46b2      	mov	sl, r6
10001386:	46a9      	mov	r9, r5
10001388:	46a0      	mov	r8, r4
1000138a:	bdf0      	pop	{r4, r5, r6, r7, pc}
1000138c:	200004e4 	.word	0x200004e4
10001390:	10005034 	.word	0x10005034
10001394:	100053c4 	.word	0x100053c4
10001398:	10005050 	.word	0x10005050
1000139c:	10005178 	.word	0x10005178
100013a0:	100053f8 	.word	0x100053f8
100013a4:	10005124 	.word	0x10005124
100013a8:	10005278 	.word	0x10005278
100013ac:	100053dc 	.word	0x100053dc
100013b0:	10005290 	.word	0x10005290
100013b4:	1000541c 	.word	0x1000541c
100013b8:	0fffffff 	.word	0x0fffffff
100013bc:	1000529c 	.word	0x1000529c
100013c0:	7fffffff 	.word	0x7fffffff
100013c4:	1000519c 	.word	0x1000519c
100013c8:	10005464 	.word	0x10005464
100013cc:	100051b8 	.word	0x100051b8
100013d0:	100052d8 	.word	0x100052d8
100013d4:	10005430 	.word	0x10005430
100013d8:	100052fc 	.word	0x100052fc

100013dc <alarm_pool_init_default>:
100013dc:	b510      	push	{r4, lr}
100013de:	4b0c      	ldr	r3, [pc, #48]	; (10001410 <alarm_pool_init_default+0x34>)
100013e0:	685b      	ldr	r3, [r3, #4]
100013e2:	2b00      	cmp	r3, #0
100013e4:	d004      	beq.n	100013f0 <alarm_pool_init_default+0x14>
100013e6:	210a      	movs	r1, #10
100013e8:	480a      	ldr	r0, [pc, #40]	; (10001414 <alarm_pool_init_default+0x38>)
100013ea:	f7ff fc93 	bl	10000d14 <lock_init>
100013ee:	bd10      	pop	{r4, pc}
100013f0:	4c07      	ldr	r4, [pc, #28]	; (10001410 <alarm_pool_init_default+0x34>)
100013f2:	0023      	movs	r3, r4
100013f4:	4a08      	ldr	r2, [pc, #32]	; (10001418 <alarm_pool_init_default+0x3c>)
100013f6:	2110      	movs	r1, #16
100013f8:	6820      	ldr	r0, [r4, #0]
100013fa:	f000 fc7d 	bl	10001cf8 <ph_post_alloc_init>
100013fe:	2003      	movs	r0, #3
10001400:	f000 faa4 	bl	1000194c <hardware_alarm_claim>
10001404:	2103      	movs	r1, #3
10001406:	0020      	movs	r0, r4
10001408:	f7ff fca8 	bl	10000d5c <alarm_pool_post_alloc_init>
1000140c:	e7eb      	b.n	100013e6 <alarm_pool_init_default+0xa>
1000140e:	46c0      	nop			; (mov r8, r8)
10001410:	200002ac 	.word	0x200002ac
10001414:	200006f8 	.word	0x200006f8
10001418:	10000dcd 	.word	0x10000dcd

1000141c <alarm_pool_get_default>:
1000141c:	b510      	push	{r4, lr}
1000141e:	4b06      	ldr	r3, [pc, #24]	; (10001438 <alarm_pool_get_default+0x1c>)
10001420:	685b      	ldr	r3, [r3, #4]
10001422:	2b00      	cmp	r3, #0
10001424:	d001      	beq.n	1000142a <alarm_pool_get_default+0xe>
10001426:	4804      	ldr	r0, [pc, #16]	; (10001438 <alarm_pool_get_default+0x1c>)
10001428:	bd10      	pop	{r4, pc}
1000142a:	4b04      	ldr	r3, [pc, #16]	; (1000143c <alarm_pool_get_default+0x20>)
1000142c:	4a04      	ldr	r2, [pc, #16]	; (10001440 <alarm_pool_get_default+0x24>)
1000142e:	215e      	movs	r1, #94	; 0x5e
10001430:	4804      	ldr	r0, [pc, #16]	; (10001444 <alarm_pool_get_default+0x28>)
10001432:	f001 f861 	bl	100024f8 <__assert_func>
10001436:	46c0      	nop			; (mov r8, r8)
10001438:	200002ac 	.word	0x200002ac
1000143c:	10005310 	.word	0x10005310
10001440:	10005404 	.word	0x10005404
10001444:	10005124 	.word	0x10005124

10001448 <alarm_pool_add_alarm_at>:
10001448:	b5f0      	push	{r4, r5, r6, r7, lr}
1000144a:	46de      	mov	lr, fp
1000144c:	4657      	mov	r7, sl
1000144e:	464e      	mov	r6, r9
10001450:	4645      	mov	r5, r8
10001452:	b5e0      	push	{r5, r6, r7, lr}
10001454:	b08b      	sub	sp, #44	; 0x2c
10001456:	4680      	mov	r8, r0
10001458:	0016      	movs	r6, r2
1000145a:	001f      	movs	r7, r3
1000145c:	9b14      	ldr	r3, [sp, #80]	; 0x50
1000145e:	469a      	mov	sl, r3
10001460:	9b15      	ldr	r3, [sp, #84]	; 0x54
10001462:	4699      	mov	r9, r3
10001464:	ab16      	add	r3, sp, #88	; 0x58
10001466:	781b      	ldrb	r3, [r3, #0]
10001468:	469b      	mov	fp, r3
1000146a:	231f      	movs	r3, #31
1000146c:	aa02      	add	r2, sp, #8
1000146e:	4694      	mov	ip, r2
10001470:	4463      	add	r3, ip
10001472:	2200      	movs	r2, #0
10001474:	701a      	strb	r2, [r3, #0]
10001476:	e02b      	b.n	100014d0 <alarm_pool_add_alarm_at+0x88>
10001478:	2800      	cmp	r0, #0
1000147a:	d009      	beq.n	10001490 <alarm_pool_add_alarm_at+0x48>
1000147c:	4642      	mov	r2, r8
1000147e:	6812      	ldr	r2, [r2, #0]
10001480:	7b12      	ldrb	r2, [r2, #12]
10001482:	4290      	cmp	r0, r2
10001484:	d804      	bhi.n	10001490 <alarm_pool_add_alarm_at+0x48>
10001486:	1e42      	subs	r2, r0, #1
10001488:	4641      	mov	r1, r8
1000148a:	68c9      	ldr	r1, [r1, #12]
1000148c:	5c8a      	ldrb	r2, [r1, r2]
1000148e:	e041      	b.n	10001514 <alarm_pool_add_alarm_at+0xcc>
10001490:	4b40      	ldr	r3, [pc, #256]	; (10001594 <alarm_pool_add_alarm_at+0x14c>)
10001492:	4a41      	ldr	r2, [pc, #260]	; (10001598 <alarm_pool_add_alarm_at+0x150>)
10001494:	2141      	movs	r1, #65	; 0x41
10001496:	4841      	ldr	r0, [pc, #260]	; (1000159c <alarm_pool_add_alarm_at+0x154>)
10001498:	f001 f82e 	bl	100024f8 <__assert_func>
1000149c:	9807      	ldr	r0, [sp, #28]
1000149e:	e04c      	b.n	1000153a <alarm_pool_add_alarm_at+0xf2>
100014a0:	1b36      	subs	r6, r6, r4
100014a2:	41af      	sbcs	r7, r5
100014a4:	2f00      	cmp	r7, #0
100014a6:	db07      	blt.n	100014b8 <alarm_pool_add_alarm_at+0x70>
100014a8:	2f00      	cmp	r7, #0
100014aa:	da11      	bge.n	100014d0 <alarm_pool_add_alarm_at+0x88>
100014ac:	4b3c      	ldr	r3, [pc, #240]	; (100015a0 <alarm_pool_add_alarm_at+0x158>)
100014ae:	4a3d      	ldr	r2, [pc, #244]	; (100015a4 <alarm_pool_add_alarm_at+0x15c>)
100014b0:	213f      	movs	r1, #63	; 0x3f
100014b2:	483d      	ldr	r0, [pc, #244]	; (100015a8 <alarm_pool_add_alarm_at+0x160>)
100014b4:	f001 f820 	bl	100024f8 <__assert_func>
100014b8:	2601      	movs	r6, #1
100014ba:	4276      	negs	r6, r6
100014bc:	4f3b      	ldr	r7, [pc, #236]	; (100015ac <alarm_pool_add_alarm_at+0x164>)
100014be:	e7f3      	b.n	100014a8 <alarm_pool_add_alarm_at+0x60>
100014c0:	4b37      	ldr	r3, [pc, #220]	; (100015a0 <alarm_pool_add_alarm_at+0x158>)
100014c2:	4a38      	ldr	r2, [pc, #224]	; (100015a4 <alarm_pool_add_alarm_at+0x15c>)
100014c4:	213f      	movs	r1, #63	; 0x3f
100014c6:	4838      	ldr	r0, [pc, #224]	; (100015a8 <alarm_pool_add_alarm_at+0x160>)
100014c8:	f001 f816 	bl	100024f8 <__assert_func>
100014cc:	2f00      	cmp	r7, #0
100014ce:	db4f      	blt.n	10001570 <alarm_pool_add_alarm_at+0x128>
100014d0:	4643      	mov	r3, r8
100014d2:	685a      	ldr	r2, [r3, #4]
100014d4:	f3ef 8410 	mrs	r4, PRIMASK
100014d8:	b672      	cpsid	i
100014da:	6813      	ldr	r3, [r2, #0]
100014dc:	4259      	negs	r1, r3
100014de:	414b      	adcs	r3, r1
100014e0:	b2d9      	uxtb	r1, r3
100014e2:	9107      	str	r1, [sp, #28]
100014e4:	2b00      	cmp	r3, #0
100014e6:	d1f8      	bne.n	100014da <alarm_pool_add_alarm_at+0x92>
100014e8:	f3bf 8f5f 	dmb	sy
100014ec:	331f      	adds	r3, #31
100014ee:	aa02      	add	r2, sp, #8
100014f0:	4694      	mov	ip, r2
100014f2:	4463      	add	r3, ip
100014f4:	9304      	str	r3, [sp, #16]
100014f6:	2300      	movs	r3, #0
100014f8:	9303      	str	r3, [sp, #12]
100014fa:	9302      	str	r3, [sp, #8]
100014fc:	464b      	mov	r3, r9
100014fe:	9301      	str	r3, [sp, #4]
10001500:	4653      	mov	r3, sl
10001502:	9300      	str	r3, [sp, #0]
10001504:	0032      	movs	r2, r6
10001506:	003b      	movs	r3, r7
10001508:	4640      	mov	r0, r8
1000150a:	f7ff fd0f 	bl	10000f2c <add_alarm_under_lock>
1000150e:	1e03      	subs	r3, r0, #0
10001510:	d1b2      	bne.n	10001478 <alarm_pool_add_alarm_at+0x30>
10001512:	0002      	movs	r2, r0
10001514:	4641      	mov	r1, r8
10001516:	6849      	ldr	r1, [r1, #4]
10001518:	f3bf 8f5f 	dmb	sy
1000151c:	2500      	movs	r5, #0
1000151e:	600d      	str	r5, [r1, #0]
10001520:	f384 8810 	msr	PRIMASK, r4
10001524:	2b00      	cmp	r3, #0
10001526:	d029      	beq.n	1000157c <alarm_pool_add_alarm_at+0x134>
10001528:	231f      	movs	r3, #31
1000152a:	a902      	add	r1, sp, #8
1000152c:	468c      	mov	ip, r1
1000152e:	4463      	add	r3, ip
10001530:	781b      	ldrb	r3, [r3, #0]
10001532:	2b00      	cmp	r3, #0
10001534:	d1b2      	bne.n	1000149c <alarm_pool_add_alarm_at+0x54>
10001536:	0212      	lsls	r2, r2, #8
10001538:	4310      	orrs	r0, r2
1000153a:	2b00      	cmp	r3, #0
1000153c:	d020      	beq.n	10001580 <alarm_pool_add_alarm_at+0x138>
1000153e:	465b      	mov	r3, fp
10001540:	2b00      	cmp	r3, #0
10001542:	d01d      	beq.n	10001580 <alarm_pool_add_alarm_at+0x138>
10001544:	4649      	mov	r1, r9
10001546:	47d0      	blx	sl
10001548:	0004      	movs	r4, r0
1000154a:	000d      	movs	r5, r1
1000154c:	0003      	movs	r3, r0
1000154e:	430b      	orrs	r3, r1
10001550:	d01d      	beq.n	1000158e <alarm_pool_add_alarm_at+0x146>
10001552:	2900      	cmp	r1, #0
10001554:	dba4      	blt.n	100014a0 <alarm_pool_add_alarm_at+0x58>
10001556:	f000 fa05 	bl	10001964 <time_us_64>
1000155a:	0006      	movs	r6, r0
1000155c:	1e0f      	subs	r7, r1, #0
1000155e:	dbaf      	blt.n	100014c0 <alarm_pool_add_alarm_at+0x78>
10001560:	1936      	adds	r6, r6, r4
10001562:	416f      	adcs	r7, r5
10001564:	2f00      	cmp	r7, #0
10001566:	dab1      	bge.n	100014cc <alarm_pool_add_alarm_at+0x84>
10001568:	2601      	movs	r6, #1
1000156a:	4276      	negs	r6, r6
1000156c:	4f0f      	ldr	r7, [pc, #60]	; (100015ac <alarm_pool_add_alarm_at+0x164>)
1000156e:	e7ad      	b.n	100014cc <alarm_pool_add_alarm_at+0x84>
10001570:	4b0b      	ldr	r3, [pc, #44]	; (100015a0 <alarm_pool_add_alarm_at+0x158>)
10001572:	4a0c      	ldr	r2, [pc, #48]	; (100015a4 <alarm_pool_add_alarm_at+0x15c>)
10001574:	213f      	movs	r1, #63	; 0x3f
10001576:	480c      	ldr	r0, [pc, #48]	; (100015a8 <alarm_pool_add_alarm_at+0x160>)
10001578:	f000 ffbe 	bl	100024f8 <__assert_func>
1000157c:	2001      	movs	r0, #1
1000157e:	4240      	negs	r0, r0
10001580:	b00b      	add	sp, #44	; 0x2c
10001582:	bcf0      	pop	{r4, r5, r6, r7}
10001584:	46bb      	mov	fp, r7
10001586:	46b2      	mov	sl, r6
10001588:	46a9      	mov	r9, r5
1000158a:	46a0      	mov	r8, r4
1000158c:	bdf0      	pop	{r4, r5, r6, r7, pc}
1000158e:	9807      	ldr	r0, [sp, #28]
10001590:	e7f6      	b.n	10001580 <alarm_pool_add_alarm_at+0x138>
10001592:	46c0      	nop			; (mov r8, r8)
10001594:	10005178 	.word	0x10005178
10001598:	1000541c 	.word	0x1000541c
1000159c:	10005124 	.word	0x10005124
100015a0:	10005034 	.word	0x10005034
100015a4:	100053c4 	.word	0x100053c4
100015a8:	10005050 	.word	0x10005050
100015ac:	7fffffff 	.word	0x7fffffff

100015b0 <alarm_pool_cancel_alarm>:
100015b0:	b5f8      	push	{r3, r4, r5, r6, r7, lr}
100015b2:	0004      	movs	r4, r0
100015b4:	2900      	cmp	r1, #0
100015b6:	d100      	bne.n	100015ba <alarm_pool_cancel_alarm+0xa>
100015b8:	e062      	b.n	10001680 <alarm_pool_cancel_alarm+0xd0>
100015ba:	6842      	ldr	r2, [r0, #4]
100015bc:	f3ef 8510 	mrs	r5, PRIMASK
100015c0:	b672      	cpsid	i
100015c2:	6813      	ldr	r3, [r2, #0]
100015c4:	4258      	negs	r0, r3
100015c6:	4143      	adcs	r3, r0
100015c8:	b2d8      	uxtb	r0, r3
100015ca:	2b00      	cmp	r3, #0
100015cc:	d1f9      	bne.n	100015c2 <alarm_pool_cancel_alarm+0x12>
100015ce:	f3bf 8f5f 	dmb	sy
100015d2:	b2cb      	uxtb	r3, r1
100015d4:	6822      	ldr	r2, [r4, #0]
100015d6:	7b56      	ldrb	r6, [r2, #13]
100015d8:	42b3      	cmp	r3, r6
100015da:	d11b      	bne.n	10001614 <alarm_pool_cancel_alarm+0x64>
100015dc:	2001      	movs	r0, #1
100015de:	2800      	cmp	r0, #0
100015e0:	d048      	beq.n	10001674 <alarm_pool_cancel_alarm+0xc4>
100015e2:	6920      	ldr	r0, [r4, #16]
100015e4:	4288      	cmp	r0, r1
100015e6:	d02b      	beq.n	10001640 <alarm_pool_cancel_alarm+0x90>
100015e8:	0a09      	lsrs	r1, r1, #8
100015ea:	b2c9      	uxtb	r1, r1
100015ec:	2b00      	cmp	r3, #0
100015ee:	d02e      	beq.n	1000164e <alarm_pool_cancel_alarm+0x9e>
100015f0:	6820      	ldr	r0, [r4, #0]
100015f2:	7b00      	ldrb	r0, [r0, #12]
100015f4:	4283      	cmp	r3, r0
100015f6:	d82a      	bhi.n	1000164e <alarm_pool_cancel_alarm+0x9e>
100015f8:	1e58      	subs	r0, r3, #1
100015fa:	68e6      	ldr	r6, [r4, #12]
100015fc:	5c30      	ldrb	r0, [r6, r0]
100015fe:	4288      	cmp	r0, r1
10001600:	d02b      	beq.n	1000165a <alarm_pool_cancel_alarm+0xaa>
10001602:	2000      	movs	r0, #0
10001604:	6863      	ldr	r3, [r4, #4]
10001606:	f3bf 8f5f 	dmb	sy
1000160a:	2200      	movs	r2, #0
1000160c:	601a      	str	r2, [r3, #0]
1000160e:	f385 8810 	msr	PRIMASK, r5
10001612:	bdf8      	pop	{r3, r4, r5, r6, r7, pc}
10001614:	2b00      	cmp	r3, #0
10001616:	d00d      	beq.n	10001634 <alarm_pool_cancel_alarm+0x84>
10001618:	7b16      	ldrb	r6, [r2, #12]
1000161a:	42b3      	cmp	r3, r6
1000161c:	d80a      	bhi.n	10001634 <alarm_pool_cancel_alarm+0x84>
1000161e:	005e      	lsls	r6, r3, #1
10001620:	18f6      	adds	r6, r6, r3
10001622:	3e03      	subs	r6, #3
10001624:	6817      	ldr	r7, [r2, #0]
10001626:	46bc      	mov	ip, r7
10001628:	4466      	add	r6, ip
1000162a:	78b6      	ldrb	r6, [r6, #2]
1000162c:	2e00      	cmp	r6, #0
1000162e:	d0d6      	beq.n	100015de <alarm_pool_cancel_alarm+0x2e>
10001630:	2001      	movs	r0, #1
10001632:	e7d4      	b.n	100015de <alarm_pool_cancel_alarm+0x2e>
10001634:	4b13      	ldr	r3, [pc, #76]	; (10001684 <alarm_pool_cancel_alarm+0xd4>)
10001636:	4a14      	ldr	r2, [pc, #80]	; (10001688 <alarm_pool_cancel_alarm+0xd8>)
10001638:	2168      	movs	r1, #104	; 0x68
1000163a:	4814      	ldr	r0, [pc, #80]	; (1000168c <alarm_pool_cancel_alarm+0xdc>)
1000163c:	f000 ff5c 	bl	100024f8 <__assert_func>
10001640:	212c      	movs	r1, #44	; 0x2c
10001642:	4b13      	ldr	r3, [pc, #76]	; (10001690 <alarm_pool_cancel_alarm+0xe0>)
10001644:	4a13      	ldr	r2, [pc, #76]	; (10001694 <alarm_pool_cancel_alarm+0xe4>)
10001646:	31ff      	adds	r1, #255	; 0xff
10001648:	4813      	ldr	r0, [pc, #76]	; (10001698 <alarm_pool_cancel_alarm+0xe8>)
1000164a:	f000 ff55 	bl	100024f8 <__assert_func>
1000164e:	4b13      	ldr	r3, [pc, #76]	; (1000169c <alarm_pool_cancel_alarm+0xec>)
10001650:	4a13      	ldr	r2, [pc, #76]	; (100016a0 <alarm_pool_cancel_alarm+0xf0>)
10001652:	2141      	movs	r1, #65	; 0x41
10001654:	4810      	ldr	r0, [pc, #64]	; (10001698 <alarm_pool_cancel_alarm+0xe8>)
10001656:	f000 ff4f 	bl	100024f8 <__assert_func>
1000165a:	0019      	movs	r1, r3
1000165c:	0010      	movs	r0, r2
1000165e:	f000 fc45 	bl	10001eec <ph_remove_and_free_node>
10001662:	2800      	cmp	r0, #0
10001664:	d1ce      	bne.n	10001604 <alarm_pool_cancel_alarm+0x54>
10001666:	2199      	movs	r1, #153	; 0x99
10001668:	4b0e      	ldr	r3, [pc, #56]	; (100016a4 <alarm_pool_cancel_alarm+0xf4>)
1000166a:	4a0a      	ldr	r2, [pc, #40]	; (10001694 <alarm_pool_cancel_alarm+0xe4>)
1000166c:	0049      	lsls	r1, r1, #1
1000166e:	480a      	ldr	r0, [pc, #40]	; (10001698 <alarm_pool_cancel_alarm+0xe8>)
10001670:	f000 ff42 	bl	100024f8 <__assert_func>
10001674:	6923      	ldr	r3, [r4, #16]
10001676:	428b      	cmp	r3, r1
10001678:	d1c4      	bne.n	10001604 <alarm_pool_cancel_alarm+0x54>
1000167a:	2300      	movs	r3, #0
1000167c:	6123      	str	r3, [r4, #16]
1000167e:	e7c1      	b.n	10001604 <alarm_pool_cancel_alarm+0x54>
10001680:	2000      	movs	r0, #0
10001682:	e7c6      	b.n	10001612 <alarm_pool_cancel_alarm+0x62>
10001684:	1000519c 	.word	0x1000519c
10001688:	10005464 	.word	0x10005464
1000168c:	100051b8 	.word	0x100051b8
10001690:	10005334 	.word	0x10005334
10001694:	100053ac 	.word	0x100053ac
10001698:	10005124 	.word	0x10005124
1000169c:	10005178 	.word	0x10005178
100016a0:	1000541c 	.word	0x1000541c
100016a4:	10005358 	.word	0x10005358

100016a8 <sleep_until>:
100016a8:	b5f0      	push	{r4, r5, r6, r7, lr}
100016aa:	b087      	sub	sp, #28
100016ac:	0006      	movs	r6, r0
100016ae:	000f      	movs	r7, r1
100016b0:	f3ef 8305 	mrs	r3, IPSR
100016b4:	2b00      	cmp	r3, #0
100016b6:	d11f      	bne.n	100016f8 <sleep_until+0x50>
100016b8:	2406      	movs	r4, #6
100016ba:	4264      	negs	r4, r4
100016bc:	17e5      	asrs	r5, r4, #31
100016be:	19a4      	adds	r4, r4, r6
100016c0:	417d      	adcs	r5, r7
100016c2:	428d      	cmp	r5, r1
100016c4:	d802      	bhi.n	100016cc <sleep_until+0x24>
100016c6:	d103      	bne.n	100016d0 <sleep_until+0x28>
100016c8:	4284      	cmp	r4, r0
100016ca:	d901      	bls.n	100016d0 <sleep_until+0x28>
100016cc:	2400      	movs	r4, #0
100016ce:	2500      	movs	r5, #0
100016d0:	2d00      	cmp	r5, #0
100016d2:	db14      	blt.n	100016fe <sleep_until+0x56>
100016d4:	9404      	str	r4, [sp, #16]
100016d6:	9505      	str	r5, [sp, #20]
100016d8:	f000 f944 	bl	10001964 <time_us_64>
100016dc:	0002      	movs	r2, r0
100016de:	1e0b      	subs	r3, r1, #0
100016e0:	db13      	blt.n	1000170a <sleep_until+0x62>
100016e2:	1aa4      	subs	r4, r4, r2
100016e4:	419d      	sbcs	r5, r3
100016e6:	2d00      	cmp	r5, #0
100016e8:	dc17      	bgt.n	1000171a <sleep_until+0x72>
100016ea:	d014      	beq.n	10001716 <sleep_until+0x6e>
100016ec:	0030      	movs	r0, r6
100016ee:	0039      	movs	r1, r7
100016f0:	f000 f944 	bl	1000197c <busy_wait_until>
100016f4:	b007      	add	sp, #28
100016f6:	bdf0      	pop	{r4, r5, r6, r7, pc}
100016f8:	4823      	ldr	r0, [pc, #140]	; (10001788 <sleep_until+0xe0>)
100016fa:	f000 ff97 	bl	1000262c <panic>
100016fe:	4b23      	ldr	r3, [pc, #140]	; (1000178c <sleep_until+0xe4>)
10001700:	4a23      	ldr	r2, [pc, #140]	; (10001790 <sleep_until+0xe8>)
10001702:	213f      	movs	r1, #63	; 0x3f
10001704:	4823      	ldr	r0, [pc, #140]	; (10001794 <sleep_until+0xec>)
10001706:	f000 fef7 	bl	100024f8 <__assert_func>
1000170a:	4b20      	ldr	r3, [pc, #128]	; (1000178c <sleep_until+0xe4>)
1000170c:	4a20      	ldr	r2, [pc, #128]	; (10001790 <sleep_until+0xe8>)
1000170e:	213f      	movs	r1, #63	; 0x3f
10001710:	4820      	ldr	r0, [pc, #128]	; (10001794 <sleep_until+0xec>)
10001712:	f000 fef1 	bl	100024f8 <__assert_func>
10001716:	2c00      	cmp	r4, #0
10001718:	d0e8      	beq.n	100016ec <sleep_until+0x44>
1000171a:	f7ff fe7f 	bl	1000141c <alarm_pool_get_default>
1000171e:	2300      	movs	r3, #0
10001720:	9302      	str	r3, [sp, #8]
10001722:	9301      	str	r3, [sp, #4]
10001724:	4b1c      	ldr	r3, [pc, #112]	; (10001798 <sleep_until+0xf0>)
10001726:	9300      	str	r3, [sp, #0]
10001728:	9a04      	ldr	r2, [sp, #16]
1000172a:	9b05      	ldr	r3, [sp, #20]
1000172c:	f7ff fe8c 	bl	10001448 <alarm_pool_add_alarm_at>
10001730:	2800      	cmp	r0, #0
10001732:	da18      	bge.n	10001766 <sleep_until+0xbe>
10001734:	e7da      	b.n	100016ec <sleep_until+0x44>
10001736:	2300      	movs	r3, #0
10001738:	e000      	b.n	1000173c <sleep_until+0x94>
1000173a:	2300      	movs	r3, #0
1000173c:	2b00      	cmp	r3, #0
1000173e:	d1d5      	bne.n	100016ec <sleep_until+0x44>
10001740:	4b16      	ldr	r3, [pc, #88]	; (1000179c <sleep_until+0xf4>)
10001742:	681a      	ldr	r2, [r3, #0]
10001744:	f3ef 8110 	mrs	r1, PRIMASK
10001748:	b672      	cpsid	i
1000174a:	6813      	ldr	r3, [r2, #0]
1000174c:	2b00      	cmp	r3, #0
1000174e:	d0fc      	beq.n	1000174a <sleep_until+0xa2>
10001750:	f3bf 8f5f 	dmb	sy
10001754:	4b11      	ldr	r3, [pc, #68]	; (1000179c <sleep_until+0xf4>)
10001756:	681b      	ldr	r3, [r3, #0]
10001758:	f3bf 8f5f 	dmb	sy
1000175c:	2200      	movs	r2, #0
1000175e:	601a      	str	r2, [r3, #0]
10001760:	f381 8810 	msr	PRIMASK, r1
10001764:	bf20      	wfe
10001766:	9904      	ldr	r1, [sp, #16]
10001768:	9a05      	ldr	r2, [sp, #20]
1000176a:	4b0d      	ldr	r3, [pc, #52]	; (100017a0 <sleep_until+0xf8>)
1000176c:	6a5b      	ldr	r3, [r3, #36]	; 0x24
1000176e:	429a      	cmp	r2, r3
10001770:	d8e3      	bhi.n	1000173a <sleep_until+0x92>
10001772:	480b      	ldr	r0, [pc, #44]	; (100017a0 <sleep_until+0xf8>)
10001774:	6a80      	ldr	r0, [r0, #40]	; 0x28
10001776:	4288      	cmp	r0, r1
10001778:	d203      	bcs.n	10001782 <sleep_until+0xda>
1000177a:	429a      	cmp	r2, r3
1000177c:	d0db      	beq.n	10001736 <sleep_until+0x8e>
1000177e:	2301      	movs	r3, #1
10001780:	e7dc      	b.n	1000173c <sleep_until+0x94>
10001782:	2301      	movs	r3, #1
10001784:	e7da      	b.n	1000173c <sleep_until+0x94>
10001786:	46c0      	nop			; (mov r8, r8)
10001788:	1000535c 	.word	0x1000535c
1000178c:	10005034 	.word	0x10005034
10001790:	100053c4 	.word	0x100053c4
10001794:	10005050 	.word	0x10005050
10001798:	10000d9d 	.word	0x10000d9d
1000179c:	200006f8 	.word	0x200006f8
100017a0:	40054000 	.word	0x40054000

100017a4 <sleep_us>:
100017a4:	b570      	push	{r4, r5, r6, lr}
100017a6:	0004      	movs	r4, r0
100017a8:	000d      	movs	r5, r1
100017aa:	f000 f8db 	bl	10001964 <time_us_64>
100017ae:	0002      	movs	r2, r0
100017b0:	1e0b      	subs	r3, r1, #0
100017b2:	db0a      	blt.n	100017ca <sleep_us+0x26>
100017b4:	0020      	movs	r0, r4
100017b6:	0029      	movs	r1, r5
100017b8:	1880      	adds	r0, r0, r2
100017ba:	4159      	adcs	r1, r3
100017bc:	2900      	cmp	r1, #0
100017be:	db0a      	blt.n	100017d6 <sleep_us+0x32>
100017c0:	2900      	cmp	r1, #0
100017c2:	db0c      	blt.n	100017de <sleep_us+0x3a>
100017c4:	f7ff ff70 	bl	100016a8 <sleep_until>
100017c8:	bd70      	pop	{r4, r5, r6, pc}
100017ca:	4b08      	ldr	r3, [pc, #32]	; (100017ec <sleep_us+0x48>)
100017cc:	4a08      	ldr	r2, [pc, #32]	; (100017f0 <sleep_us+0x4c>)
100017ce:	213f      	movs	r1, #63	; 0x3f
100017d0:	4808      	ldr	r0, [pc, #32]	; (100017f4 <sleep_us+0x50>)
100017d2:	f000 fe91 	bl	100024f8 <__assert_func>
100017d6:	2001      	movs	r0, #1
100017d8:	4240      	negs	r0, r0
100017da:	4907      	ldr	r1, [pc, #28]	; (100017f8 <sleep_us+0x54>)
100017dc:	e7f0      	b.n	100017c0 <sleep_us+0x1c>
100017de:	4b03      	ldr	r3, [pc, #12]	; (100017ec <sleep_us+0x48>)
100017e0:	4a03      	ldr	r2, [pc, #12]	; (100017f0 <sleep_us+0x4c>)
100017e2:	213f      	movs	r1, #63	; 0x3f
100017e4:	4803      	ldr	r0, [pc, #12]	; (100017f4 <sleep_us+0x50>)
100017e6:	f000 fe87 	bl	100024f8 <__assert_func>
100017ea:	46c0      	nop			; (mov r8, r8)
100017ec:	10005034 	.word	0x10005034
100017f0:	100053c4 	.word	0x100053c4
100017f4:	10005050 	.word	0x10005050
100017f8:	7fffffff 	.word	0x7fffffff

100017fc <sleep_ms>:
100017fc:	b510      	push	{r4, lr}
100017fe:	22fa      	movs	r2, #250	; 0xfa
10001800:	0092      	lsls	r2, r2, #2
10001802:	2300      	movs	r3, #0
10001804:	2100      	movs	r1, #0
10001806:	f002 fe61 	bl	100044cc <__wrap___aeabi_lmul>
1000180a:	f7ff ffcb 	bl	100017a4 <sleep_us>
1000180e:	bd10      	pop	{r4, pc}

10001810 <best_effort_wfe_or_timeout>:
10001810:	b570      	push	{r4, r5, r6, lr}
10001812:	b084      	sub	sp, #16
10001814:	0005      	movs	r5, r0
10001816:	000c      	movs	r4, r1
10001818:	f3ef 8305 	mrs	r3, IPSR
1000181c:	2b00      	cmp	r3, #0
1000181e:	d11e      	bne.n	1000185e <best_effort_wfe_or_timeout+0x4e>
10001820:	f7ff fdfc 	bl	1000141c <alarm_pool_get_default>
10001824:	2300      	movs	r3, #0
10001826:	9302      	str	r3, [sp, #8]
10001828:	9301      	str	r3, [sp, #4]
1000182a:	4b22      	ldr	r3, [pc, #136]	; (100018b4 <best_effort_wfe_or_timeout+0xa4>)
1000182c:	9300      	str	r3, [sp, #0]
1000182e:	002a      	movs	r2, r5
10001830:	0023      	movs	r3, r4
10001832:	f7ff fe09 	bl	10001448 <alarm_pool_add_alarm_at>
10001836:	1e06      	subs	r6, r0, #0
10001838:	dd23      	ble.n	10001882 <best_effort_wfe_or_timeout+0x72>
1000183a:	bf20      	wfe
1000183c:	f7ff fdee 	bl	1000141c <alarm_pool_get_default>
10001840:	0031      	movs	r1, r6
10001842:	f7ff feb5 	bl	100015b0 <alarm_pool_cancel_alarm>
10001846:	4b1c      	ldr	r3, [pc, #112]	; (100018b8 <best_effort_wfe_or_timeout+0xa8>)
10001848:	6a5b      	ldr	r3, [r3, #36]	; 0x24
1000184a:	429c      	cmp	r4, r3
1000184c:	d82d      	bhi.n	100018aa <best_effort_wfe_or_timeout+0x9a>
1000184e:	4a1a      	ldr	r2, [pc, #104]	; (100018b8 <best_effort_wfe_or_timeout+0xa8>)
10001850:	6a92      	ldr	r2, [r2, #40]	; 0x28
10001852:	42aa      	cmp	r2, r5
10001854:	d22c      	bcs.n	100018b0 <best_effort_wfe_or_timeout+0xa0>
10001856:	429c      	cmp	r4, r3
10001858:	d025      	beq.n	100018a6 <best_effort_wfe_or_timeout+0x96>
1000185a:	2001      	movs	r0, #1
1000185c:	e026      	b.n	100018ac <best_effort_wfe_or_timeout+0x9c>
1000185e:	4b16      	ldr	r3, [pc, #88]	; (100018b8 <best_effort_wfe_or_timeout+0xa8>)
10001860:	6a5b      	ldr	r3, [r3, #36]	; 0x24
10001862:	4299      	cmp	r1, r3
10001864:	d809      	bhi.n	1000187a <best_effort_wfe_or_timeout+0x6a>
10001866:	4a14      	ldr	r2, [pc, #80]	; (100018b8 <best_effort_wfe_or_timeout+0xa8>)
10001868:	6a92      	ldr	r2, [r2, #40]	; 0x28
1000186a:	4282      	cmp	r2, r0
1000186c:	d207      	bcs.n	1000187e <best_effort_wfe_or_timeout+0x6e>
1000186e:	4299      	cmp	r1, r3
10001870:	d001      	beq.n	10001876 <best_effort_wfe_or_timeout+0x66>
10001872:	2001      	movs	r0, #1
10001874:	e01a      	b.n	100018ac <best_effort_wfe_or_timeout+0x9c>
10001876:	2000      	movs	r0, #0
10001878:	e018      	b.n	100018ac <best_effort_wfe_or_timeout+0x9c>
1000187a:	2000      	movs	r0, #0
1000187c:	e016      	b.n	100018ac <best_effort_wfe_or_timeout+0x9c>
1000187e:	2001      	movs	r0, #1
10001880:	e014      	b.n	100018ac <best_effort_wfe_or_timeout+0x9c>
10001882:	4b0d      	ldr	r3, [pc, #52]	; (100018b8 <best_effort_wfe_or_timeout+0xa8>)
10001884:	6a5b      	ldr	r3, [r3, #36]	; 0x24
10001886:	429c      	cmp	r4, r3
10001888:	d809      	bhi.n	1000189e <best_effort_wfe_or_timeout+0x8e>
1000188a:	4a0b      	ldr	r2, [pc, #44]	; (100018b8 <best_effort_wfe_or_timeout+0xa8>)
1000188c:	6a92      	ldr	r2, [r2, #40]	; 0x28
1000188e:	42aa      	cmp	r2, r5
10001890:	d207      	bcs.n	100018a2 <best_effort_wfe_or_timeout+0x92>
10001892:	429c      	cmp	r4, r3
10001894:	d001      	beq.n	1000189a <best_effort_wfe_or_timeout+0x8a>
10001896:	2001      	movs	r0, #1
10001898:	e008      	b.n	100018ac <best_effort_wfe_or_timeout+0x9c>
1000189a:	2000      	movs	r0, #0
1000189c:	e006      	b.n	100018ac <best_effort_wfe_or_timeout+0x9c>
1000189e:	2000      	movs	r0, #0
100018a0:	e004      	b.n	100018ac <best_effort_wfe_or_timeout+0x9c>
100018a2:	2001      	movs	r0, #1
100018a4:	e002      	b.n	100018ac <best_effort_wfe_or_timeout+0x9c>
100018a6:	2000      	movs	r0, #0
100018a8:	e000      	b.n	100018ac <best_effort_wfe_or_timeout+0x9c>
100018aa:	2000      	movs	r0, #0
100018ac:	b004      	add	sp, #16
100018ae:	bd70      	pop	{r4, r5, r6, pc}
100018b0:	2001      	movs	r0, #1
100018b2:	e7fb      	b.n	100018ac <best_effort_wfe_or_timeout+0x9c>
100018b4:	10000d9d 	.word	0x10000d9d
100018b8:	40054000 	.word	0x40054000

100018bc <hardware_alarm_irq_handler>:
100018bc:	b570      	push	{r4, r5, r6, lr}
100018be:	f3ef 8005 	mrs	r0, IPSR
100018c2:	3810      	subs	r0, #16
100018c4:	f3ef 8c10 	mrs	ip, PRIMASK
100018c8:	b672      	cpsid	i
100018ca:	4b1a      	ldr	r3, [pc, #104]	; (10001934 <hardware_alarm_irq_handler+0x78>)
100018cc:	681b      	ldr	r3, [r3, #0]
100018ce:	2b00      	cmp	r3, #0
100018d0:	d0fb      	beq.n	100018ca <hardware_alarm_irq_handler+0xe>
100018d2:	f3bf 8f5f 	dmb	sy
100018d6:	2201      	movs	r2, #1
100018d8:	0013      	movs	r3, r2
100018da:	4083      	lsls	r3, r0
100018dc:	4916      	ldr	r1, [pc, #88]	; (10001938 <hardware_alarm_irq_handler+0x7c>)
100018de:	634b      	str	r3, [r1, #52]	; 0x34
100018e0:	4916      	ldr	r1, [pc, #88]	; (1000193c <hardware_alarm_irq_handler+0x80>)
100018e2:	600b      	str	r3, [r1, #0]
100018e4:	4916      	ldr	r1, [pc, #88]	; (10001940 <hardware_alarm_irq_handler+0x84>)
100018e6:	7809      	ldrb	r1, [r1, #0]
100018e8:	000c      	movs	r4, r1
100018ea:	40c4      	lsrs	r4, r0
100018ec:	4222      	tst	r2, r4
100018ee:	d014      	beq.n	1000191a <hardware_alarm_irq_handler+0x5e>
100018f0:	4a11      	ldr	r2, [pc, #68]	; (10001938 <hardware_alarm_irq_handler+0x7c>)
100018f2:	6a54      	ldr	r4, [r2, #36]	; 0x24
100018f4:	0082      	lsls	r2, r0, #2
100018f6:	4d13      	ldr	r5, [pc, #76]	; (10001944 <hardware_alarm_irq_handler+0x88>)
100018f8:	5952      	ldr	r2, [r2, r5]
100018fa:	4294      	cmp	r4, r2
100018fc:	d306      	bcc.n	1000190c <hardware_alarm_irq_handler+0x50>
100018fe:	0082      	lsls	r2, r0, #2
10001900:	4c11      	ldr	r4, [pc, #68]	; (10001948 <hardware_alarm_irq_handler+0x8c>)
10001902:	5912      	ldr	r2, [r2, r4]
10001904:	4399      	bics	r1, r3
10001906:	4b0e      	ldr	r3, [pc, #56]	; (10001940 <hardware_alarm_irq_handler+0x84>)
10001908:	7019      	strb	r1, [r3, #0]
1000190a:	e007      	b.n	1000191c <hardware_alarm_irq_handler+0x60>
1000190c:	4a0a      	ldr	r2, [pc, #40]	; (10001938 <hardware_alarm_irq_handler+0x7c>)
1000190e:	1d03      	adds	r3, r0, #4
10001910:	009b      	lsls	r3, r3, #2
10001912:	5899      	ldr	r1, [r3, r2]
10001914:	5099      	str	r1, [r3, r2]
10001916:	2200      	movs	r2, #0
10001918:	e000      	b.n	1000191c <hardware_alarm_irq_handler+0x60>
1000191a:	2200      	movs	r2, #0
1000191c:	f3bf 8f5f 	dmb	sy
10001920:	4b04      	ldr	r3, [pc, #16]	; (10001934 <hardware_alarm_irq_handler+0x78>)
10001922:	2100      	movs	r1, #0
10001924:	6019      	str	r1, [r3, #0]
10001926:	f38c 8810 	msr	PRIMASK, ip
1000192a:	2a00      	cmp	r2, #0
1000192c:	d000      	beq.n	10001930 <hardware_alarm_irq_handler+0x74>
1000192e:	4790      	blx	r2
10001930:	bd70      	pop	{r4, r5, r6, pc}
10001932:	46c0      	nop			; (mov r8, r8)
10001934:	d0000128 	.word	0xd0000128
10001938:	40054000 	.word	0x40054000
1000193c:	4005703c 	.word	0x4005703c
10001940:	2000071a 	.word	0x2000071a
10001944:	200006fc 	.word	0x200006fc
10001948:	2000045c 	.word	0x2000045c

1000194c <hardware_alarm_claim>:
1000194c:	b510      	push	{r4, lr}
1000194e:	0001      	movs	r1, r0
10001950:	4a02      	ldr	r2, [pc, #8]	; (1000195c <hardware_alarm_claim+0x10>)
10001952:	4803      	ldr	r0, [pc, #12]	; (10001960 <hardware_alarm_claim+0x14>)
10001954:	f7fe ff9c 	bl	10000890 <hw_claim_or_assert>
10001958:	bd10      	pop	{r4, pc}
1000195a:	46c0      	nop			; (mov r8, r8)
1000195c:	10005488 	.word	0x10005488
10001960:	20000714 	.word	0x20000714

10001964 <time_us_64>:
10001964:	4b04      	ldr	r3, [pc, #16]	; (10001978 <time_us_64+0x14>)
10001966:	6a5b      	ldr	r3, [r3, #36]	; 0x24
10001968:	4a03      	ldr	r2, [pc, #12]	; (10001978 <time_us_64+0x14>)
1000196a:	6a90      	ldr	r0, [r2, #40]	; 0x28
1000196c:	0019      	movs	r1, r3
1000196e:	6a53      	ldr	r3, [r2, #36]	; 0x24
10001970:	4299      	cmp	r1, r3
10001972:	d1f9      	bne.n	10001968 <time_us_64+0x4>
10001974:	4770      	bx	lr
10001976:	46c0      	nop			; (mov r8, r8)
10001978:	40054000 	.word	0x40054000

1000197c <busy_wait_until>:
1000197c:	4b08      	ldr	r3, [pc, #32]	; (100019a0 <busy_wait_until+0x24>)
1000197e:	6a5b      	ldr	r3, [r3, #36]	; 0x24
10001980:	e001      	b.n	10001986 <busy_wait_until+0xa>
10001982:	4b07      	ldr	r3, [pc, #28]	; (100019a0 <busy_wait_until+0x24>)
10001984:	6a5b      	ldr	r3, [r3, #36]	; 0x24
10001986:	428b      	cmp	r3, r1
10001988:	d3fb      	bcc.n	10001982 <busy_wait_until+0x6>
1000198a:	e001      	b.n	10001990 <busy_wait_until+0x14>
1000198c:	4b04      	ldr	r3, [pc, #16]	; (100019a0 <busy_wait_until+0x24>)
1000198e:	6a5b      	ldr	r3, [r3, #36]	; 0x24
10001990:	428b      	cmp	r3, r1
10001992:	d103      	bne.n	1000199c <busy_wait_until+0x20>
10001994:	4b02      	ldr	r3, [pc, #8]	; (100019a0 <busy_wait_until+0x24>)
10001996:	6a9b      	ldr	r3, [r3, #40]	; 0x28
10001998:	4283      	cmp	r3, r0
1000199a:	d3f7      	bcc.n	1000198c <busy_wait_until+0x10>
1000199c:	4770      	bx	lr
1000199e:	46c0      	nop			; (mov r8, r8)
100019a0:	40054000 	.word	0x40054000

100019a4 <busy_wait_us>:
100019a4:	b570      	push	{r4, r5, r6, lr}
100019a6:	0004      	movs	r4, r0
100019a8:	000d      	movs	r5, r1
100019aa:	f7ff ffdb 	bl	10001964 <time_us_64>
100019ae:	0002      	movs	r2, r0
100019b0:	000b      	movs	r3, r1
100019b2:	0020      	movs	r0, r4
100019b4:	0029      	movs	r1, r5
100019b6:	1880      	adds	r0, r0, r2
100019b8:	4159      	adcs	r1, r3
100019ba:	428b      	cmp	r3, r1
100019bc:	d802      	bhi.n	100019c4 <busy_wait_us+0x20>
100019be:	d104      	bne.n	100019ca <busy_wait_us+0x26>
100019c0:	4282      	cmp	r2, r0
100019c2:	d902      	bls.n	100019ca <busy_wait_us+0x26>
100019c4:	2001      	movs	r0, #1
100019c6:	4240      	negs	r0, r0
100019c8:	17c1      	asrs	r1, r0, #31
100019ca:	2900      	cmp	r1, #0
100019cc:	db02      	blt.n	100019d4 <busy_wait_us+0x30>
100019ce:	f7ff ffd5 	bl	1000197c <busy_wait_until>
100019d2:	bd70      	pop	{r4, r5, r6, pc}
100019d4:	4b02      	ldr	r3, [pc, #8]	; (100019e0 <busy_wait_us+0x3c>)
100019d6:	4a03      	ldr	r2, [pc, #12]	; (100019e4 <busy_wait_us+0x40>)
100019d8:	213f      	movs	r1, #63	; 0x3f
100019da:	4803      	ldr	r0, [pc, #12]	; (100019e8 <busy_wait_us+0x44>)
100019dc:	f000 fd8c 	bl	100024f8 <__assert_func>
100019e0:	10005034 	.word	0x10005034
100019e4:	1000554c 	.word	0x1000554c
100019e8:	10005050 	.word	0x10005050

100019ec <hardware_alarm_set_callback>:
100019ec:	b570      	push	{r4, r5, r6, lr}
100019ee:	0004      	movs	r4, r0
100019f0:	000d      	movs	r5, r1
100019f2:	f3ef 8610 	mrs	r6, PRIMASK
100019f6:	b672      	cpsid	i
100019f8:	4b1b      	ldr	r3, [pc, #108]	; (10001a68 <hardware_alarm_set_callback+0x7c>)
100019fa:	681b      	ldr	r3, [r3, #0]
100019fc:	2b00      	cmp	r3, #0
100019fe:	d0fb      	beq.n	100019f8 <hardware_alarm_set_callback+0xc>
10001a00:	f3bf 8f5f 	dmb	sy
10001a04:	2d00      	cmp	r5, #0
10001a06:	d01c      	beq.n	10001a42 <hardware_alarm_set_callback+0x56>
10001a08:	0020      	movs	r0, r4
10001a0a:	f7fe fff5 	bl	100009f8 <irq_get_vtable_handler>
10001a0e:	4b17      	ldr	r3, [pc, #92]	; (10001a6c <hardware_alarm_set_callback+0x80>)
10001a10:	4283      	cmp	r3, r0
10001a12:	d00b      	beq.n	10001a2c <hardware_alarm_set_callback+0x40>
10001a14:	0019      	movs	r1, r3
10001a16:	0020      	movs	r0, r4
10001a18:	f7fe fff6 	bl	10000a08 <irq_set_exclusive_handler>
10001a1c:	2101      	movs	r1, #1
10001a1e:	0020      	movs	r0, r4
10001a20:	f7fe ffe2 	bl	100009e8 <irq_set_enabled>
10001a24:	2301      	movs	r3, #1
10001a26:	40a3      	lsls	r3, r4
10001a28:	4a11      	ldr	r2, [pc, #68]	; (10001a70 <hardware_alarm_set_callback+0x84>)
10001a2a:	6013      	str	r3, [r2, #0]
10001a2c:	00a4      	lsls	r4, r4, #2
10001a2e:	4b11      	ldr	r3, [pc, #68]	; (10001a74 <hardware_alarm_set_callback+0x88>)
10001a30:	50e5      	str	r5, [r4, r3]
10001a32:	f3bf 8f5f 	dmb	sy
10001a36:	4b0c      	ldr	r3, [pc, #48]	; (10001a68 <hardware_alarm_set_callback+0x7c>)
10001a38:	2200      	movs	r2, #0
10001a3a:	601a      	str	r2, [r3, #0]
10001a3c:	f386 8810 	msr	PRIMASK, r6
10001a40:	bd70      	pop	{r4, r5, r6, pc}
10001a42:	00a2      	lsls	r2, r4, #2
10001a44:	4b0b      	ldr	r3, [pc, #44]	; (10001a74 <hardware_alarm_set_callback+0x88>)
10001a46:	2100      	movs	r1, #0
10001a48:	50d1      	str	r1, [r2, r3]
10001a4a:	2201      	movs	r2, #1
10001a4c:	40a2      	lsls	r2, r4
10001a4e:	490a      	ldr	r1, [pc, #40]	; (10001a78 <hardware_alarm_set_callback+0x8c>)
10001a50:	780b      	ldrb	r3, [r1, #0]
10001a52:	4393      	bics	r3, r2
10001a54:	700b      	strb	r3, [r1, #0]
10001a56:	4905      	ldr	r1, [pc, #20]	; (10001a6c <hardware_alarm_set_callback+0x80>)
10001a58:	0020      	movs	r0, r4
10001a5a:	f7fe ffff 	bl	10000a5c <irq_remove_handler>
10001a5e:	2100      	movs	r1, #0
10001a60:	0020      	movs	r0, r4
10001a62:	f7fe ffc1 	bl	100009e8 <irq_set_enabled>
10001a66:	e7e4      	b.n	10001a32 <hardware_alarm_set_callback+0x46>
10001a68:	d0000128 	.word	0xd0000128
10001a6c:	100018bd 	.word	0x100018bd
10001a70:	40056038 	.word	0x40056038
10001a74:	2000045c 	.word	0x2000045c
10001a78:	2000071a 	.word	0x2000071a

10001a7c <hardware_alarm_set_target>:
10001a7c:	b5f0      	push	{r4, r5, r6, r7, lr}
10001a7e:	46de      	mov	lr, fp
10001a80:	b500      	push	{lr}
10001a82:	b084      	sub	sp, #16
10001a84:	0004      	movs	r4, r0
10001a86:	0015      	movs	r5, r2
10001a88:	9201      	str	r2, [sp, #4]
10001a8a:	001e      	movs	r6, r3
10001a8c:	9302      	str	r3, [sp, #8]
10001a8e:	f7ff ff69 	bl	10001964 <time_us_64>
10001a92:	9503      	str	r5, [sp, #12]
10001a94:	428e      	cmp	r6, r1
10001a96:	d802      	bhi.n	10001a9e <hardware_alarm_set_target+0x22>
10001a98:	d14e      	bne.n	10001b38 <hardware_alarm_set_target+0xbc>
10001a9a:	4285      	cmp	r5, r0
10001a9c:	d94c      	bls.n	10001b38 <hardware_alarm_set_target+0xbc>
10001a9e:	f3ef 8b10 	mrs	fp, PRIMASK
10001aa2:	b672      	cpsid	i
10001aa4:	4b27      	ldr	r3, [pc, #156]	; (10001b44 <hardware_alarm_set_target+0xc8>)
10001aa6:	681b      	ldr	r3, [r3, #0]
10001aa8:	2b00      	cmp	r3, #0
10001aaa:	d0fb      	beq.n	10001aa4 <hardware_alarm_set_target+0x28>
10001aac:	f3bf 8f5f 	dmb	sy
10001ab0:	4a25      	ldr	r2, [pc, #148]	; (10001b48 <hardware_alarm_set_target+0xcc>)
10001ab2:	7817      	ldrb	r7, [r2, #0]
10001ab4:	2501      	movs	r5, #1
10001ab6:	40a5      	lsls	r5, r4
10001ab8:	b2eb      	uxtb	r3, r5
10001aba:	433b      	orrs	r3, r7
10001abc:	7013      	strb	r3, [r2, #0]
10001abe:	4b23      	ldr	r3, [pc, #140]	; (10001b4c <hardware_alarm_set_target+0xd0>)
10001ac0:	635d      	str	r5, [r3, #52]	; 0x34
10001ac2:	1d22      	adds	r2, r4, #4
10001ac4:	0092      	lsls	r2, r2, #2
10001ac6:	9901      	ldr	r1, [sp, #4]
10001ac8:	50d1      	str	r1, [r2, r3]
10001aca:	00a2      	lsls	r2, r4, #2
10001acc:	4920      	ldr	r1, [pc, #128]	; (10001b50 <hardware_alarm_set_target+0xd4>)
10001ace:	9802      	ldr	r0, [sp, #8]
10001ad0:	5050      	str	r0, [r2, r1]
10001ad2:	6a1b      	ldr	r3, [r3, #32]
10001ad4:	422b      	tst	r3, r5
10001ad6:	d112      	bne.n	10001afe <hardware_alarm_set_target+0x82>
10001ad8:	4b1c      	ldr	r3, [pc, #112]	; (10001b4c <hardware_alarm_set_target+0xd0>)
10001ada:	6c1b      	ldr	r3, [r3, #64]	; 0x40
10001adc:	422b      	tst	r3, r5
10001ade:	d008      	beq.n	10001af2 <hardware_alarm_set_target+0x76>
10001ae0:	2000      	movs	r0, #0
10001ae2:	f3bf 8f5f 	dmb	sy
10001ae6:	4b17      	ldr	r3, [pc, #92]	; (10001b44 <hardware_alarm_set_target+0xc8>)
10001ae8:	2200      	movs	r2, #0
10001aea:	601a      	str	r2, [r3, #0]
10001aec:	f38b 8810 	msr	PRIMASK, fp
10001af0:	e023      	b.n	10001b3a <hardware_alarm_set_target+0xbe>
10001af2:	4b18      	ldr	r3, [pc, #96]	; (10001b54 <hardware_alarm_set_target+0xd8>)
10001af4:	4a18      	ldr	r2, [pc, #96]	; (10001b58 <hardware_alarm_set_target+0xdc>)
10001af6:	21c5      	movs	r1, #197	; 0xc5
10001af8:	4818      	ldr	r0, [pc, #96]	; (10001b5c <hardware_alarm_set_target+0xe0>)
10001afa:	f000 fcfd 	bl	100024f8 <__assert_func>
10001afe:	f7ff ff31 	bl	10001964 <time_us_64>
10001b02:	428e      	cmp	r6, r1
10001b04:	d814      	bhi.n	10001b30 <hardware_alarm_set_target+0xb4>
10001b06:	d102      	bne.n	10001b0e <hardware_alarm_set_target+0x92>
10001b08:	9b03      	ldr	r3, [sp, #12]
10001b0a:	4283      	cmp	r3, r0
10001b0c:	d810      	bhi.n	10001b30 <hardware_alarm_set_target+0xb4>
10001b0e:	4b0e      	ldr	r3, [pc, #56]	; (10001b48 <hardware_alarm_set_target+0xcc>)
10001b10:	781b      	ldrb	r3, [r3, #0]
10001b12:	42bb      	cmp	r3, r7
10001b14:	d00e      	beq.n	10001b34 <hardware_alarm_set_target+0xb8>
10001b16:	4b0d      	ldr	r3, [pc, #52]	; (10001b4c <hardware_alarm_set_target+0xd0>)
10001b18:	621d      	str	r5, [r3, #32]
10001b1a:	635d      	str	r5, [r3, #52]	; 0x34
10001b1c:	201f      	movs	r0, #31
10001b1e:	4004      	ands	r4, r0
10001b20:	2301      	movs	r3, #1
10001b22:	40a3      	lsls	r3, r4
10001b24:	4a0e      	ldr	r2, [pc, #56]	; (10001b60 <hardware_alarm_set_target+0xe4>)
10001b26:	6013      	str	r3, [r2, #0]
10001b28:	4b07      	ldr	r3, [pc, #28]	; (10001b48 <hardware_alarm_set_target+0xcc>)
10001b2a:	701f      	strb	r7, [r3, #0]
10001b2c:	381e      	subs	r0, #30
10001b2e:	e7d8      	b.n	10001ae2 <hardware_alarm_set_target+0x66>
10001b30:	2000      	movs	r0, #0
10001b32:	e7d6      	b.n	10001ae2 <hardware_alarm_set_target+0x66>
10001b34:	2001      	movs	r0, #1
10001b36:	e7d4      	b.n	10001ae2 <hardware_alarm_set_target+0x66>
10001b38:	2001      	movs	r0, #1
10001b3a:	b004      	add	sp, #16
10001b3c:	bc80      	pop	{r7}
10001b3e:	46bb      	mov	fp, r7
10001b40:	bdf0      	pop	{r4, r5, r6, r7, pc}
10001b42:	46c0      	nop			; (mov r8, r8)
10001b44:	d0000128 	.word	0xd0000128
10001b48:	2000071a 	.word	0x2000071a
10001b4c:	40054000 	.word	0x40054000
10001b50:	200006fc 	.word	0x200006fc
10001b54:	100054ac 	.word	0x100054ac
10001b58:	10005530 	.word	0x10005530
10001b5c:	100054d0 	.word	0x100054d0
10001b60:	e000e280 	.word	0xe000e280

10001b64 <hardware_alarm_cancel>:
10001b64:	f3ef 8c10 	mrs	ip, PRIMASK
10001b68:	b672      	cpsid	i
10001b6a:	4b0b      	ldr	r3, [pc, #44]	; (10001b98 <hardware_alarm_cancel+0x34>)
10001b6c:	681b      	ldr	r3, [r3, #0]
10001b6e:	2b00      	cmp	r3, #0
10001b70:	d0fb      	beq.n	10001b6a <hardware_alarm_cancel+0x6>
10001b72:	f3bf 8f5f 	dmb	sy
10001b76:	2301      	movs	r3, #1
10001b78:	4083      	lsls	r3, r0
10001b7a:	4a08      	ldr	r2, [pc, #32]	; (10001b9c <hardware_alarm_cancel+0x38>)
10001b7c:	6213      	str	r3, [r2, #32]
10001b7e:	4908      	ldr	r1, [pc, #32]	; (10001ba0 <hardware_alarm_cancel+0x3c>)
10001b80:	780a      	ldrb	r2, [r1, #0]
10001b82:	439a      	bics	r2, r3
10001b84:	700a      	strb	r2, [r1, #0]
10001b86:	f3bf 8f5f 	dmb	sy
10001b8a:	4b03      	ldr	r3, [pc, #12]	; (10001b98 <hardware_alarm_cancel+0x34>)
10001b8c:	2200      	movs	r2, #0
10001b8e:	601a      	str	r2, [r3, #0]
10001b90:	f38c 8810 	msr	PRIMASK, ip
10001b94:	4770      	bx	lr
10001b96:	46c0      	nop			; (mov r8, r8)
10001b98:	d0000128 	.word	0xd0000128
10001b9c:	40054000 	.word	0x40054000
10001ba0:	2000071a 	.word	0x2000071a

10001ba4 <ph_add_child_node>:
10001ba4:	b510      	push	{r4, lr}
10001ba6:	2900      	cmp	r1, #0
10001ba8:	d01e      	beq.n	10001be8 <ph_add_child_node+0x44>
10001baa:	7b03      	ldrb	r3, [r0, #12]
10001bac:	4299      	cmp	r1, r3
10001bae:	d81b      	bhi.n	10001be8 <ph_add_child_node+0x44>
10001bb0:	004b      	lsls	r3, r1, #1
10001bb2:	185b      	adds	r3, r3, r1
10001bb4:	3b03      	subs	r3, #3
10001bb6:	6804      	ldr	r4, [r0, #0]
10001bb8:	46a4      	mov	ip, r4
10001bba:	4463      	add	r3, ip
10001bbc:	2900      	cmp	r1, #0
10001bbe:	d019      	beq.n	10001bf4 <ph_add_child_node+0x50>
10001bc0:	2a00      	cmp	r2, #0
10001bc2:	d01d      	beq.n	10001c00 <ph_add_child_node+0x5c>
10001bc4:	4291      	cmp	r1, r2
10001bc6:	d021      	beq.n	10001c0c <ph_add_child_node+0x68>
10001bc8:	2a00      	cmp	r2, #0
10001bca:	d025      	beq.n	10001c18 <ph_add_child_node+0x74>
10001bcc:	7b04      	ldrb	r4, [r0, #12]
10001bce:	42a2      	cmp	r2, r4
10001bd0:	d822      	bhi.n	10001c18 <ph_add_child_node+0x74>
10001bd2:	6804      	ldr	r4, [r0, #0]
10001bd4:	0050      	lsls	r0, r2, #1
10001bd6:	1880      	adds	r0, r0, r2
10001bd8:	3803      	subs	r0, #3
10001bda:	1820      	adds	r0, r4, r0
10001bdc:	7081      	strb	r1, [r0, #2]
10001bde:	7819      	ldrb	r1, [r3, #0]
10001be0:	2900      	cmp	r1, #0
10001be2:	d11f      	bne.n	10001c24 <ph_add_child_node+0x80>
10001be4:	701a      	strb	r2, [r3, #0]
10001be6:	bd10      	pop	{r4, pc}
10001be8:	4b10      	ldr	r3, [pc, #64]	; (10001c2c <ph_add_child_node+0x88>)
10001bea:	4a11      	ldr	r2, [pc, #68]	; (10001c30 <ph_add_child_node+0x8c>)
10001bec:	2168      	movs	r1, #104	; 0x68
10001bee:	4811      	ldr	r0, [pc, #68]	; (10001c34 <ph_add_child_node+0x90>)
10001bf0:	f000 fc82 	bl	100024f8 <__assert_func>
10001bf4:	4b10      	ldr	r3, [pc, #64]	; (10001c38 <ph_add_child_node+0x94>)
10001bf6:	4a11      	ldr	r2, [pc, #68]	; (10001c3c <ph_add_child_node+0x98>)
10001bf8:	316f      	adds	r1, #111	; 0x6f
10001bfa:	480e      	ldr	r0, [pc, #56]	; (10001c34 <ph_add_child_node+0x90>)
10001bfc:	f000 fc7c 	bl	100024f8 <__assert_func>
10001c00:	4b0f      	ldr	r3, [pc, #60]	; (10001c40 <ph_add_child_node+0x9c>)
10001c02:	4a0e      	ldr	r2, [pc, #56]	; (10001c3c <ph_add_child_node+0x98>)
10001c04:	2170      	movs	r1, #112	; 0x70
10001c06:	480b      	ldr	r0, [pc, #44]	; (10001c34 <ph_add_child_node+0x90>)
10001c08:	f000 fc76 	bl	100024f8 <__assert_func>
10001c0c:	4b0d      	ldr	r3, [pc, #52]	; (10001c44 <ph_add_child_node+0xa0>)
10001c0e:	4a0b      	ldr	r2, [pc, #44]	; (10001c3c <ph_add_child_node+0x98>)
10001c10:	2171      	movs	r1, #113	; 0x71
10001c12:	4808      	ldr	r0, [pc, #32]	; (10001c34 <ph_add_child_node+0x90>)
10001c14:	f000 fc70 	bl	100024f8 <__assert_func>
10001c18:	4b04      	ldr	r3, [pc, #16]	; (10001c2c <ph_add_child_node+0x88>)
10001c1a:	4a05      	ldr	r2, [pc, #20]	; (10001c30 <ph_add_child_node+0x8c>)
10001c1c:	2168      	movs	r1, #104	; 0x68
10001c1e:	4805      	ldr	r0, [pc, #20]	; (10001c34 <ph_add_child_node+0x90>)
10001c20:	f000 fc6a 	bl	100024f8 <__assert_func>
10001c24:	7041      	strb	r1, [r0, #1]
10001c26:	701a      	strb	r2, [r3, #0]
10001c28:	e7dd      	b.n	10001be6 <ph_add_child_node+0x42>
10001c2a:	46c0      	nop			; (mov r8, r8)
10001c2c:	1000519c 	.word	0x1000519c
10001c30:	1000566c 	.word	0x1000566c
10001c34:	100051b8 	.word	0x100051b8
10001c38:	10005220 	.word	0x10005220
10001c3c:	10005658 	.word	0x10005658
10001c40:	1000522c 	.word	0x1000522c
10001c44:	10005238 	.word	0x10005238

10001c48 <ph_merge_nodes>:
10001c48:	b570      	push	{r4, r5, r6, lr}
10001c4a:	0006      	movs	r6, r0
10001c4c:	000d      	movs	r5, r1
10001c4e:	0014      	movs	r4, r2
10001c50:	2900      	cmp	r1, #0
10001c52:	d014      	beq.n	10001c7e <ph_merge_nodes+0x36>
10001c54:	2a00      	cmp	r2, #0
10001c56:	d014      	beq.n	10001c82 <ph_merge_nodes+0x3a>
10001c58:	6880      	ldr	r0, [r0, #8]
10001c5a:	6873      	ldr	r3, [r6, #4]
10001c5c:	4798      	blx	r3
10001c5e:	2800      	cmp	r0, #0
10001c60:	d006      	beq.n	10001c70 <ph_merge_nodes+0x28>
10001c62:	0022      	movs	r2, r4
10001c64:	0029      	movs	r1, r5
10001c66:	0030      	movs	r0, r6
10001c68:	f7ff ff9c 	bl	10001ba4 <ph_add_child_node>
10001c6c:	0028      	movs	r0, r5
10001c6e:	e007      	b.n	10001c80 <ph_merge_nodes+0x38>
10001c70:	002a      	movs	r2, r5
10001c72:	0021      	movs	r1, r4
10001c74:	0030      	movs	r0, r6
10001c76:	f7ff ff95 	bl	10001ba4 <ph_add_child_node>
10001c7a:	0020      	movs	r0, r4
10001c7c:	e000      	b.n	10001c80 <ph_merge_nodes+0x38>
10001c7e:	0010      	movs	r0, r2
10001c80:	bd70      	pop	{r4, r5, r6, pc}
10001c82:	0008      	movs	r0, r1
10001c84:	e7fc      	b.n	10001c80 <ph_merge_nodes+0x38>
	...

10001c88 <ph_clear>:
10001c88:	b510      	push	{r4, lr}
10001c8a:	2300      	movs	r3, #0
10001c8c:	7343      	strb	r3, [r0, #13]
10001c8e:	3301      	adds	r3, #1
10001c90:	7383      	strb	r3, [r0, #14]
10001c92:	7b03      	ldrb	r3, [r0, #12]
10001c94:	73c3      	strb	r3, [r0, #15]
10001c96:	2301      	movs	r3, #1
10001c98:	7b02      	ldrb	r2, [r0, #12]
10001c9a:	429a      	cmp	r2, r3
10001c9c:	d914      	bls.n	10001cc8 <ph_clear+0x40>
10001c9e:	2b00      	cmp	r3, #0
10001ca0:	d00c      	beq.n	10001cbc <ph_clear+0x34>
10001ca2:	7b02      	ldrb	r2, [r0, #12]
10001ca4:	4293      	cmp	r3, r2
10001ca6:	d809      	bhi.n	10001cbc <ph_clear+0x34>
10001ca8:	005a      	lsls	r2, r3, #1
10001caa:	18d2      	adds	r2, r2, r3
10001cac:	3a03      	subs	r2, #3
10001cae:	6801      	ldr	r1, [r0, #0]
10001cb0:	468c      	mov	ip, r1
10001cb2:	4462      	add	r2, ip
10001cb4:	3301      	adds	r3, #1
10001cb6:	b2db      	uxtb	r3, r3
10001cb8:	7053      	strb	r3, [r2, #1]
10001cba:	e7ed      	b.n	10001c98 <ph_clear+0x10>
10001cbc:	4b0b      	ldr	r3, [pc, #44]	; (10001cec <ph_clear+0x64>)
10001cbe:	4a0c      	ldr	r2, [pc, #48]	; (10001cf0 <ph_clear+0x68>)
10001cc0:	2168      	movs	r1, #104	; 0x68
10001cc2:	480c      	ldr	r0, [pc, #48]	; (10001cf4 <ph_clear+0x6c>)
10001cc4:	f000 fc18 	bl	100024f8 <__assert_func>
10001cc8:	2a00      	cmp	r2, #0
10001cca:	d009      	beq.n	10001ce0 <ph_clear+0x58>
10001ccc:	4292      	cmp	r2, r2
10001cce:	d807      	bhi.n	10001ce0 <ph_clear+0x58>
10001cd0:	6801      	ldr	r1, [r0, #0]
10001cd2:	0053      	lsls	r3, r2, #1
10001cd4:	189a      	adds	r2, r3, r2
10001cd6:	3a03      	subs	r2, #3
10001cd8:	188a      	adds	r2, r1, r2
10001cda:	2300      	movs	r3, #0
10001cdc:	7053      	strb	r3, [r2, #1]
10001cde:	bd10      	pop	{r4, pc}
10001ce0:	4b02      	ldr	r3, [pc, #8]	; (10001cec <ph_clear+0x64>)
10001ce2:	4a03      	ldr	r2, [pc, #12]	; (10001cf0 <ph_clear+0x68>)
10001ce4:	2168      	movs	r1, #104	; 0x68
10001ce6:	4803      	ldr	r0, [pc, #12]	; (10001cf4 <ph_clear+0x6c>)
10001ce8:	f000 fc06 	bl	100024f8 <__assert_func>
10001cec:	1000519c 	.word	0x1000519c
10001cf0:	1000566c 	.word	0x1000566c
10001cf4:	100051b8 	.word	0x100051b8

10001cf8 <ph_post_alloc_init>:
10001cf8:	b510      	push	{r4, lr}
10001cfa:	7301      	strb	r1, [r0, #12]
10001cfc:	6042      	str	r2, [r0, #4]
10001cfe:	6083      	str	r3, [r0, #8]
10001d00:	f7ff ffc2 	bl	10001c88 <ph_clear>
10001d04:	bd10      	pop	{r4, pc}
	...

10001d08 <ph_merge_two_pass>:
10001d08:	b570      	push	{r4, r5, r6, lr}
10001d0a:	0004      	movs	r4, r0
10001d0c:	1e08      	subs	r0, r1, #0
10001d0e:	d100      	bne.n	10001d12 <ph_merge_two_pass+0xa>
10001d10:	bd70      	pop	{r4, r5, r6, pc}
10001d12:	2900      	cmp	r1, #0
10001d14:	d034      	beq.n	10001d80 <ph_merge_two_pass+0x78>
10001d16:	7b23      	ldrb	r3, [r4, #12]
10001d18:	4299      	cmp	r1, r3
10001d1a:	d831      	bhi.n	10001d80 <ph_merge_two_pass+0x78>
10001d1c:	004b      	lsls	r3, r1, #1
10001d1e:	185b      	adds	r3, r3, r1
10001d20:	3b03      	subs	r3, #3
10001d22:	6822      	ldr	r2, [r4, #0]
10001d24:	4694      	mov	ip, r2
10001d26:	4463      	add	r3, ip
10001d28:	785a      	ldrb	r2, [r3, #1]
10001d2a:	2a00      	cmp	r2, #0
10001d2c:	d0f0      	beq.n	10001d10 <ph_merge_two_pass+0x8>
10001d2e:	d02d      	beq.n	10001d8c <ph_merge_two_pass+0x84>
10001d30:	7b23      	ldrb	r3, [r4, #12]
10001d32:	429a      	cmp	r2, r3
10001d34:	d82a      	bhi.n	10001d8c <ph_merge_two_pass+0x84>
10001d36:	0053      	lsls	r3, r2, #1
10001d38:	189b      	adds	r3, r3, r2
10001d3a:	3b03      	subs	r3, #3
10001d3c:	6821      	ldr	r1, [r4, #0]
10001d3e:	468c      	mov	ip, r1
10001d40:	4463      	add	r3, ip
10001d42:	785d      	ldrb	r5, [r3, #1]
10001d44:	2100      	movs	r1, #0
10001d46:	7059      	strb	r1, [r3, #1]
10001d48:	2800      	cmp	r0, #0
10001d4a:	d025      	beq.n	10001d98 <ph_merge_two_pass+0x90>
10001d4c:	7b23      	ldrb	r3, [r4, #12]
10001d4e:	4298      	cmp	r0, r3
10001d50:	d822      	bhi.n	10001d98 <ph_merge_two_pass+0x90>
10001d52:	0043      	lsls	r3, r0, #1
10001d54:	181b      	adds	r3, r3, r0
10001d56:	3b03      	subs	r3, #3
10001d58:	6821      	ldr	r1, [r4, #0]
10001d5a:	468c      	mov	ip, r1
10001d5c:	4463      	add	r3, ip
10001d5e:	2100      	movs	r1, #0
10001d60:	7059      	strb	r1, [r3, #1]
10001d62:	0001      	movs	r1, r0
10001d64:	0020      	movs	r0, r4
10001d66:	f7ff ff6f 	bl	10001c48 <ph_merge_nodes>
10001d6a:	0006      	movs	r6, r0
10001d6c:	0029      	movs	r1, r5
10001d6e:	0020      	movs	r0, r4
10001d70:	f7ff ffca 	bl	10001d08 <ph_merge_two_pass>
10001d74:	0002      	movs	r2, r0
10001d76:	0031      	movs	r1, r6
10001d78:	0020      	movs	r0, r4
10001d7a:	f7ff ff65 	bl	10001c48 <ph_merge_nodes>
10001d7e:	e7c7      	b.n	10001d10 <ph_merge_two_pass+0x8>
10001d80:	4b08      	ldr	r3, [pc, #32]	; (10001da4 <ph_merge_two_pass+0x9c>)
10001d82:	4a09      	ldr	r2, [pc, #36]	; (10001da8 <ph_merge_two_pass+0xa0>)
10001d84:	2168      	movs	r1, #104	; 0x68
10001d86:	4809      	ldr	r0, [pc, #36]	; (10001dac <ph_merge_two_pass+0xa4>)
10001d88:	f000 fbb6 	bl	100024f8 <__assert_func>
10001d8c:	4b05      	ldr	r3, [pc, #20]	; (10001da4 <ph_merge_two_pass+0x9c>)
10001d8e:	4a06      	ldr	r2, [pc, #24]	; (10001da8 <ph_merge_two_pass+0xa0>)
10001d90:	2168      	movs	r1, #104	; 0x68
10001d92:	4806      	ldr	r0, [pc, #24]	; (10001dac <ph_merge_two_pass+0xa4>)
10001d94:	f000 fbb0 	bl	100024f8 <__assert_func>
10001d98:	4b02      	ldr	r3, [pc, #8]	; (10001da4 <ph_merge_two_pass+0x9c>)
10001d9a:	4a03      	ldr	r2, [pc, #12]	; (10001da8 <ph_merge_two_pass+0xa0>)
10001d9c:	2168      	movs	r1, #104	; 0x68
10001d9e:	4803      	ldr	r0, [pc, #12]	; (10001dac <ph_merge_two_pass+0xa4>)
10001da0:	f000 fbaa 	bl	100024f8 <__assert_func>
10001da4:	1000519c 	.word	0x1000519c
10001da8:	1000566c 	.word	0x1000566c
10001dac:	100051b8 	.word	0x100051b8

10001db0 <ph_remove_any_head>:
10001db0:	b570      	push	{r4, r5, r6, lr}
10001db2:	0005      	movs	r5, r0
10001db4:	000c      	movs	r4, r1
10001db6:	0016      	movs	r6, r2
10001db8:	2900      	cmp	r1, #0
10001dba:	d02f      	beq.n	10001e1c <ph_remove_any_head+0x6c>
10001dbc:	d034      	beq.n	10001e28 <ph_remove_any_head+0x78>
10001dbe:	7b03      	ldrb	r3, [r0, #12]
10001dc0:	4299      	cmp	r1, r3
10001dc2:	d831      	bhi.n	10001e28 <ph_remove_any_head+0x78>
10001dc4:	004b      	lsls	r3, r1, #1
10001dc6:	185b      	adds	r3, r3, r1
10001dc8:	3b03      	subs	r3, #3
10001dca:	6802      	ldr	r2, [r0, #0]
10001dcc:	4694      	mov	ip, r2
10001dce:	4463      	add	r3, ip
10001dd0:	785a      	ldrb	r2, [r3, #1]
10001dd2:	2a00      	cmp	r2, #0
10001dd4:	d12e      	bne.n	10001e34 <ph_remove_any_head+0x84>
10001dd6:	789a      	ldrb	r2, [r3, #2]
10001dd8:	2a00      	cmp	r2, #0
10001dda:	d131      	bne.n	10001e40 <ph_remove_any_head+0x90>
10001ddc:	7819      	ldrb	r1, [r3, #0]
10001dde:	f7ff ff93 	bl	10001d08 <ph_merge_two_pass>
10001de2:	0003      	movs	r3, r0
10001de4:	2e00      	cmp	r6, #0
10001de6:	d00a      	beq.n	10001dfe <ph_remove_any_head+0x4e>
10001de8:	7bea      	ldrb	r2, [r5, #15]
10001dea:	2a00      	cmp	r2, #0
10001dec:	d12e      	bne.n	10001e4c <ph_remove_any_head+0x9c>
10001dee:	7baa      	ldrb	r2, [r5, #14]
10001df0:	2a00      	cmp	r2, #0
10001df2:	d103      	bne.n	10001dfc <ph_remove_any_head+0x4c>
10001df4:	7bea      	ldrb	r2, [r5, #15]
10001df6:	2a00      	cmp	r2, #0
10001df8:	d13b      	bne.n	10001e72 <ph_remove_any_head+0xc2>
10001dfa:	73ac      	strb	r4, [r5, #14]
10001dfc:	73ec      	strb	r4, [r5, #15]
10001dfe:	2b00      	cmp	r3, #0
10001e00:	d13d      	bne.n	10001e7e <ph_remove_any_head+0xce>
10001e02:	2c00      	cmp	r4, #0
10001e04:	d04f      	beq.n	10001ea6 <ph_remove_any_head+0xf6>
10001e06:	7b2b      	ldrb	r3, [r5, #12]
10001e08:	429c      	cmp	r4, r3
10001e0a:	d84c      	bhi.n	10001ea6 <ph_remove_any_head+0xf6>
10001e0c:	682b      	ldr	r3, [r5, #0]
10001e0e:	0061      	lsls	r1, r4, #1
10001e10:	190c      	adds	r4, r1, r4
10001e12:	3c03      	subs	r4, #3
10001e14:	191c      	adds	r4, r3, r4
10001e16:	2300      	movs	r3, #0
10001e18:	7063      	strb	r3, [r4, #1]
10001e1a:	bd70      	pop	{r4, r5, r6, pc}
10001e1c:	4b25      	ldr	r3, [pc, #148]	; (10001eb4 <ph_remove_any_head+0x104>)
10001e1e:	4a26      	ldr	r2, [pc, #152]	; (10001eb8 <ph_remove_any_head+0x108>)
10001e20:	2138      	movs	r1, #56	; 0x38
10001e22:	4826      	ldr	r0, [pc, #152]	; (10001ebc <ph_remove_any_head+0x10c>)
10001e24:	f000 fb68 	bl	100024f8 <__assert_func>
10001e28:	4b25      	ldr	r3, [pc, #148]	; (10001ec0 <ph_remove_any_head+0x110>)
10001e2a:	4a26      	ldr	r2, [pc, #152]	; (10001ec4 <ph_remove_any_head+0x114>)
10001e2c:	2168      	movs	r1, #104	; 0x68
10001e2e:	4826      	ldr	r0, [pc, #152]	; (10001ec8 <ph_remove_any_head+0x118>)
10001e30:	f000 fb62 	bl	100024f8 <__assert_func>
10001e34:	4b25      	ldr	r3, [pc, #148]	; (10001ecc <ph_remove_any_head+0x11c>)
10001e36:	4a20      	ldr	r2, [pc, #128]	; (10001eb8 <ph_remove_any_head+0x108>)
10001e38:	213a      	movs	r1, #58	; 0x3a
10001e3a:	4820      	ldr	r0, [pc, #128]	; (10001ebc <ph_remove_any_head+0x10c>)
10001e3c:	f000 fb5c 	bl	100024f8 <__assert_func>
10001e40:	4b23      	ldr	r3, [pc, #140]	; (10001ed0 <ph_remove_any_head+0x120>)
10001e42:	4a1d      	ldr	r2, [pc, #116]	; (10001eb8 <ph_remove_any_head+0x108>)
10001e44:	213b      	movs	r1, #59	; 0x3b
10001e46:	481d      	ldr	r0, [pc, #116]	; (10001ebc <ph_remove_any_head+0x10c>)
10001e48:	f000 fb56 	bl	100024f8 <__assert_func>
10001e4c:	2a00      	cmp	r2, #0
10001e4e:	d00a      	beq.n	10001e66 <ph_remove_any_head+0xb6>
10001e50:	7b29      	ldrb	r1, [r5, #12]
10001e52:	428a      	cmp	r2, r1
10001e54:	d807      	bhi.n	10001e66 <ph_remove_any_head+0xb6>
10001e56:	0051      	lsls	r1, r2, #1
10001e58:	188a      	adds	r2, r1, r2
10001e5a:	3a03      	subs	r2, #3
10001e5c:	6829      	ldr	r1, [r5, #0]
10001e5e:	468c      	mov	ip, r1
10001e60:	4462      	add	r2, ip
10001e62:	7054      	strb	r4, [r2, #1]
10001e64:	e7c3      	b.n	10001dee <ph_remove_any_head+0x3e>
10001e66:	4b16      	ldr	r3, [pc, #88]	; (10001ec0 <ph_remove_any_head+0x110>)
10001e68:	4a16      	ldr	r2, [pc, #88]	; (10001ec4 <ph_remove_any_head+0x114>)
10001e6a:	2168      	movs	r1, #104	; 0x68
10001e6c:	4816      	ldr	r0, [pc, #88]	; (10001ec8 <ph_remove_any_head+0x118>)
10001e6e:	f000 fb43 	bl	100024f8 <__assert_func>
10001e72:	4b18      	ldr	r3, [pc, #96]	; (10001ed4 <ph_remove_any_head+0x124>)
10001e74:	4a10      	ldr	r2, [pc, #64]	; (10001eb8 <ph_remove_any_head+0x108>)
10001e76:	2142      	movs	r1, #66	; 0x42
10001e78:	4810      	ldr	r0, [pc, #64]	; (10001ebc <ph_remove_any_head+0x10c>)
10001e7a:	f000 fb3d 	bl	100024f8 <__assert_func>
10001e7e:	2b00      	cmp	r3, #0
10001e80:	d00b      	beq.n	10001e9a <ph_remove_any_head+0xea>
10001e82:	7b2a      	ldrb	r2, [r5, #12]
10001e84:	4293      	cmp	r3, r2
10001e86:	d808      	bhi.n	10001e9a <ph_remove_any_head+0xea>
10001e88:	0043      	lsls	r3, r0, #1
10001e8a:	181b      	adds	r3, r3, r0
10001e8c:	3b03      	subs	r3, #3
10001e8e:	682a      	ldr	r2, [r5, #0]
10001e90:	4694      	mov	ip, r2
10001e92:	4463      	add	r3, ip
10001e94:	2200      	movs	r2, #0
10001e96:	709a      	strb	r2, [r3, #2]
10001e98:	e7b3      	b.n	10001e02 <ph_remove_any_head+0x52>
10001e9a:	4b09      	ldr	r3, [pc, #36]	; (10001ec0 <ph_remove_any_head+0x110>)
10001e9c:	4a09      	ldr	r2, [pc, #36]	; (10001ec4 <ph_remove_any_head+0x114>)
10001e9e:	2168      	movs	r1, #104	; 0x68
10001ea0:	4809      	ldr	r0, [pc, #36]	; (10001ec8 <ph_remove_any_head+0x118>)
10001ea2:	f000 fb29 	bl	100024f8 <__assert_func>
10001ea6:	4b06      	ldr	r3, [pc, #24]	; (10001ec0 <ph_remove_any_head+0x110>)
10001ea8:	4a06      	ldr	r2, [pc, #24]	; (10001ec4 <ph_remove_any_head+0x114>)
10001eaa:	2168      	movs	r1, #104	; 0x68
10001eac:	4806      	ldr	r0, [pc, #24]	; (10001ec8 <ph_remove_any_head+0x118>)
10001eae:	f000 fb23 	bl	100024f8 <__assert_func>
10001eb2:	46c0      	nop			; (mov r8, r8)
10001eb4:	10005564 	.word	0x10005564
10001eb8:	10005644 	.word	0x10005644
10001ebc:	1000556c 	.word	0x1000556c
10001ec0:	1000519c 	.word	0x1000519c
10001ec4:	1000566c 	.word	0x1000566c
10001ec8:	100051b8 	.word	0x100051b8
10001ecc:	100055c0 	.word	0x100055c0
10001ed0:	100055e8 	.word	0x100055e8
10001ed4:	100052fc 	.word	0x100052fc

10001ed8 <ph_remove_head>:
10001ed8:	b570      	push	{r4, r5, r6, lr}
10001eda:	0004      	movs	r4, r0
10001edc:	000a      	movs	r2, r1
10001ede:	7b45      	ldrb	r5, [r0, #13]
10001ee0:	0029      	movs	r1, r5
10001ee2:	f7ff ff65 	bl	10001db0 <ph_remove_any_head>
10001ee6:	7360      	strb	r0, [r4, #13]
10001ee8:	0028      	movs	r0, r5
10001eea:	bd70      	pop	{r4, r5, r6, pc}

10001eec <ph_remove_and_free_node>:
10001eec:	b570      	push	{r4, r5, r6, lr}
10001eee:	0004      	movs	r4, r0
10001ef0:	2900      	cmp	r1, #0
10001ef2:	d067      	beq.n	10001fc4 <ph_remove_and_free_node+0xd8>
10001ef4:	7b43      	ldrb	r3, [r0, #13]
10001ef6:	428b      	cmp	r3, r1
10001ef8:	d00e      	beq.n	10001f18 <ph_remove_and_free_node+0x2c>
10001efa:	2900      	cmp	r1, #0
10001efc:	d011      	beq.n	10001f22 <ph_remove_and_free_node+0x36>
10001efe:	7b03      	ldrb	r3, [r0, #12]
10001f00:	4299      	cmp	r1, r3
10001f02:	d80e      	bhi.n	10001f22 <ph_remove_and_free_node+0x36>
10001f04:	004b      	lsls	r3, r1, #1
10001f06:	185b      	adds	r3, r3, r1
10001f08:	3b03      	subs	r3, #3
10001f0a:	6802      	ldr	r2, [r0, #0]
10001f0c:	18d0      	adds	r0, r2, r3
10001f0e:	7883      	ldrb	r3, [r0, #2]
10001f10:	2b00      	cmp	r3, #0
10001f12:	d10c      	bne.n	10001f2e <ph_remove_and_free_node+0x42>
10001f14:	2000      	movs	r0, #0
10001f16:	e056      	b.n	10001fc6 <ph_remove_and_free_node+0xda>
10001f18:	2101      	movs	r1, #1
10001f1a:	f7ff ffdd 	bl	10001ed8 <ph_remove_head>
10001f1e:	2001      	movs	r0, #1
10001f20:	e051      	b.n	10001fc6 <ph_remove_and_free_node+0xda>
10001f22:	4b29      	ldr	r3, [pc, #164]	; (10001fc8 <ph_remove_and_free_node+0xdc>)
10001f24:	4a29      	ldr	r2, [pc, #164]	; (10001fcc <ph_remove_and_free_node+0xe0>)
10001f26:	2168      	movs	r1, #104	; 0x68
10001f28:	4829      	ldr	r0, [pc, #164]	; (10001fd0 <ph_remove_and_free_node+0xe4>)
10001f2a:	f000 fae5 	bl	100024f8 <__assert_func>
10001f2e:	2b00      	cmp	r3, #0
10001f30:	d020      	beq.n	10001f74 <ph_remove_and_free_node+0x88>
10001f32:	7b22      	ldrb	r2, [r4, #12]
10001f34:	4293      	cmp	r3, r2
10001f36:	d81d      	bhi.n	10001f74 <ph_remove_and_free_node+0x88>
10001f38:	005a      	lsls	r2, r3, #1
10001f3a:	18d3      	adds	r3, r2, r3
10001f3c:	3b03      	subs	r3, #3
10001f3e:	6822      	ldr	r2, [r4, #0]
10001f40:	18d2      	adds	r2, r2, r3
10001f42:	6825      	ldr	r5, [r4, #0]
10001f44:	5ceb      	ldrb	r3, [r5, r3]
10001f46:	428b      	cmp	r3, r1
10001f48:	d01a      	beq.n	10001f80 <ph_remove_and_free_node+0x94>
10001f4a:	2b00      	cmp	r3, #0
10001f4c:	d01b      	beq.n	10001f86 <ph_remove_and_free_node+0x9a>
10001f4e:	7b22      	ldrb	r2, [r4, #12]
10001f50:	4293      	cmp	r3, r2
10001f52:	d818      	bhi.n	10001f86 <ph_remove_and_free_node+0x9a>
10001f54:	005a      	lsls	r2, r3, #1
10001f56:	18d3      	adds	r3, r2, r3
10001f58:	3b03      	subs	r3, #3
10001f5a:	6822      	ldr	r2, [r4, #0]
10001f5c:	18d2      	adds	r2, r2, r3
10001f5e:	7853      	ldrb	r3, [r2, #1]
10001f60:	428b      	cmp	r3, r1
10001f62:	d016      	beq.n	10001f92 <ph_remove_and_free_node+0xa6>
10001f64:	2b00      	cmp	r3, #0
10001f66:	d1f0      	bne.n	10001f4a <ph_remove_and_free_node+0x5e>
10001f68:	4b1a      	ldr	r3, [pc, #104]	; (10001fd4 <ph_remove_and_free_node+0xe8>)
10001f6a:	4a1b      	ldr	r2, [pc, #108]	; (10001fd8 <ph_remove_and_free_node+0xec>)
10001f6c:	216b      	movs	r1, #107	; 0x6b
10001f6e:	481b      	ldr	r0, [pc, #108]	; (10001fdc <ph_remove_and_free_node+0xf0>)
10001f70:	f000 fac2 	bl	100024f8 <__assert_func>
10001f74:	4b14      	ldr	r3, [pc, #80]	; (10001fc8 <ph_remove_and_free_node+0xdc>)
10001f76:	4a15      	ldr	r2, [pc, #84]	; (10001fcc <ph_remove_and_free_node+0xe0>)
10001f78:	2168      	movs	r1, #104	; 0x68
10001f7a:	4815      	ldr	r0, [pc, #84]	; (10001fd0 <ph_remove_and_free_node+0xe4>)
10001f7c:	f000 fabc 	bl	100024f8 <__assert_func>
10001f80:	7843      	ldrb	r3, [r0, #1]
10001f82:	7013      	strb	r3, [r2, #0]
10001f84:	e007      	b.n	10001f96 <ph_remove_and_free_node+0xaa>
10001f86:	4b10      	ldr	r3, [pc, #64]	; (10001fc8 <ph_remove_and_free_node+0xdc>)
10001f88:	4a10      	ldr	r2, [pc, #64]	; (10001fcc <ph_remove_and_free_node+0xe0>)
10001f8a:	2168      	movs	r1, #104	; 0x68
10001f8c:	4810      	ldr	r0, [pc, #64]	; (10001fd0 <ph_remove_and_free_node+0xe4>)
10001f8e:	f000 fab3 	bl	100024f8 <__assert_func>
10001f92:	7843      	ldrb	r3, [r0, #1]
10001f94:	7053      	strb	r3, [r2, #1]
10001f96:	2300      	movs	r3, #0
10001f98:	7083      	strb	r3, [r0, #2]
10001f9a:	7043      	strb	r3, [r0, #1]
10001f9c:	2201      	movs	r2, #1
10001f9e:	0020      	movs	r0, r4
10001fa0:	f7ff ff06 	bl	10001db0 <ph_remove_any_head>
10001fa4:	0002      	movs	r2, r0
10001fa6:	7b61      	ldrb	r1, [r4, #13]
10001fa8:	4281      	cmp	r1, r0
10001faa:	d005      	beq.n	10001fb8 <ph_remove_and_free_node+0xcc>
10001fac:	0020      	movs	r0, r4
10001fae:	f7ff fe4b 	bl	10001c48 <ph_merge_nodes>
10001fb2:	7360      	strb	r0, [r4, #13]
10001fb4:	2001      	movs	r0, #1
10001fb6:	e006      	b.n	10001fc6 <ph_remove_and_free_node+0xda>
10001fb8:	4b09      	ldr	r3, [pc, #36]	; (10001fe0 <ph_remove_and_free_node+0xf4>)
10001fba:	4a07      	ldr	r2, [pc, #28]	; (10001fd8 <ph_remove_and_free_node+0xec>)
10001fbc:	2171      	movs	r1, #113	; 0x71
10001fbe:	4807      	ldr	r0, [pc, #28]	; (10001fdc <ph_remove_and_free_node+0xf0>)
10001fc0:	f000 fa9a 	bl	100024f8 <__assert_func>
10001fc4:	2000      	movs	r0, #0
10001fc6:	bd70      	pop	{r4, r5, r6, pc}
10001fc8:	1000519c 	.word	0x1000519c
10001fcc:	1000566c 	.word	0x1000566c
10001fd0:	100051b8 	.word	0x100051b8
10001fd4:	10004f3c 	.word	0x10004f3c
10001fd8:	1000562c 	.word	0x1000562c
10001fdc:	1000556c 	.word	0x1000556c
10001fe0:	1000560c 	.word	0x1000560c

10001fe4 <uart_disable_before_lcr_write>:
10001fe4:	b570      	push	{r4, r5, r6, lr}
10001fe6:	6b04      	ldr	r4, [r0, #48]	; 0x30
10001fe8:	07e3      	lsls	r3, r4, #31
10001fea:	d401      	bmi.n	10001ff0 <uart_disable_before_lcr_write+0xc>
10001fec:	0020      	movs	r0, r4
10001fee:	bd70      	pop	{r4, r5, r6, pc}
10001ff0:	0002      	movs	r2, r0
10001ff2:	3230      	adds	r2, #48	; 0x30
10001ff4:	23c0      	movs	r3, #192	; 0xc0
10001ff6:	019b      	lsls	r3, r3, #6
10001ff8:	4313      	orrs	r3, r2
10001ffa:	4a0a      	ldr	r2, [pc, #40]	; (10002024 <uart_disable_before_lcr_write+0x40>)
10001ffc:	601a      	str	r2, [r3, #0]
10001ffe:	6a45      	ldr	r5, [r0, #36]	; 0x24
10002000:	6a82      	ldr	r2, [r0, #40]	; 0x28
10002002:	01ad      	lsls	r5, r5, #6
10002004:	18ad      	adds	r5, r5, r2
10002006:	02ad      	lsls	r5, r5, #10
10002008:	2006      	movs	r0, #6
1000200a:	f000 f9bd 	bl	10002388 <clock_get_hz>
1000200e:	4906      	ldr	r1, [pc, #24]	; (10002028 <uart_disable_before_lcr_write+0x44>)
10002010:	f001 fc20 	bl	10003854 <__wrap___aeabi_uidiv>
10002014:	0001      	movs	r1, r0
10002016:	0028      	movs	r0, r5
10002018:	f001 fc1c 	bl	10003854 <__wrap___aeabi_uidiv>
1000201c:	2100      	movs	r1, #0
1000201e:	f7ff fcc1 	bl	100019a4 <busy_wait_us>
10002022:	e7e3      	b.n	10001fec <uart_disable_before_lcr_write+0x8>
10002024:	00000301 	.word	0x00000301
10002028:	00000e4e 	.word	0x00000e4e

1000202c <uart_write_lcr_bits_masked>:
1000202c:	b570      	push	{r4, r5, r6, lr}
1000202e:	0004      	movs	r4, r0
10002030:	000e      	movs	r6, r1
10002032:	0015      	movs	r5, r2
10002034:	f7ff ffd6 	bl	10001fe4 <uart_disable_before_lcr_write>
10002038:	0022      	movs	r2, r4
1000203a:	322c      	adds	r2, #44	; 0x2c
1000203c:	6ae1      	ldr	r1, [r4, #44]	; 0x2c
1000203e:	404e      	eors	r6, r1
10002040:	4035      	ands	r5, r6
10002042:	2380      	movs	r3, #128	; 0x80
10002044:	015b      	lsls	r3, r3, #5
10002046:	4313      	orrs	r3, r2
10002048:	601d      	str	r5, [r3, #0]
1000204a:	6320      	str	r0, [r4, #48]	; 0x30
1000204c:	bd70      	pop	{r4, r5, r6, pc}
	...

10002050 <uart_set_baudrate>:
10002050:	b570      	push	{r4, r5, r6, lr}
10002052:	0005      	movs	r5, r0
10002054:	000c      	movs	r4, r1
10002056:	2006      	movs	r0, #6
10002058:	f000 f996 	bl	10002388 <clock_get_hz>
1000205c:	00c0      	lsls	r0, r0, #3
1000205e:	0021      	movs	r1, r4
10002060:	f001 fbf8 	bl	10003854 <__wrap___aeabi_uidiv>
10002064:	09c6      	lsrs	r6, r0, #7
10002066:	d008      	beq.n	1000207a <uart_set_baudrate+0x2a>
10002068:	4b0e      	ldr	r3, [pc, #56]	; (100020a4 <uart_set_baudrate+0x54>)
1000206a:	429e      	cmp	r6, r3
1000206c:	d816      	bhi.n	1000209c <uart_set_baudrate+0x4c>
1000206e:	237f      	movs	r3, #127	; 0x7f
10002070:	4018      	ands	r0, r3
10002072:	3001      	adds	r0, #1
10002074:	0034      	movs	r4, r6
10002076:	0846      	lsrs	r6, r0, #1
10002078:	e000      	b.n	1000207c <uart_set_baudrate+0x2c>
1000207a:	2401      	movs	r4, #1
1000207c:	626c      	str	r4, [r5, #36]	; 0x24
1000207e:	62ae      	str	r6, [r5, #40]	; 0x28
10002080:	2200      	movs	r2, #0
10002082:	2100      	movs	r1, #0
10002084:	0028      	movs	r0, r5
10002086:	f7ff ffd1 	bl	1000202c <uart_write_lcr_bits_masked>
1000208a:	2006      	movs	r0, #6
1000208c:	f000 f97c 	bl	10002388 <clock_get_hz>
10002090:	0080      	lsls	r0, r0, #2
10002092:	01a1      	lsls	r1, r4, #6
10002094:	1989      	adds	r1, r1, r6
10002096:	f001 fbdd 	bl	10003854 <__wrap___aeabi_uidiv>
1000209a:	bd70      	pop	{r4, r5, r6, pc}
1000209c:	2600      	movs	r6, #0
1000209e:	4c02      	ldr	r4, [pc, #8]	; (100020a8 <uart_set_baudrate+0x58>)
100020a0:	e7ec      	b.n	1000207c <uart_set_baudrate+0x2c>
100020a2:	46c0      	nop			; (mov r8, r8)
100020a4:	0000fffe 	.word	0x0000fffe
100020a8:	0000ffff 	.word	0x0000ffff

100020ac <uart_set_format>:
100020ac:	b510      	push	{r4, lr}
100020ae:	3905      	subs	r1, #5
100020b0:	0149      	lsls	r1, r1, #5
100020b2:	3a01      	subs	r2, #1
100020b4:	00d2      	lsls	r2, r2, #3
100020b6:	4311      	orrs	r1, r2
100020b8:	2b00      	cmp	r3, #0
100020ba:	d009      	beq.n	100020d0 <uart_set_format+0x24>
100020bc:	2202      	movs	r2, #2
100020be:	430a      	orrs	r2, r1
100020c0:	2b01      	cmp	r3, #1
100020c2:	d007      	beq.n	100020d4 <uart_set_format+0x28>
100020c4:	2100      	movs	r1, #0
100020c6:	4311      	orrs	r1, r2
100020c8:	226e      	movs	r2, #110	; 0x6e
100020ca:	f7ff ffaf 	bl	1000202c <uart_write_lcr_bits_masked>
100020ce:	bd10      	pop	{r4, pc}
100020d0:	2200      	movs	r2, #0
100020d2:	e7f4      	b.n	100020be <uart_set_format+0x12>
100020d4:	2104      	movs	r1, #4
100020d6:	e7f6      	b.n	100020c6 <uart_set_format+0x1a>

100020d8 <uart_set_translate_crlf>:
100020d8:	2900      	cmp	r1, #0
100020da:	d009      	beq.n	100020f0 <uart_set_translate_crlf+0x18>
100020dc:	220a      	movs	r2, #10
100020de:	4b06      	ldr	r3, [pc, #24]	; (100020f8 <uart_set_translate_crlf+0x20>)
100020e0:	469c      	mov	ip, r3
100020e2:	4460      	add	r0, ip
100020e4:	4243      	negs	r3, r0
100020e6:	4158      	adcs	r0, r3
100020e8:	0040      	lsls	r0, r0, #1
100020ea:	4b04      	ldr	r3, [pc, #16]	; (100020fc <uart_set_translate_crlf+0x24>)
100020ec:	52c2      	strh	r2, [r0, r3]
100020ee:	4770      	bx	lr
100020f0:	2280      	movs	r2, #128	; 0x80
100020f2:	0052      	lsls	r2, r2, #1
100020f4:	e7f3      	b.n	100020de <uart_set_translate_crlf+0x6>
100020f6:	46c0      	nop			; (mov r8, r8)
100020f8:	bffc8000 	.word	0xbffc8000
100020fc:	2000070c 	.word	0x2000070c

10002100 <uart_init>:
10002100:	b570      	push	{r4, r5, r6, lr}
10002102:	0005      	movs	r5, r0
10002104:	000c      	movs	r4, r1
10002106:	2006      	movs	r0, #6
10002108:	f000 f93e 	bl	10002388 <clock_get_hz>
1000210c:	1e06      	subs	r6, r0, #0
1000210e:	d027      	beq.n	10002160 <uart_init+0x60>
10002110:	4b16      	ldr	r3, [pc, #88]	; (1000216c <uart_init+0x6c>)
10002112:	429d      	cmp	r5, r3
10002114:	d026      	beq.n	10002164 <uart_init+0x64>
10002116:	2280      	movs	r2, #128	; 0x80
10002118:	03d2      	lsls	r2, r2, #15
1000211a:	4b15      	ldr	r3, [pc, #84]	; (10002170 <uart_init+0x70>)
1000211c:	601a      	str	r2, [r3, #0]
1000211e:	4b15      	ldr	r3, [pc, #84]	; (10002174 <uart_init+0x74>)
10002120:	601a      	str	r2, [r3, #0]
10002122:	4b15      	ldr	r3, [pc, #84]	; (10002178 <uart_init+0x78>)
10002124:	689b      	ldr	r3, [r3, #8]
10002126:	0011      	movs	r1, r2
10002128:	4399      	bics	r1, r3
1000212a:	d1fa      	bne.n	10002122 <uart_init+0x22>
1000212c:	2100      	movs	r1, #0
1000212e:	0028      	movs	r0, r5
10002130:	f7ff ffd2 	bl	100020d8 <uart_set_translate_crlf>
10002134:	0021      	movs	r1, r4
10002136:	0028      	movs	r0, r5
10002138:	f7ff ff8a 	bl	10002050 <uart_set_baudrate>
1000213c:	0006      	movs	r6, r0
1000213e:	2300      	movs	r3, #0
10002140:	2201      	movs	r2, #1
10002142:	2108      	movs	r1, #8
10002144:	0028      	movs	r0, r5
10002146:	f7ff ffb1 	bl	100020ac <uart_set_format>
1000214a:	002a      	movs	r2, r5
1000214c:	322c      	adds	r2, #44	; 0x2c
1000214e:	2380      	movs	r3, #128	; 0x80
10002150:	019b      	lsls	r3, r3, #6
10002152:	4313      	orrs	r3, r2
10002154:	2210      	movs	r2, #16
10002156:	601a      	str	r2, [r3, #0]
10002158:	4b08      	ldr	r3, [pc, #32]	; (1000217c <uart_init+0x7c>)
1000215a:	632b      	str	r3, [r5, #48]	; 0x30
1000215c:	2303      	movs	r3, #3
1000215e:	64ab      	str	r3, [r5, #72]	; 0x48
10002160:	0030      	movs	r0, r6
10002162:	bd70      	pop	{r4, r5, r6, pc}
10002164:	2280      	movs	r2, #128	; 0x80
10002166:	0412      	lsls	r2, r2, #16
10002168:	e7d7      	b.n	1000211a <uart_init+0x1a>
1000216a:	46c0      	nop			; (mov r8, r8)
1000216c:	40038000 	.word	0x40038000
10002170:	4000e000 	.word	0x4000e000
10002174:	4000f000 	.word	0x4000f000
10002178:	4000c000 	.word	0x4000c000
1000217c:	00000301 	.word	0x00000301

10002180 <clock_configure>:
10002180:	b5f8      	push	{r3, r4, r5, r6, r7, lr}
10002182:	46de      	mov	lr, fp
10002184:	4657      	mov	r7, sl
10002186:	464e      	mov	r6, r9
10002188:	4645      	mov	r5, r8
1000218a:	b5e0      	push	{r5, r6, r7, lr}
1000218c:	0005      	movs	r5, r0
1000218e:	000f      	movs	r7, r1
10002190:	4692      	mov	sl, r2
10002192:	9a0a      	ldr	r2, [sp, #40]	; 0x28
10002194:	4293      	cmp	r3, r2
10002196:	d350      	bcc.n	1000223a <clock_configure+0xba>
10002198:	0e1a      	lsrs	r2, r3, #24
1000219a:	4691      	mov	r9, r2
1000219c:	021e      	lsls	r6, r3, #8
1000219e:	9a0a      	ldr	r2, [sp, #40]	; 0x28
100021a0:	2300      	movs	r3, #0
100021a2:	0030      	movs	r0, r6
100021a4:	4649      	mov	r1, r9
100021a6:	f001 fb93 	bl	100038d0 <__wrap___aeabi_uldivmod>
100021aa:	4680      	mov	r8, r0
100021ac:	006c      	lsls	r4, r5, #1
100021ae:	1964      	adds	r4, r4, r5
100021b0:	00a4      	lsls	r4, r4, #2
100021b2:	4b30      	ldr	r3, [pc, #192]	; (10002274 <clock_configure+0xf4>)
100021b4:	469c      	mov	ip, r3
100021b6:	4464      	add	r4, ip
100021b8:	6863      	ldr	r3, [r4, #4]
100021ba:	4283      	cmp	r3, r0
100021bc:	d200      	bcs.n	100021c0 <clock_configure+0x40>
100021be:	6060      	str	r0, [r4, #4]
100021c0:	1f2b      	subs	r3, r5, #4
100021c2:	b2db      	uxtb	r3, r3
100021c4:	469b      	mov	fp, r3
100021c6:	2b01      	cmp	r3, #1
100021c8:	d93d      	bls.n	10002246 <clock_configure+0xc6>
100021ca:	23c0      	movs	r3, #192	; 0xc0
100021cc:	019b      	lsls	r3, r3, #6
100021ce:	4323      	orrs	r3, r4
100021d0:	2280      	movs	r2, #128	; 0x80
100021d2:	0112      	lsls	r2, r2, #4
100021d4:	601a      	str	r2, [r3, #0]
100021d6:	00ab      	lsls	r3, r5, #2
100021d8:	4a27      	ldr	r2, [pc, #156]	; (10002278 <clock_configure+0xf8>)
100021da:	5899      	ldr	r1, [r3, r2]
100021dc:	2900      	cmp	r1, #0
100021de:	d007      	beq.n	100021f0 <clock_configure+0x70>
100021e0:	6950      	ldr	r0, [r2, #20]
100021e2:	f001 fb37 	bl	10003854 <__wrap___aeabi_uidiv>
100021e6:	1c43      	adds	r3, r0, #1
100021e8:	0058      	lsls	r0, r3, #1
100021ea:	18c0      	adds	r0, r0, r3
100021ec:	3803      	subs	r0, #3
100021ee:	d2fd      	bcs.n	100021ec <clock_configure+0x6c>
100021f0:	4653      	mov	r3, sl
100021f2:	015a      	lsls	r2, r3, #5
100021f4:	6823      	ldr	r3, [r4, #0]
100021f6:	405a      	eors	r2, r3
100021f8:	23e0      	movs	r3, #224	; 0xe0
100021fa:	401a      	ands	r2, r3
100021fc:	2380      	movs	r3, #128	; 0x80
100021fe:	015b      	lsls	r3, r3, #5
10002200:	4323      	orrs	r3, r4
10002202:	601a      	str	r2, [r3, #0]
10002204:	465a      	mov	r2, fp
10002206:	2a01      	cmp	r2, #1
10002208:	d928      	bls.n	1000225c <clock_configure+0xdc>
1000220a:	2380      	movs	r3, #128	; 0x80
1000220c:	019b      	lsls	r3, r3, #6
1000220e:	4323      	orrs	r3, r4
10002210:	2280      	movs	r2, #128	; 0x80
10002212:	0112      	lsls	r2, r2, #4
10002214:	601a      	str	r2, [r3, #0]
10002216:	4643      	mov	r3, r8
10002218:	6063      	str	r3, [r4, #4]
1000221a:	4642      	mov	r2, r8
1000221c:	2300      	movs	r3, #0
1000221e:	0030      	movs	r0, r6
10002220:	4649      	mov	r1, r9
10002222:	f001 fb55 	bl	100038d0 <__wrap___aeabi_uldivmod>
10002226:	00ad      	lsls	r5, r5, #2
10002228:	4b13      	ldr	r3, [pc, #76]	; (10002278 <clock_configure+0xf8>)
1000222a:	5158      	str	r0, [r3, r5]
1000222c:	2001      	movs	r0, #1
1000222e:	bcf0      	pop	{r4, r5, r6, r7}
10002230:	46bb      	mov	fp, r7
10002232:	46b2      	mov	sl, r6
10002234:	46a9      	mov	r9, r5
10002236:	46a0      	mov	r8, r4
10002238:	bdf8      	pop	{r3, r4, r5, r6, r7, pc}
1000223a:	4b10      	ldr	r3, [pc, #64]	; (1000227c <clock_configure+0xfc>)
1000223c:	4a10      	ldr	r2, [pc, #64]	; (10002280 <clock_configure+0x100>)
1000223e:	2133      	movs	r1, #51	; 0x33
10002240:	4810      	ldr	r0, [pc, #64]	; (10002284 <clock_configure+0x104>)
10002242:	f000 f959 	bl	100024f8 <__assert_func>
10002246:	2f01      	cmp	r7, #1
10002248:	d1bf      	bne.n	100021ca <clock_configure+0x4a>
1000224a:	23c0      	movs	r3, #192	; 0xc0
1000224c:	019b      	lsls	r3, r3, #6
1000224e:	4323      	orrs	r3, r4
10002250:	2203      	movs	r2, #3
10002252:	601a      	str	r2, [r3, #0]
10002254:	68a3      	ldr	r3, [r4, #8]
10002256:	07db      	lsls	r3, r3, #31
10002258:	d5fc      	bpl.n	10002254 <clock_configure+0xd4>
1000225a:	e7c9      	b.n	100021f0 <clock_configure+0x70>
1000225c:	6821      	ldr	r1, [r4, #0]
1000225e:	4079      	eors	r1, r7
10002260:	2203      	movs	r2, #3
10002262:	400a      	ands	r2, r1
10002264:	601a      	str	r2, [r3, #0]
10002266:	68a2      	ldr	r2, [r4, #8]
10002268:	2301      	movs	r3, #1
1000226a:	40bb      	lsls	r3, r7
1000226c:	4213      	tst	r3, r2
1000226e:	d0fa      	beq.n	10002266 <clock_configure+0xe6>
10002270:	e7cb      	b.n	1000220a <clock_configure+0x8a>
10002272:	46c0      	nop			; (mov r8, r8)
10002274:	40008000 	.word	0x40008000
10002278:	20000474 	.word	0x20000474
1000227c:	10005678 	.word	0x10005678
10002280:	100056ec 	.word	0x100056ec
10002284:	1000568c 	.word	0x1000568c

10002288 <clocks_init>:
10002288:	b530      	push	{r4, r5, lr}
1000228a:	b083      	sub	sp, #12
1000228c:	200c      	movs	r0, #12
1000228e:	f000 f911 	bl	100024b4 <watchdog_start_tick>
10002292:	f7fe fadd 	bl	10000850 <running_on_fpga>
10002296:	2800      	cmp	r0, #0
10002298:	d00d      	beq.n	100022b6 <clocks_init+0x2e>
1000229a:	2300      	movs	r3, #0
1000229c:	e004      	b.n	100022a8 <clocks_init+0x20>
1000229e:	0099      	lsls	r1, r3, #2
100022a0:	4a2d      	ldr	r2, [pc, #180]	; (10002358 <clocks_init+0xd0>)
100022a2:	482e      	ldr	r0, [pc, #184]	; (1000235c <clocks_init+0xd4>)
100022a4:	5088      	str	r0, [r1, r2]
100022a6:	3301      	adds	r3, #1
100022a8:	2b09      	cmp	r3, #9
100022aa:	d9f8      	bls.n	1000229e <clocks_init+0x16>
100022ac:	4b2a      	ldr	r3, [pc, #168]	; (10002358 <clocks_init+0xd0>)
100022ae:	4a2c      	ldr	r2, [pc, #176]	; (10002360 <clocks_init+0xd8>)
100022b0:	625a      	str	r2, [r3, #36]	; 0x24
100022b2:	b003      	add	sp, #12
100022b4:	bd30      	pop	{r4, r5, pc}
100022b6:	4b2b      	ldr	r3, [pc, #172]	; (10002364 <clocks_init+0xdc>)
100022b8:	2200      	movs	r2, #0
100022ba:	679a      	str	r2, [r3, #120]	; 0x78
100022bc:	f000 f902 	bl	100024c4 <xosc_init>
100022c0:	4b29      	ldr	r3, [pc, #164]	; (10002368 <clocks_init+0xe0>)
100022c2:	2201      	movs	r2, #1
100022c4:	601a      	str	r2, [r3, #0]
100022c6:	4b27      	ldr	r3, [pc, #156]	; (10002364 <clocks_init+0xdc>)
100022c8:	6c5b      	ldr	r3, [r3, #68]	; 0x44
100022ca:	2b01      	cmp	r3, #1
100022cc:	d1fb      	bne.n	100022c6 <clocks_init+0x3e>
100022ce:	4b27      	ldr	r3, [pc, #156]	; (1000236c <clocks_init+0xe4>)
100022d0:	2203      	movs	r2, #3
100022d2:	601a      	str	r2, [r3, #0]
100022d4:	4b23      	ldr	r3, [pc, #140]	; (10002364 <clocks_init+0xdc>)
100022d6:	6b9b      	ldr	r3, [r3, #56]	; 0x38
100022d8:	2b01      	cmp	r3, #1
100022da:	d1fb      	bne.n	100022d4 <clocks_init+0x4c>
100022dc:	3301      	adds	r3, #1
100022de:	9300      	str	r3, [sp, #0]
100022e0:	3304      	adds	r3, #4
100022e2:	4a23      	ldr	r2, [pc, #140]	; (10002370 <clocks_init+0xe8>)
100022e4:	2101      	movs	r1, #1
100022e6:	4823      	ldr	r0, [pc, #140]	; (10002374 <clocks_init+0xec>)
100022e8:	f000 f854 	bl	10002394 <pll_init>
100022ec:	2305      	movs	r3, #5
100022ee:	9300      	str	r3, [sp, #0]
100022f0:	4a21      	ldr	r2, [pc, #132]	; (10002378 <clocks_init+0xf0>)
100022f2:	2101      	movs	r1, #1
100022f4:	4821      	ldr	r0, [pc, #132]	; (1000237c <clocks_init+0xf4>)
100022f6:	f000 f84d 	bl	10002394 <pll_init>
100022fa:	4b21      	ldr	r3, [pc, #132]	; (10002380 <clocks_init+0xf8>)
100022fc:	9300      	str	r3, [sp, #0]
100022fe:	2200      	movs	r2, #0
10002300:	2102      	movs	r1, #2
10002302:	2004      	movs	r0, #4
10002304:	f7ff ff3c 	bl	10002180 <clock_configure>
10002308:	4d1e      	ldr	r5, [pc, #120]	; (10002384 <clocks_init+0xfc>)
1000230a:	9500      	str	r5, [sp, #0]
1000230c:	002b      	movs	r3, r5
1000230e:	2200      	movs	r2, #0
10002310:	2101      	movs	r1, #1
10002312:	2005      	movs	r0, #5
10002314:	f7ff ff34 	bl	10002180 <clock_configure>
10002318:	4c10      	ldr	r4, [pc, #64]	; (1000235c <clocks_init+0xd4>)
1000231a:	9400      	str	r4, [sp, #0]
1000231c:	0023      	movs	r3, r4
1000231e:	2200      	movs	r2, #0
10002320:	2100      	movs	r1, #0
10002322:	2007      	movs	r0, #7
10002324:	f7ff ff2c 	bl	10002180 <clock_configure>
10002328:	9400      	str	r4, [sp, #0]
1000232a:	0023      	movs	r3, r4
1000232c:	2200      	movs	r2, #0
1000232e:	2100      	movs	r1, #0
10002330:	2008      	movs	r0, #8
10002332:	f7ff ff25 	bl	10002180 <clock_configure>
10002336:	4b0a      	ldr	r3, [pc, #40]	; (10002360 <clocks_init+0xd8>)
10002338:	9300      	str	r3, [sp, #0]
1000233a:	0023      	movs	r3, r4
1000233c:	2200      	movs	r2, #0
1000233e:	2100      	movs	r1, #0
10002340:	2009      	movs	r0, #9
10002342:	f7ff ff1d 	bl	10002180 <clock_configure>
10002346:	9500      	str	r5, [sp, #0]
10002348:	002b      	movs	r3, r5
1000234a:	2200      	movs	r2, #0
1000234c:	2100      	movs	r1, #0
1000234e:	2006      	movs	r0, #6
10002350:	f7ff ff16 	bl	10002180 <clock_configure>
10002354:	e7ad      	b.n	100022b2 <clocks_init+0x2a>
10002356:	46c0      	nop			; (mov r8, r8)
10002358:	20000474 	.word	0x20000474
1000235c:	02dc6c00 	.word	0x02dc6c00
10002360:	0000b71b 	.word	0x0000b71b
10002364:	40008000 	.word	0x40008000
10002368:	4000b03c 	.word	0x4000b03c
1000236c:	4000b030 	.word	0x4000b030
10002370:	59682f00 	.word	0x59682f00
10002374:	40028000 	.word	0x40028000
10002378:	47868c00 	.word	0x47868c00
1000237c:	4002c000 	.word	0x4002c000
10002380:	00b71b00 	.word	0x00b71b00
10002384:	07735940 	.word	0x07735940

10002388 <clock_get_hz>:
10002388:	0080      	lsls	r0, r0, #2
1000238a:	4b01      	ldr	r3, [pc, #4]	; (10002390 <clock_get_hz+0x8>)
1000238c:	58c0      	ldr	r0, [r0, r3]
1000238e:	4770      	bx	lr
10002390:	20000474 	.word	0x20000474

10002394 <pll_init>:
10002394:	b5f0      	push	{r4, r5, r6, r7, lr}
10002396:	46c6      	mov	lr, r8
10002398:	b500      	push	{lr}
1000239a:	0004      	movs	r4, r0
1000239c:	000e      	movs	r6, r1
1000239e:	0017      	movs	r7, r2
100023a0:	001d      	movs	r5, r3
100023a2:	4837      	ldr	r0, [pc, #220]	; (10002480 <pll_init+0xec>)
100023a4:	f001 fa56 	bl	10003854 <__wrap___aeabi_uidiv>
100023a8:	4680      	mov	r8, r0
100023aa:	4b36      	ldr	r3, [pc, #216]	; (10002484 <pll_init+0xf0>)
100023ac:	18fa      	adds	r2, r7, r3
100023ae:	4b36      	ldr	r3, [pc, #216]	; (10002488 <pll_init+0xf4>)
100023b0:	429a      	cmp	r2, r3
100023b2:	d839      	bhi.n	10002428 <pll_init+0x94>
100023b4:	0001      	movs	r1, r0
100023b6:	0038      	movs	r0, r7
100023b8:	f001 fa4c 	bl	10003854 <__wrap___aeabi_uidiv>
100023bc:	0002      	movs	r2, r0
100023be:	3a10      	subs	r2, #16
100023c0:	2398      	movs	r3, #152	; 0x98
100023c2:	005b      	lsls	r3, r3, #1
100023c4:	429a      	cmp	r2, r3
100023c6:	d835      	bhi.n	10002434 <pll_init+0xa0>
100023c8:	1e6b      	subs	r3, r5, #1
100023ca:	2b06      	cmp	r3, #6
100023cc:	d838      	bhi.n	10002440 <pll_init+0xac>
100023ce:	9b06      	ldr	r3, [sp, #24]
100023d0:	3b01      	subs	r3, #1
100023d2:	2b06      	cmp	r3, #6
100023d4:	d834      	bhi.n	10002440 <pll_init+0xac>
100023d6:	093f      	lsrs	r7, r7, #4
100023d8:	4547      	cmp	r7, r8
100023da:	d337      	bcc.n	1000244c <pll_init+0xb8>
100023dc:	042d      	lsls	r5, r5, #16
100023de:	9b06      	ldr	r3, [sp, #24]
100023e0:	031a      	lsls	r2, r3, #12
100023e2:	4315      	orrs	r5, r2
100023e4:	6823      	ldr	r3, [r4, #0]
100023e6:	2b00      	cmp	r3, #0
100023e8:	db36      	blt.n	10002458 <pll_init+0xc4>
100023ea:	4b28      	ldr	r3, [pc, #160]	; (1000248c <pll_init+0xf8>)
100023ec:	429c      	cmp	r4, r3
100023ee:	d044      	beq.n	1000247a <pll_init+0xe6>
100023f0:	2280      	movs	r2, #128	; 0x80
100023f2:	0152      	lsls	r2, r2, #5
100023f4:	4b26      	ldr	r3, [pc, #152]	; (10002490 <pll_init+0xfc>)
100023f6:	601a      	str	r2, [r3, #0]
100023f8:	4b26      	ldr	r3, [pc, #152]	; (10002494 <pll_init+0x100>)
100023fa:	601a      	str	r2, [r3, #0]
100023fc:	4b26      	ldr	r3, [pc, #152]	; (10002498 <pll_init+0x104>)
100023fe:	689b      	ldr	r3, [r3, #8]
10002400:	0011      	movs	r1, r2
10002402:	4399      	bics	r1, r3
10002404:	d1fa      	bne.n	100023fc <pll_init+0x68>
10002406:	6026      	str	r6, [r4, #0]
10002408:	60a0      	str	r0, [r4, #8]
1000240a:	1d23      	adds	r3, r4, #4
1000240c:	22c0      	movs	r2, #192	; 0xc0
1000240e:	0192      	lsls	r2, r2, #6
10002410:	431a      	orrs	r2, r3
10002412:	2321      	movs	r3, #33	; 0x21
10002414:	6013      	str	r3, [r2, #0]
10002416:	6823      	ldr	r3, [r4, #0]
10002418:	2b00      	cmp	r3, #0
1000241a:	dafc      	bge.n	10002416 <pll_init+0x82>
1000241c:	60e5      	str	r5, [r4, #12]
1000241e:	2308      	movs	r3, #8
10002420:	6013      	str	r3, [r2, #0]
10002422:	bc80      	pop	{r7}
10002424:	46b8      	mov	r8, r7
10002426:	bdf0      	pop	{r4, r5, r6, r7, pc}
10002428:	4b1c      	ldr	r3, [pc, #112]	; (1000249c <pll_init+0x108>)
1000242a:	4a1d      	ldr	r2, [pc, #116]	; (100024a0 <pll_init+0x10c>)
1000242c:	2111      	movs	r1, #17
1000242e:	481d      	ldr	r0, [pc, #116]	; (100024a4 <pll_init+0x110>)
10002430:	f000 f862 	bl	100024f8 <__assert_func>
10002434:	4b1c      	ldr	r3, [pc, #112]	; (100024a8 <pll_init+0x114>)
10002436:	4a1a      	ldr	r2, [pc, #104]	; (100024a0 <pll_init+0x10c>)
10002438:	2119      	movs	r1, #25
1000243a:	481a      	ldr	r0, [pc, #104]	; (100024a4 <pll_init+0x110>)
1000243c:	f000 f85c 	bl	100024f8 <__assert_func>
10002440:	4b1a      	ldr	r3, [pc, #104]	; (100024ac <pll_init+0x118>)
10002442:	4a17      	ldr	r2, [pc, #92]	; (100024a0 <pll_init+0x10c>)
10002444:	211c      	movs	r1, #28
10002446:	4817      	ldr	r0, [pc, #92]	; (100024a4 <pll_init+0x110>)
10002448:	f000 f856 	bl	100024f8 <__assert_func>
1000244c:	4b18      	ldr	r3, [pc, #96]	; (100024b0 <pll_init+0x11c>)
1000244e:	4a14      	ldr	r2, [pc, #80]	; (100024a0 <pll_init+0x10c>)
10002450:	2123      	movs	r1, #35	; 0x23
10002452:	4814      	ldr	r0, [pc, #80]	; (100024a4 <pll_init+0x110>)
10002454:	f000 f850 	bl	100024f8 <__assert_func>
10002458:	6822      	ldr	r2, [r4, #0]
1000245a:	233f      	movs	r3, #63	; 0x3f
1000245c:	4013      	ands	r3, r2
1000245e:	42b3      	cmp	r3, r6
10002460:	d1c3      	bne.n	100023ea <pll_init+0x56>
10002462:	68a3      	ldr	r3, [r4, #8]
10002464:	051b      	lsls	r3, r3, #20
10002466:	0d1b      	lsrs	r3, r3, #20
10002468:	4283      	cmp	r3, r0
1000246a:	d1be      	bne.n	100023ea <pll_init+0x56>
1000246c:	68e3      	ldr	r3, [r4, #12]
1000246e:	22ee      	movs	r2, #238	; 0xee
10002470:	02d2      	lsls	r2, r2, #11
10002472:	4013      	ands	r3, r2
10002474:	42ab      	cmp	r3, r5
10002476:	d1b8      	bne.n	100023ea <pll_init+0x56>
10002478:	e7d3      	b.n	10002422 <pll_init+0x8e>
1000247a:	2280      	movs	r2, #128	; 0x80
1000247c:	0192      	lsls	r2, r2, #6
1000247e:	e7b9      	b.n	100023f4 <pll_init+0x60>
10002480:	00b71b00 	.word	0x00b71b00
10002484:	d34be880 	.word	0xd34be880
10002488:	32a9f880 	.word	0x32a9f880
1000248c:	4002c000 	.word	0x4002c000
10002490:	4000e000 	.word	0x4000e000
10002494:	4000f000 	.word	0x4000f000
10002498:	4000c000 	.word	0x4000c000
1000249c:	100056fc 	.word	0x100056fc
100024a0:	1000583c 	.word	0x1000583c
100024a4:	1000575c 	.word	0x1000575c
100024a8:	100057b8 	.word	0x100057b8
100024ac:	100057d4 	.word	0x100057d4
100024b0:	10005820 	.word	0x10005820

100024b4 <watchdog_start_tick>:
100024b4:	2380      	movs	r3, #128	; 0x80
100024b6:	009b      	lsls	r3, r3, #2
100024b8:	4303      	orrs	r3, r0
100024ba:	4a01      	ldr	r2, [pc, #4]	; (100024c0 <watchdog_start_tick+0xc>)
100024bc:	62d3      	str	r3, [r2, #44]	; 0x2c
100024be:	4770      	bx	lr
100024c0:	40058000 	.word	0x40058000

100024c4 <xosc_init>:
100024c4:	4b06      	ldr	r3, [pc, #24]	; (100024e0 <xosc_init+0x1c>)
100024c6:	22aa      	movs	r2, #170	; 0xaa
100024c8:	0112      	lsls	r2, r2, #4
100024ca:	601a      	str	r2, [r3, #0]
100024cc:	222f      	movs	r2, #47	; 0x2f
100024ce:	60da      	str	r2, [r3, #12]
100024d0:	4b04      	ldr	r3, [pc, #16]	; (100024e4 <xosc_init+0x20>)
100024d2:	4a05      	ldr	r2, [pc, #20]	; (100024e8 <xosc_init+0x24>)
100024d4:	601a      	str	r2, [r3, #0]
100024d6:	4b02      	ldr	r3, [pc, #8]	; (100024e0 <xosc_init+0x1c>)
100024d8:	685b      	ldr	r3, [r3, #4]
100024da:	2b00      	cmp	r3, #0
100024dc:	dafb      	bge.n	100024d6 <xosc_init+0x12>
100024de:	4770      	bx	lr
100024e0:	40024000 	.word	0x40024000
100024e4:	40026000 	.word	0x40026000
100024e8:	00fab000 	.word	0x00fab000

100024ec <_exit>:
100024ec:	be00      	bkpt	0x0000
100024ee:	e7fd      	b.n	100024ec <_exit>

100024f0 <exit>:
100024f0:	b510      	push	{r4, lr}
100024f2:	f7ff fffb 	bl	100024ec <_exit>
	...

100024f8 <__assert_func>:
100024f8:	b510      	push	{r4, lr}
100024fa:	b082      	sub	sp, #8
100024fc:	000c      	movs	r4, r1
100024fe:	0019      	movs	r1, r3
10002500:	2a00      	cmp	r2, #0
10002502:	d00c      	beq.n	1000251e <__assert_func+0x26>
10002504:	4b08      	ldr	r3, [pc, #32]	; (10002528 <__assert_func+0x30>)
10002506:	2a00      	cmp	r2, #0
10002508:	d00b      	beq.n	10002522 <__assert_func+0x2a>
1000250a:	9201      	str	r2, [sp, #4]
1000250c:	9300      	str	r3, [sp, #0]
1000250e:	0023      	movs	r3, r4
10002510:	0002      	movs	r2, r0
10002512:	4806      	ldr	r0, [pc, #24]	; (1000252c <__assert_func+0x34>)
10002514:	f002 f9ec 	bl	100048f0 <__wrap_printf>
10002518:	2001      	movs	r0, #1
1000251a:	f7ff ffe7 	bl	100024ec <_exit>
1000251e:	4b04      	ldr	r3, [pc, #16]	; (10002530 <__assert_func+0x38>)
10002520:	e7f1      	b.n	10002506 <__assert_func+0xe>
10002522:	4a03      	ldr	r2, [pc, #12]	; (10002530 <__assert_func+0x38>)
10002524:	e7f1      	b.n	1000250a <__assert_func+0x12>
10002526:	46c0      	nop			; (mov r8, r8)
10002528:	10005848 	.word	0x10005848
1000252c:	10005858 	.word	0x10005858
10002530:	10005854 	.word	0x10005854

10002534 <runtime_init>:
10002534:	b570      	push	{r4, r5, r6, lr}
10002536:	4b2b      	ldr	r3, [pc, #172]	; (100025e4 <runtime_init+0xb0>)
10002538:	4a2b      	ldr	r2, [pc, #172]	; (100025e8 <runtime_init+0xb4>)
1000253a:	601a      	str	r2, [r3, #0]
1000253c:	4b2b      	ldr	r3, [pc, #172]	; (100025ec <runtime_init+0xb8>)
1000253e:	4a2c      	ldr	r2, [pc, #176]	; (100025f0 <runtime_init+0xbc>)
10002540:	601a      	str	r2, [r3, #0]
10002542:	4b2c      	ldr	r3, [pc, #176]	; (100025f4 <runtime_init+0xc0>)
10002544:	689a      	ldr	r2, [r3, #8]
10002546:	4b2a      	ldr	r3, [pc, #168]	; (100025f0 <runtime_init+0xbc>)
10002548:	4393      	bics	r3, r2
1000254a:	d1fa      	bne.n	10002542 <runtime_init+0xe>
1000254c:	4c2a      	ldr	r4, [pc, #168]	; (100025f8 <runtime_init+0xc4>)
1000254e:	e001      	b.n	10002554 <runtime_init+0x20>
10002550:	cc08      	ldmia	r4!, {r3}
10002552:	4798      	blx	r3
10002554:	4b29      	ldr	r3, [pc, #164]	; (100025fc <runtime_init+0xc8>)
10002556:	429c      	cmp	r4, r3
10002558:	d3fa      	bcc.n	10002550 <runtime_init+0x1c>
1000255a:	f7ff fe95 	bl	10002288 <clocks_init>
1000255e:	4b23      	ldr	r3, [pc, #140]	; (100025ec <runtime_init+0xb8>)
10002560:	4a27      	ldr	r2, [pc, #156]	; (10002600 <runtime_init+0xcc>)
10002562:	601a      	str	r2, [r3, #0]
10002564:	4b23      	ldr	r3, [pc, #140]	; (100025f4 <runtime_init+0xc0>)
10002566:	689b      	ldr	r3, [r3, #8]
10002568:	43db      	mvns	r3, r3
1000256a:	01db      	lsls	r3, r3, #7
1000256c:	d1fa      	bne.n	10002564 <runtime_init+0x30>
1000256e:	4b25      	ldr	r3, [pc, #148]	; (10002604 <runtime_init+0xd0>)
10002570:	2240      	movs	r2, #64	; 0x40
10002572:	679a      	str	r2, [r3, #120]	; 0x78
10002574:	675a      	str	r2, [r3, #116]	; 0x74
10002576:	671a      	str	r2, [r3, #112]	; 0x70
10002578:	66da      	str	r2, [r3, #108]	; 0x6c
1000257a:	4c23      	ldr	r4, [pc, #140]	; (10002608 <runtime_init+0xd4>)
1000257c:	e009      	b.n	10002592 <runtime_init+0x5e>
1000257e:	4b23      	ldr	r3, [pc, #140]	; (1000260c <runtime_init+0xd8>)
10002580:	4a23      	ldr	r2, [pc, #140]	; (10002610 <runtime_init+0xdc>)
10002582:	2187      	movs	r1, #135	; 0x87
10002584:	4823      	ldr	r0, [pc, #140]	; (10002614 <runtime_init+0xe0>)
10002586:	f7ff ffb7 	bl	100024f8 <__assert_func>
1000258a:	0020      	movs	r0, r4
1000258c:	f7fe fbca 	bl	10000d24 <mutex_init>
10002590:	3408      	adds	r4, #8
10002592:	4b21      	ldr	r3, [pc, #132]	; (10002618 <runtime_init+0xe4>)
10002594:	429c      	cmp	r4, r3
10002596:	d209      	bcs.n	100025ac <runtime_init+0x78>
10002598:	6823      	ldr	r3, [r4, #0]
1000259a:	2b00      	cmp	r3, #0
1000259c:	d0f5      	beq.n	1000258a <runtime_init+0x56>
1000259e:	2b01      	cmp	r3, #1
100025a0:	d1ed      	bne.n	1000257e <runtime_init+0x4a>
100025a2:	0020      	movs	r0, r4
100025a4:	f7fe fbcb 	bl	10000d3e <recursive_mutex_init>
100025a8:	3408      	adds	r4, #8
100025aa:	e7f2      	b.n	10002592 <runtime_init+0x5e>
100025ac:	4c1b      	ldr	r4, [pc, #108]	; (1000261c <runtime_init+0xe8>)
100025ae:	68a1      	ldr	r1, [r4, #8]
100025b0:	4d1b      	ldr	r5, [pc, #108]	; (10002620 <runtime_init+0xec>)
100025b2:	22c0      	movs	r2, #192	; 0xc0
100025b4:	0028      	movs	r0, r5
100025b6:	f002 f843 	bl	10004640 <__wrap___aeabi_memcpy>
100025ba:	60a5      	str	r5, [r4, #8]
100025bc:	f3ef 8305 	mrs	r3, IPSR
100025c0:	2b00      	cmp	r3, #0
100025c2:	d000      	beq.n	100025c6 <runtime_init+0x92>
100025c4:	be00      	bkpt	0x0000
100025c6:	f7fe f97d 	bl	100008c4 <spin_locks_reset>
100025ca:	f7fe fb95 	bl	10000cf8 <irq_init_priorities>
100025ce:	f7fe ff05 	bl	100013dc <alarm_pool_init_default>
100025d2:	4c14      	ldr	r4, [pc, #80]	; (10002624 <runtime_init+0xf0>)
100025d4:	e001      	b.n	100025da <runtime_init+0xa6>
100025d6:	cc08      	ldmia	r4!, {r3}
100025d8:	4798      	blx	r3
100025da:	4b13      	ldr	r3, [pc, #76]	; (10002628 <runtime_init+0xf4>)
100025dc:	429c      	cmp	r4, r3
100025de:	d3fa      	bcc.n	100025d6 <runtime_init+0xa2>
100025e0:	bd70      	pop	{r4, r5, r6, pc}
100025e2:	46c0      	nop			; (mov r8, r8)
100025e4:	4000e000 	.word	0x4000e000
100025e8:	fefbcdbf 	.word	0xfefbcdbf
100025ec:	4000f000 	.word	0x4000f000
100025f0:	003c7ffe 	.word	0x003c7ffe
100025f4:	4000c000 	.word	0x4000c000
100025f8:	20000328 	.word	0x20000328
100025fc:	20000338 	.word	0x20000338
10002600:	01ffffff 	.word	0x01ffffff
10002604:	4001f000 	.word	0x4001f000
10002608:	20000318 	.word	0x20000318
1000260c:	10005888 	.word	0x10005888
10002610:	1000591c 	.word	0x1000591c
10002614:	100058a8 	.word	0x100058a8
10002618:	20000328 	.word	0x20000328
1000261c:	e000ed00 	.word	0xe000ed00
10002620:	20000000 	.word	0x20000000
10002624:	20000338 	.word	0x20000338
10002628:	2000033c 	.word	0x2000033c

1000262c <panic>:
1000262c:	b40f      	push	{r0, r1, r2, r3}
1000262e:	b500      	push	{lr}
10002630:	b083      	sub	sp, #12
10002632:	4808      	ldr	r0, [pc, #32]	; (10002654 <panic+0x28>)
10002634:	f002 f92c 	bl	10004890 <__wrap_puts>
10002638:	9b04      	ldr	r3, [sp, #16]
1000263a:	2b00      	cmp	r3, #0
1000263c:	d007      	beq.n	1000264e <panic+0x22>
1000263e:	a905      	add	r1, sp, #20
10002640:	9101      	str	r1, [sp, #4]
10002642:	0018      	movs	r0, r3
10002644:	f002 f934 	bl	100048b0 <__wrap_vprintf>
10002648:	4803      	ldr	r0, [pc, #12]	; (10002658 <panic+0x2c>)
1000264a:	f002 f921 	bl	10004890 <__wrap_puts>
1000264e:	2001      	movs	r0, #1
10002650:	f7ff ff4c 	bl	100024ec <_exit>
10002654:	10005908 	.word	0x10005908
10002658:	10005918 	.word	0x10005918

1000265c <_out_null>:
1000265c:	4770      	bx	lr

1000265e <_out_fct>:
1000265e:	b510      	push	{r4, lr}
10002660:	2800      	cmp	r0, #0
10002662:	d002      	beq.n	1000266a <_out_fct+0xc>
10002664:	680b      	ldr	r3, [r1, #0]
10002666:	6849      	ldr	r1, [r1, #4]
10002668:	4798      	blx	r3
1000266a:	bd10      	pop	{r4, pc}

1000266c <_atoi>:
1000266c:	0001      	movs	r1, r0
1000266e:	2000      	movs	r0, #0
10002670:	e007      	b.n	10002682 <_atoi+0x16>
10002672:	0083      	lsls	r3, r0, #2
10002674:	181b      	adds	r3, r3, r0
10002676:	005b      	lsls	r3, r3, #1
10002678:	1c50      	adds	r0, r2, #1
1000267a:	6008      	str	r0, [r1, #0]
1000267c:	7810      	ldrb	r0, [r2, #0]
1000267e:	18c0      	adds	r0, r0, r3
10002680:	3830      	subs	r0, #48	; 0x30
10002682:	680a      	ldr	r2, [r1, #0]
10002684:	7813      	ldrb	r3, [r2, #0]
10002686:	3b30      	subs	r3, #48	; 0x30
10002688:	b2db      	uxtb	r3, r3
1000268a:	2b09      	cmp	r3, #9
1000268c:	d9f1      	bls.n	10002672 <_atoi+0x6>
1000268e:	4770      	bx	lr

10002690 <_out_rev>:
10002690:	b5f0      	push	{r4, r5, r6, r7, lr}
10002692:	46de      	mov	lr, fp
10002694:	4657      	mov	r7, sl
10002696:	464e      	mov	r6, r9
10002698:	4645      	mov	r5, r8
1000269a:	b5e0      	push	{r5, r6, r7, lr}
1000269c:	b083      	sub	sp, #12
1000269e:	4693      	mov	fp, r2
100026a0:	001f      	movs	r7, r3
100026a2:	9b0c      	ldr	r3, [sp, #48]	; 0x30
100026a4:	469a      	mov	sl, r3
100026a6:	9c0d      	ldr	r4, [sp, #52]	; 0x34
100026a8:	9b0e      	ldr	r3, [sp, #56]	; 0x38
100026aa:	4699      	mov	r9, r3
100026ac:	9b0f      	ldr	r3, [sp, #60]	; 0x3c
100026ae:	079b      	lsls	r3, r3, #30
100026b0:	d003      	beq.n	100026ba <_out_rev+0x2a>
100026b2:	46b8      	mov	r8, r7
100026b4:	000f      	movs	r7, r1
100026b6:	0006      	movs	r6, r0
100026b8:	e022      	b.n	10002700 <_out_rev+0x70>
100026ba:	9201      	str	r2, [sp, #4]
100026bc:	46a3      	mov	fp, r4
100026be:	4688      	mov	r8, r1
100026c0:	464e      	mov	r6, r9
100026c2:	46b9      	mov	r9, r7
100026c4:	0007      	movs	r7, r0
100026c6:	42b4      	cmp	r4, r6
100026c8:	d207      	bcs.n	100026da <_out_rev+0x4a>
100026ca:	1c55      	adds	r5, r2, #1
100026cc:	464b      	mov	r3, r9
100026ce:	4641      	mov	r1, r8
100026d0:	2020      	movs	r0, #32
100026d2:	47b8      	blx	r7
100026d4:	3401      	adds	r4, #1
100026d6:	002a      	movs	r2, r5
100026d8:	e7f5      	b.n	100026c6 <_out_rev+0x36>
100026da:	003d      	movs	r5, r7
100026dc:	464f      	mov	r7, r9
100026de:	465c      	mov	r4, fp
100026e0:	9b01      	ldr	r3, [sp, #4]
100026e2:	469b      	mov	fp, r3
100026e4:	46b1      	mov	r9, r6
100026e6:	4646      	mov	r6, r8
100026e8:	46b8      	mov	r8, r7
100026ea:	0037      	movs	r7, r6
100026ec:	002e      	movs	r6, r5
100026ee:	e007      	b.n	10002700 <_out_rev+0x70>
100026f0:	3c01      	subs	r4, #1
100026f2:	1c55      	adds	r5, r2, #1
100026f4:	4653      	mov	r3, sl
100026f6:	5d18      	ldrb	r0, [r3, r4]
100026f8:	4643      	mov	r3, r8
100026fa:	0039      	movs	r1, r7
100026fc:	47b0      	blx	r6
100026fe:	002a      	movs	r2, r5
10002700:	2c00      	cmp	r4, #0
10002702:	d1f5      	bne.n	100026f0 <_out_rev+0x60>
10002704:	0035      	movs	r5, r6
10002706:	003e      	movs	r6, r7
10002708:	4647      	mov	r7, r8
1000270a:	9b0f      	ldr	r3, [sp, #60]	; 0x3c
1000270c:	079b      	lsls	r3, r3, #30
1000270e:	d407      	bmi.n	10002720 <_out_rev+0x90>
10002710:	0010      	movs	r0, r2
10002712:	b003      	add	sp, #12
10002714:	bcf0      	pop	{r4, r5, r6, r7}
10002716:	46bb      	mov	fp, r7
10002718:	46b2      	mov	sl, r6
1000271a:	46a9      	mov	r9, r5
1000271c:	46a0      	mov	r8, r4
1000271e:	bdf0      	pop	{r4, r5, r6, r7, pc}
10002720:	46b0      	mov	r8, r6
10002722:	464e      	mov	r6, r9
10002724:	46b9      	mov	r9, r7
10002726:	002f      	movs	r7, r5
10002728:	465d      	mov	r5, fp
1000272a:	1b53      	subs	r3, r2, r5
1000272c:	42b3      	cmp	r3, r6
1000272e:	d2ef      	bcs.n	10002710 <_out_rev+0x80>
10002730:	1c54      	adds	r4, r2, #1
10002732:	464b      	mov	r3, r9
10002734:	4641      	mov	r1, r8
10002736:	2020      	movs	r0, #32
10002738:	47b8      	blx	r7
1000273a:	0022      	movs	r2, r4
1000273c:	e7f5      	b.n	1000272a <_out_rev+0x9a>

1000273e <_ntoa_format>:
1000273e:	b5f0      	push	{r4, r5, r6, r7, lr}
10002740:	46ce      	mov	lr, r9
10002742:	4647      	mov	r7, r8
10002744:	b580      	push	{r7, lr}
10002746:	b085      	sub	sp, #20
10002748:	4694      	mov	ip, r2
1000274a:	4698      	mov	r8, r3
1000274c:	9d0c      	ldr	r5, [sp, #48]	; 0x30
1000274e:	9c0d      	ldr	r4, [sp, #52]	; 0x34
10002750:	ab0e      	add	r3, sp, #56	; 0x38
10002752:	781b      	ldrb	r3, [r3, #0]
10002754:	4699      	mov	r9, r3
10002756:	9a10      	ldr	r2, [sp, #64]	; 0x40
10002758:	9b11      	ldr	r3, [sp, #68]	; 0x44
1000275a:	9e12      	ldr	r6, [sp, #72]	; 0x48
1000275c:	07b7      	lsls	r7, r6, #30
1000275e:	d41c      	bmi.n	1000279a <_ntoa_format+0x5c>
10002760:	2b00      	cmp	r3, #0
10002762:	d00c      	beq.n	1000277e <_ntoa_format+0x40>
10002764:	07f7      	lsls	r7, r6, #31
10002766:	d50a      	bpl.n	1000277e <_ntoa_format+0x40>
10002768:	464f      	mov	r7, r9
1000276a:	2f00      	cmp	r7, #0
1000276c:	d102      	bne.n	10002774 <_ntoa_format+0x36>
1000276e:	370c      	adds	r7, #12
10002770:	4237      	tst	r7, r6
10002772:	d004      	beq.n	1000277e <_ntoa_format+0x40>
10002774:	3b01      	subs	r3, #1
10002776:	e002      	b.n	1000277e <_ntoa_format+0x40>
10002778:	2730      	movs	r7, #48	; 0x30
1000277a:	552f      	strb	r7, [r5, r4]
1000277c:	3401      	adds	r4, #1
1000277e:	4294      	cmp	r4, r2
10002780:	d201      	bcs.n	10002786 <_ntoa_format+0x48>
10002782:	2c1f      	cmp	r4, #31
10002784:	d9f8      	bls.n	10002778 <_ntoa_format+0x3a>
10002786:	07f7      	lsls	r7, r6, #31
10002788:	d507      	bpl.n	1000279a <_ntoa_format+0x5c>
1000278a:	429c      	cmp	r4, r3
1000278c:	d205      	bcs.n	1000279a <_ntoa_format+0x5c>
1000278e:	2c1f      	cmp	r4, #31
10002790:	d803      	bhi.n	1000279a <_ntoa_format+0x5c>
10002792:	2730      	movs	r7, #48	; 0x30
10002794:	552f      	strb	r7, [r5, r4]
10002796:	3401      	adds	r4, #1
10002798:	e7f5      	b.n	10002786 <_ntoa_format+0x48>
1000279a:	06f7      	lsls	r7, r6, #27
1000279c:	d515      	bpl.n	100027ca <_ntoa_format+0x8c>
1000279e:	0577      	lsls	r7, r6, #21
100027a0:	d405      	bmi.n	100027ae <_ntoa_format+0x70>
100027a2:	2c00      	cmp	r4, #0
100027a4:	d003      	beq.n	100027ae <_ntoa_format+0x70>
100027a6:	4294      	cmp	r4, r2
100027a8:	d024      	beq.n	100027f4 <_ntoa_format+0xb6>
100027aa:	429c      	cmp	r4, r3
100027ac:	d022      	beq.n	100027f4 <_ntoa_format+0xb6>
100027ae:	9a0f      	ldr	r2, [sp, #60]	; 0x3c
100027b0:	2a10      	cmp	r2, #16
100027b2:	d02b      	beq.n	1000280c <_ntoa_format+0xce>
100027b4:	9a0f      	ldr	r2, [sp, #60]	; 0x3c
100027b6:	2a10      	cmp	r2, #16
100027b8:	d030      	beq.n	1000281c <_ntoa_format+0xde>
100027ba:	9a0f      	ldr	r2, [sp, #60]	; 0x3c
100027bc:	2a02      	cmp	r2, #2
100027be:	d035      	beq.n	1000282c <_ntoa_format+0xee>
100027c0:	2c1f      	cmp	r4, #31
100027c2:	d802      	bhi.n	100027ca <_ntoa_format+0x8c>
100027c4:	2230      	movs	r2, #48	; 0x30
100027c6:	552a      	strb	r2, [r5, r4]
100027c8:	3401      	adds	r4, #1
100027ca:	2c1f      	cmp	r4, #31
100027cc:	d805      	bhi.n	100027da <_ntoa_format+0x9c>
100027ce:	464a      	mov	r2, r9
100027d0:	2a00      	cmp	r2, #0
100027d2:	d031      	beq.n	10002838 <_ntoa_format+0xfa>
100027d4:	222d      	movs	r2, #45	; 0x2d
100027d6:	552a      	strb	r2, [r5, r4]
100027d8:	3401      	adds	r4, #1
100027da:	9603      	str	r6, [sp, #12]
100027dc:	9302      	str	r3, [sp, #8]
100027de:	9401      	str	r4, [sp, #4]
100027e0:	9500      	str	r5, [sp, #0]
100027e2:	4643      	mov	r3, r8
100027e4:	4662      	mov	r2, ip
100027e6:	f7ff ff53 	bl	10002690 <_out_rev>
100027ea:	b005      	add	sp, #20
100027ec:	bcc0      	pop	{r6, r7}
100027ee:	46b9      	mov	r9, r7
100027f0:	46b0      	mov	r8, r6
100027f2:	bdf0      	pop	{r4, r5, r6, r7, pc}
100027f4:	1e62      	subs	r2, r4, #1
100027f6:	2c01      	cmp	r4, #1
100027f8:	d006      	beq.n	10002808 <_ntoa_format+0xca>
100027fa:	9f0f      	ldr	r7, [sp, #60]	; 0x3c
100027fc:	2f10      	cmp	r7, #16
100027fe:	d001      	beq.n	10002804 <_ntoa_format+0xc6>
10002800:	0014      	movs	r4, r2
10002802:	e7d4      	b.n	100027ae <_ntoa_format+0x70>
10002804:	3c02      	subs	r4, #2
10002806:	e7d2      	b.n	100027ae <_ntoa_format+0x70>
10002808:	0014      	movs	r4, r2
1000280a:	e7d0      	b.n	100027ae <_ntoa_format+0x70>
1000280c:	06b2      	lsls	r2, r6, #26
1000280e:	d4d1      	bmi.n	100027b4 <_ntoa_format+0x76>
10002810:	2c1f      	cmp	r4, #31
10002812:	d8cf      	bhi.n	100027b4 <_ntoa_format+0x76>
10002814:	2278      	movs	r2, #120	; 0x78
10002816:	552a      	strb	r2, [r5, r4]
10002818:	3401      	adds	r4, #1
1000281a:	e7d1      	b.n	100027c0 <_ntoa_format+0x82>
1000281c:	06b2      	lsls	r2, r6, #26
1000281e:	d5cc      	bpl.n	100027ba <_ntoa_format+0x7c>
10002820:	2c1f      	cmp	r4, #31
10002822:	d8ca      	bhi.n	100027ba <_ntoa_format+0x7c>
10002824:	2258      	movs	r2, #88	; 0x58
10002826:	552a      	strb	r2, [r5, r4]
10002828:	3401      	adds	r4, #1
1000282a:	e7c9      	b.n	100027c0 <_ntoa_format+0x82>
1000282c:	2c1f      	cmp	r4, #31
1000282e:	d8c7      	bhi.n	100027c0 <_ntoa_format+0x82>
10002830:	3260      	adds	r2, #96	; 0x60
10002832:	552a      	strb	r2, [r5, r4]
10002834:	3401      	adds	r4, #1
10002836:	e7c3      	b.n	100027c0 <_ntoa_format+0x82>
10002838:	0772      	lsls	r2, r6, #29
1000283a:	d503      	bpl.n	10002844 <_ntoa_format+0x106>
1000283c:	222b      	movs	r2, #43	; 0x2b
1000283e:	552a      	strb	r2, [r5, r4]
10002840:	3401      	adds	r4, #1
10002842:	e7ca      	b.n	100027da <_ntoa_format+0x9c>
10002844:	0732      	lsls	r2, r6, #28
10002846:	d5c8      	bpl.n	100027da <_ntoa_format+0x9c>
10002848:	2220      	movs	r2, #32
1000284a:	552a      	strb	r2, [r5, r4]
1000284c:	3401      	adds	r4, #1
1000284e:	e7c4      	b.n	100027da <_ntoa_format+0x9c>

10002850 <_ntoa_long>:
10002850:	b5f0      	push	{r4, r5, r6, r7, lr}
10002852:	46de      	mov	lr, fp
10002854:	4657      	mov	r7, sl
10002856:	464e      	mov	r6, r9
10002858:	4645      	mov	r5, r8
1000285a:	b5e0      	push	{r5, r6, r7, lr}
1000285c:	b093      	sub	sp, #76	; 0x4c
1000285e:	4681      	mov	r9, r0
10002860:	468a      	mov	sl, r1
10002862:	9208      	str	r2, [sp, #32]
10002864:	9309      	str	r3, [sp, #36]	; 0x24
10002866:	ab1c      	add	r3, sp, #112	; 0x70
10002868:	cb10      	ldmia	r3!, {r4}
1000286a:	781b      	ldrb	r3, [r3, #0]
1000286c:	469b      	mov	fp, r3
1000286e:	9d1e      	ldr	r5, [sp, #120]	; 0x78
10002870:	9b21      	ldr	r3, [sp, #132]	; 0x84
10002872:	4698      	mov	r8, r3
10002874:	2c00      	cmp	r4, #0
10002876:	d103      	bne.n	10002880 <_ntoa_long+0x30>
10002878:	2310      	movs	r3, #16
1000287a:	4642      	mov	r2, r8
1000287c:	439a      	bics	r2, r3
1000287e:	4690      	mov	r8, r2
10002880:	2380      	movs	r3, #128	; 0x80
10002882:	00db      	lsls	r3, r3, #3
10002884:	4646      	mov	r6, r8
10002886:	401e      	ands	r6, r3
10002888:	4642      	mov	r2, r8
1000288a:	421a      	tst	r2, r3
1000288c:	d012      	beq.n	100028b4 <_ntoa_long+0x64>
1000288e:	2c00      	cmp	r4, #0
10002890:	d022      	beq.n	100028d8 <_ntoa_long+0x88>
10002892:	2600      	movs	r6, #0
10002894:	e00e      	b.n	100028b4 <_ntoa_long+0x64>
10002896:	3330      	adds	r3, #48	; 0x30
10002898:	b2d9      	uxtb	r1, r3
1000289a:	1c77      	adds	r7, r6, #1
1000289c:	ab0a      	add	r3, sp, #40	; 0x28
1000289e:	5599      	strb	r1, [r3, r6]
100028a0:	0029      	movs	r1, r5
100028a2:	0020      	movs	r0, r4
100028a4:	f000 ffd6 	bl	10003854 <__wrap___aeabi_uidiv>
100028a8:	42ac      	cmp	r4, r5
100028aa:	d316      	bcc.n	100028da <_ntoa_long+0x8a>
100028ac:	2f1f      	cmp	r7, #31
100028ae:	d814      	bhi.n	100028da <_ntoa_long+0x8a>
100028b0:	003e      	movs	r6, r7
100028b2:	0004      	movs	r4, r0
100028b4:	0029      	movs	r1, r5
100028b6:	0020      	movs	r0, r4
100028b8:	f000 ffcc 	bl	10003854 <__wrap___aeabi_uidiv>
100028bc:	b2cb      	uxtb	r3, r1
100028be:	2b09      	cmp	r3, #9
100028c0:	d9e9      	bls.n	10002896 <_ntoa_long+0x46>
100028c2:	4642      	mov	r2, r8
100028c4:	0692      	lsls	r2, r2, #26
100028c6:	d505      	bpl.n	100028d4 <_ntoa_long+0x84>
100028c8:	2141      	movs	r1, #65	; 0x41
100028ca:	18c9      	adds	r1, r1, r3
100028cc:	b2c9      	uxtb	r1, r1
100028ce:	390a      	subs	r1, #10
100028d0:	b2c9      	uxtb	r1, r1
100028d2:	e7e2      	b.n	1000289a <_ntoa_long+0x4a>
100028d4:	2161      	movs	r1, #97	; 0x61
100028d6:	e7f8      	b.n	100028ca <_ntoa_long+0x7a>
100028d8:	0027      	movs	r7, r4
100028da:	4643      	mov	r3, r8
100028dc:	9306      	str	r3, [sp, #24]
100028de:	9b20      	ldr	r3, [sp, #128]	; 0x80
100028e0:	9305      	str	r3, [sp, #20]
100028e2:	9b1f      	ldr	r3, [sp, #124]	; 0x7c
100028e4:	9304      	str	r3, [sp, #16]
100028e6:	9503      	str	r5, [sp, #12]
100028e8:	465b      	mov	r3, fp
100028ea:	9302      	str	r3, [sp, #8]
100028ec:	9701      	str	r7, [sp, #4]
100028ee:	ab0a      	add	r3, sp, #40	; 0x28
100028f0:	9300      	str	r3, [sp, #0]
100028f2:	9b09      	ldr	r3, [sp, #36]	; 0x24
100028f4:	9a08      	ldr	r2, [sp, #32]
100028f6:	4651      	mov	r1, sl
100028f8:	4648      	mov	r0, r9
100028fa:	f7ff ff20 	bl	1000273e <_ntoa_format>
100028fe:	b013      	add	sp, #76	; 0x4c
10002900:	bcf0      	pop	{r4, r5, r6, r7}
10002902:	46bb      	mov	fp, r7
10002904:	46b2      	mov	sl, r6
10002906:	46a9      	mov	r9, r5
10002908:	46a0      	mov	r8, r4
1000290a:	bdf0      	pop	{r4, r5, r6, r7, pc}

1000290c <_ntoa_long_long>:
1000290c:	b5f0      	push	{r4, r5, r6, r7, lr}
1000290e:	46de      	mov	lr, fp
10002910:	4657      	mov	r7, sl
10002912:	464e      	mov	r6, r9
10002914:	4645      	mov	r5, r8
10002916:	b5e0      	push	{r5, r6, r7, lr}
10002918:	b095      	sub	sp, #84	; 0x54
1000291a:	9008      	str	r0, [sp, #32]
1000291c:	9109      	str	r1, [sp, #36]	; 0x24
1000291e:	920a      	str	r2, [sp, #40]	; 0x28
10002920:	930b      	str	r3, [sp, #44]	; 0x2c
10002922:	9e1e      	ldr	r6, [sp, #120]	; 0x78
10002924:	9c1f      	ldr	r4, [sp, #124]	; 0x7c
10002926:	ab20      	add	r3, sp, #128	; 0x80
10002928:	781b      	ldrb	r3, [r3, #0]
1000292a:	469b      	mov	fp, r3
1000292c:	9b22      	ldr	r3, [sp, #136]	; 0x88
1000292e:	4699      	mov	r9, r3
10002930:	9d23      	ldr	r5, [sp, #140]	; 0x8c
10002932:	9b26      	ldr	r3, [sp, #152]	; 0x98
10002934:	469a      	mov	sl, r3
10002936:	0033      	movs	r3, r6
10002938:	4323      	orrs	r3, r4
1000293a:	d103      	bne.n	10002944 <_ntoa_long_long+0x38>
1000293c:	3310      	adds	r3, #16
1000293e:	4652      	mov	r2, sl
10002940:	439a      	bics	r2, r3
10002942:	4692      	mov	sl, r2
10002944:	2380      	movs	r3, #128	; 0x80
10002946:	00db      	lsls	r3, r3, #3
10002948:	4657      	mov	r7, sl
1000294a:	401f      	ands	r7, r3
1000294c:	4652      	mov	r2, sl
1000294e:	421a      	tst	r2, r3
10002950:	d019      	beq.n	10002986 <_ntoa_long_long+0x7a>
10002952:	0033      	movs	r3, r6
10002954:	4323      	orrs	r3, r4
10002956:	d02d      	beq.n	100029b4 <_ntoa_long_long+0xa8>
10002958:	2700      	movs	r7, #0
1000295a:	e014      	b.n	10002986 <_ntoa_long_long+0x7a>
1000295c:	3330      	adds	r3, #48	; 0x30
1000295e:	b2da      	uxtb	r2, r3
10002960:	1c7b      	adds	r3, r7, #1
10002962:	4698      	mov	r8, r3
10002964:	ab0c      	add	r3, sp, #48	; 0x30
10002966:	55da      	strb	r2, [r3, r7]
10002968:	464a      	mov	r2, r9
1000296a:	002b      	movs	r3, r5
1000296c:	0030      	movs	r0, r6
1000296e:	0021      	movs	r1, r4
10002970:	f000 ffae 	bl	100038d0 <__wrap___aeabi_uldivmod>
10002974:	42a5      	cmp	r5, r4
10002976:	d81f      	bhi.n	100029b8 <_ntoa_long_long+0xac>
10002978:	d019      	beq.n	100029ae <_ntoa_long_long+0xa2>
1000297a:	4643      	mov	r3, r8
1000297c:	2b1f      	cmp	r3, #31
1000297e:	d81b      	bhi.n	100029b8 <_ntoa_long_long+0xac>
10002980:	4647      	mov	r7, r8
10002982:	0006      	movs	r6, r0
10002984:	000c      	movs	r4, r1
10002986:	464a      	mov	r2, r9
10002988:	002b      	movs	r3, r5
1000298a:	0030      	movs	r0, r6
1000298c:	0021      	movs	r1, r4
1000298e:	f000 ff9f 	bl	100038d0 <__wrap___aeabi_uldivmod>
10002992:	b2d3      	uxtb	r3, r2
10002994:	2b09      	cmp	r3, #9
10002996:	d9e1      	bls.n	1000295c <_ntoa_long_long+0x50>
10002998:	4652      	mov	r2, sl
1000299a:	0692      	lsls	r2, r2, #26
1000299c:	d505      	bpl.n	100029aa <_ntoa_long_long+0x9e>
1000299e:	2241      	movs	r2, #65	; 0x41
100029a0:	18d2      	adds	r2, r2, r3
100029a2:	b2d2      	uxtb	r2, r2
100029a4:	3a0a      	subs	r2, #10
100029a6:	b2d2      	uxtb	r2, r2
100029a8:	e7da      	b.n	10002960 <_ntoa_long_long+0x54>
100029aa:	2261      	movs	r2, #97	; 0x61
100029ac:	e7f8      	b.n	100029a0 <_ntoa_long_long+0x94>
100029ae:	45b1      	cmp	r9, r6
100029b0:	d9e3      	bls.n	1000297a <_ntoa_long_long+0x6e>
100029b2:	e001      	b.n	100029b8 <_ntoa_long_long+0xac>
100029b4:	2300      	movs	r3, #0
100029b6:	4698      	mov	r8, r3
100029b8:	4653      	mov	r3, sl
100029ba:	9306      	str	r3, [sp, #24]
100029bc:	9b25      	ldr	r3, [sp, #148]	; 0x94
100029be:	9305      	str	r3, [sp, #20]
100029c0:	9b24      	ldr	r3, [sp, #144]	; 0x90
100029c2:	9304      	str	r3, [sp, #16]
100029c4:	464b      	mov	r3, r9
100029c6:	9303      	str	r3, [sp, #12]
100029c8:	465b      	mov	r3, fp
100029ca:	9302      	str	r3, [sp, #8]
100029cc:	4643      	mov	r3, r8
100029ce:	9301      	str	r3, [sp, #4]
100029d0:	ab0c      	add	r3, sp, #48	; 0x30
100029d2:	9300      	str	r3, [sp, #0]
100029d4:	9b0b      	ldr	r3, [sp, #44]	; 0x2c
100029d6:	9a0a      	ldr	r2, [sp, #40]	; 0x28
100029d8:	9909      	ldr	r1, [sp, #36]	; 0x24
100029da:	9808      	ldr	r0, [sp, #32]
100029dc:	f7ff feaf 	bl	1000273e <_ntoa_format>
100029e0:	b015      	add	sp, #84	; 0x54
100029e2:	bcf0      	pop	{r4, r5, r6, r7}
100029e4:	46bb      	mov	fp, r7
100029e6:	46b2      	mov	sl, r6
100029e8:	46a9      	mov	r9, r5
100029ea:	46a0      	mov	r8, r4
100029ec:	bdf0      	pop	{r4, r5, r6, r7, pc}
	...

100029f0 <_etoa>:
100029f0:	b5f0      	push	{r4, r5, r6, r7, lr}
100029f2:	46de      	mov	lr, fp
100029f4:	4657      	mov	r7, sl
100029f6:	464e      	mov	r6, r9
100029f8:	4645      	mov	r5, r8
100029fa:	b5e0      	push	{r5, r6, r7, lr}
100029fc:	b091      	sub	sp, #68	; 0x44
100029fe:	4683      	mov	fp, r0
10002a00:	468a      	mov	sl, r1
10002a02:	920c      	str	r2, [sp, #48]	; 0x30
10002a04:	4698      	mov	r8, r3
10002a06:	9c1a      	ldr	r4, [sp, #104]	; 0x68
10002a08:	9408      	str	r4, [sp, #32]
10002a0a:	9d1b      	ldr	r5, [sp, #108]	; 0x6c
10002a0c:	9509      	str	r5, [sp, #36]	; 0x24
10002a0e:	0022      	movs	r2, r4
10002a10:	002b      	movs	r3, r5
10002a12:	0020      	movs	r0, r4
10002a14:	0029      	movs	r1, r5
10002a16:	f001 f9e6 	bl	10003de6 <__wrap___aeabi_dcmpun>
10002a1a:	2800      	cmp	r0, #0
10002a1c:	d000      	beq.n	10002a20 <_etoa+0x30>
10002a1e:	e0e5      	b.n	10002bec <_etoa+0x1fc>
10002a20:	2201      	movs	r2, #1
10002a22:	4252      	negs	r2, r2
10002a24:	4bd7      	ldr	r3, [pc, #860]	; (10002d84 <_etoa+0x394>)
10002a26:	0020      	movs	r0, r4
10002a28:	0029      	movs	r1, r5
10002a2a:	f001 f9d7 	bl	10003ddc <__wrap___aeabi_dcmpgt>
10002a2e:	2800      	cmp	r0, #0
10002a30:	d000      	beq.n	10002a34 <_etoa+0x44>
10002a32:	e0db      	b.n	10002bec <_etoa+0x1fc>
10002a34:	2201      	movs	r2, #1
10002a36:	4252      	negs	r2, r2
10002a38:	4bd3      	ldr	r3, [pc, #844]	; (10002d88 <_etoa+0x398>)
10002a3a:	0020      	movs	r0, r4
10002a3c:	0029      	movs	r1, r5
10002a3e:	f001 f9b7 	bl	10003db0 <__wrap___aeabi_dcmplt>
10002a42:	2800      	cmp	r0, #0
10002a44:	d000      	beq.n	10002a48 <_etoa+0x58>
10002a46:	e0d1      	b.n	10002bec <_etoa+0x1fc>
10002a48:	2200      	movs	r2, #0
10002a4a:	2300      	movs	r3, #0
10002a4c:	9e08      	ldr	r6, [sp, #32]
10002a4e:	0030      	movs	r0, r6
10002a50:	9d09      	ldr	r5, [sp, #36]	; 0x24
10002a52:	0029      	movs	r1, r5
10002a54:	f001 f9ac 	bl	10003db0 <__wrap___aeabi_dcmplt>
10002a58:	2800      	cmp	r0, #0
10002a5a:	d000      	beq.n	10002a5e <_etoa+0x6e>
10002a5c:	e0dd      	b.n	10002c1a <_etoa+0x22a>
10002a5e:	9808      	ldr	r0, [sp, #32]
10002a60:	9909      	ldr	r1, [sp, #36]	; 0x24
10002a62:	9006      	str	r0, [sp, #24]
10002a64:	9107      	str	r1, [sp, #28]
10002a66:	2380      	movs	r3, #128	; 0x80
10002a68:	00db      	lsls	r3, r3, #3
10002a6a:	9a1e      	ldr	r2, [sp, #120]	; 0x78
10002a6c:	401a      	ands	r2, r3
10002a6e:	920d      	str	r2, [sp, #52]	; 0x34
10002a70:	9a1e      	ldr	r2, [sp, #120]	; 0x78
10002a72:	421a      	tst	r2, r3
10002a74:	d101      	bne.n	10002a7a <_etoa+0x8a>
10002a76:	2306      	movs	r3, #6
10002a78:	931c      	str	r3, [sp, #112]	; 0x70
10002a7a:	9806      	ldr	r0, [sp, #24]
10002a7c:	9907      	ldr	r1, [sp, #28]
10002a7e:	0004      	movs	r4, r0
10002a80:	000d      	movs	r5, r1
10002a82:	000a      	movs	r2, r1
10002a84:	0006      	movs	r6, r0
10002a86:	4302      	orrs	r2, r0
10002a88:	d100      	bne.n	10002a8c <_etoa+0x9c>
10002a8a:	e0d1      	b.n	10002c30 <_etoa+0x240>
10002a8c:	0d08      	lsrs	r0, r1, #20
10002a8e:	0540      	lsls	r0, r0, #21
10002a90:	0d40      	lsrs	r0, r0, #21
10002a92:	4cbe      	ldr	r4, [pc, #760]	; (10002d8c <_etoa+0x39c>)
10002a94:	46a4      	mov	ip, r4
10002a96:	4460      	add	r0, ip
10002a98:	030a      	lsls	r2, r1, #12
10002a9a:	0b12      	lsrs	r2, r2, #12
10002a9c:	4bbc      	ldr	r3, [pc, #752]	; (10002d90 <_etoa+0x3a0>)
10002a9e:	4313      	orrs	r3, r2
10002aa0:	001f      	movs	r7, r3
10002aa2:	f001 f9b3 	bl	10003e0c <__wrap___aeabi_i2d>
10002aa6:	4abb      	ldr	r2, [pc, #748]	; (10002d94 <_etoa+0x3a4>)
10002aa8:	4bbb      	ldr	r3, [pc, #748]	; (10002d98 <_etoa+0x3a8>)
10002aaa:	f001 f93e 	bl	10003d2a <__wrap___aeabi_dmul>
10002aae:	4abb      	ldr	r2, [pc, #748]	; (10002d9c <_etoa+0x3ac>)
10002ab0:	4bbb      	ldr	r3, [pc, #748]	; (10002da0 <_etoa+0x3b0>)
10002ab2:	f001 f913 	bl	10003cdc <__wrap___aeabi_dadd>
10002ab6:	0004      	movs	r4, r0
10002ab8:	000d      	movs	r5, r1
10002aba:	2200      	movs	r2, #0
10002abc:	4bb9      	ldr	r3, [pc, #740]	; (10002da4 <_etoa+0x3b4>)
10002abe:	0030      	movs	r0, r6
10002ac0:	0039      	movs	r1, r7
10002ac2:	f001 f902 	bl	10003cca <__wrap___aeabi_dsub>
10002ac6:	4ab8      	ldr	r2, [pc, #736]	; (10002da8 <_etoa+0x3b8>)
10002ac8:	4bb8      	ldr	r3, [pc, #736]	; (10002dac <_etoa+0x3bc>)
10002aca:	f001 f92e 	bl	10003d2a <__wrap___aeabi_dmul>
10002ace:	0002      	movs	r2, r0
10002ad0:	000b      	movs	r3, r1
10002ad2:	0020      	movs	r0, r4
10002ad4:	0029      	movs	r1, r5
10002ad6:	f001 f901 	bl	10003cdc <__wrap___aeabi_dadd>
10002ada:	f001 f9af 	bl	10003e3c <__wrap___aeabi_d2iz>
10002ade:	4681      	mov	r9, r0
10002ae0:	f001 f994 	bl	10003e0c <__wrap___aeabi_i2d>
10002ae4:	0004      	movs	r4, r0
10002ae6:	000d      	movs	r5, r1
10002ae8:	4ab1      	ldr	r2, [pc, #708]	; (10002db0 <_etoa+0x3c0>)
10002aea:	4bb2      	ldr	r3, [pc, #712]	; (10002db4 <_etoa+0x3c4>)
10002aec:	f001 f91d 	bl	10003d2a <__wrap___aeabi_dmul>
10002af0:	2200      	movs	r2, #0
10002af2:	4bb1      	ldr	r3, [pc, #708]	; (10002db8 <_etoa+0x3c8>)
10002af4:	f001 f8f2 	bl	10003cdc <__wrap___aeabi_dadd>
10002af8:	f001 f9a0 	bl	10003e3c <__wrap___aeabi_d2iz>
10002afc:	0006      	movs	r6, r0
10002afe:	4aaf      	ldr	r2, [pc, #700]	; (10002dbc <_etoa+0x3cc>)
10002b00:	4baf      	ldr	r3, [pc, #700]	; (10002dc0 <_etoa+0x3d0>)
10002b02:	0020      	movs	r0, r4
10002b04:	0029      	movs	r1, r5
10002b06:	f001 f910 	bl	10003d2a <__wrap___aeabi_dmul>
10002b0a:	0004      	movs	r4, r0
10002b0c:	000d      	movs	r5, r1
10002b0e:	0030      	movs	r0, r6
10002b10:	f001 f97c 	bl	10003e0c <__wrap___aeabi_i2d>
10002b14:	4aab      	ldr	r2, [pc, #684]	; (10002dc4 <_etoa+0x3d4>)
10002b16:	4bac      	ldr	r3, [pc, #688]	; (10002dc8 <_etoa+0x3d8>)
10002b18:	f001 f907 	bl	10003d2a <__wrap___aeabi_dmul>
10002b1c:	0002      	movs	r2, r0
10002b1e:	000b      	movs	r3, r1
10002b20:	0020      	movs	r0, r4
10002b22:	0029      	movs	r1, r5
10002b24:	f001 f8d1 	bl	10003cca <__wrap___aeabi_dsub>
10002b28:	0004      	movs	r4, r0
10002b2a:	000d      	movs	r5, r1
10002b2c:	0002      	movs	r2, r0
10002b2e:	000b      	movs	r3, r1
10002b30:	f001 f8fb 	bl	10003d2a <__wrap___aeabi_dmul>
10002b34:	900a      	str	r0, [sp, #40]	; 0x28
10002b36:	910b      	str	r1, [sp, #44]	; 0x2c
10002b38:	4ba4      	ldr	r3, [pc, #656]	; (10002dcc <_etoa+0x3dc>)
10002b3a:	18f3      	adds	r3, r6, r3
10002b3c:	2600      	movs	r6, #0
10002b3e:	051f      	lsls	r7, r3, #20
10002b40:	0022      	movs	r2, r4
10002b42:	002b      	movs	r3, r5
10002b44:	0020      	movs	r0, r4
10002b46:	0029      	movs	r1, r5
10002b48:	f001 f8c8 	bl	10003cdc <__wrap___aeabi_dadd>
10002b4c:	900e      	str	r0, [sp, #56]	; 0x38
10002b4e:	910f      	str	r1, [sp, #60]	; 0x3c
10002b50:	0022      	movs	r2, r4
10002b52:	002b      	movs	r3, r5
10002b54:	2000      	movs	r0, #0
10002b56:	2180      	movs	r1, #128	; 0x80
10002b58:	05c9      	lsls	r1, r1, #23
10002b5a:	f001 f8b6 	bl	10003cca <__wrap___aeabi_dsub>
10002b5e:	0004      	movs	r4, r0
10002b60:	000d      	movs	r5, r1
10002b62:	2200      	movs	r2, #0
10002b64:	4b9a      	ldr	r3, [pc, #616]	; (10002dd0 <_etoa+0x3e0>)
10002b66:	980a      	ldr	r0, [sp, #40]	; 0x28
10002b68:	990b      	ldr	r1, [sp, #44]	; 0x2c
10002b6a:	f001 f8c0 	bl	10003cee <__wrap___aeabi_ddiv>
10002b6e:	2200      	movs	r2, #0
10002b70:	4b98      	ldr	r3, [pc, #608]	; (10002dd4 <_etoa+0x3e4>)
10002b72:	f001 f8b3 	bl	10003cdc <__wrap___aeabi_dadd>
10002b76:	0002      	movs	r2, r0
10002b78:	000b      	movs	r3, r1
10002b7a:	980a      	ldr	r0, [sp, #40]	; 0x28
10002b7c:	990b      	ldr	r1, [sp, #44]	; 0x2c
10002b7e:	f001 f8b6 	bl	10003cee <__wrap___aeabi_ddiv>
10002b82:	2200      	movs	r2, #0
10002b84:	4b94      	ldr	r3, [pc, #592]	; (10002dd8 <_etoa+0x3e8>)
10002b86:	f001 f8a9 	bl	10003cdc <__wrap___aeabi_dadd>
10002b8a:	0002      	movs	r2, r0
10002b8c:	000b      	movs	r3, r1
10002b8e:	980a      	ldr	r0, [sp, #40]	; 0x28
10002b90:	990b      	ldr	r1, [sp, #44]	; 0x2c
10002b92:	f001 f8ac 	bl	10003cee <__wrap___aeabi_ddiv>
10002b96:	0002      	movs	r2, r0
10002b98:	000b      	movs	r3, r1
10002b9a:	0020      	movs	r0, r4
10002b9c:	0029      	movs	r1, r5
10002b9e:	f001 f89d 	bl	10003cdc <__wrap___aeabi_dadd>
10002ba2:	0002      	movs	r2, r0
10002ba4:	000b      	movs	r3, r1
10002ba6:	980e      	ldr	r0, [sp, #56]	; 0x38
10002ba8:	990f      	ldr	r1, [sp, #60]	; 0x3c
10002baa:	f001 f8a0 	bl	10003cee <__wrap___aeabi_ddiv>
10002bae:	2200      	movs	r2, #0
10002bb0:	4b77      	ldr	r3, [pc, #476]	; (10002d90 <_etoa+0x3a0>)
10002bb2:	f001 f893 	bl	10003cdc <__wrap___aeabi_dadd>
10002bb6:	0032      	movs	r2, r6
10002bb8:	003b      	movs	r3, r7
10002bba:	f001 f8b6 	bl	10003d2a <__wrap___aeabi_dmul>
10002bbe:	0006      	movs	r6, r0
10002bc0:	000f      	movs	r7, r1
10002bc2:	0004      	movs	r4, r0
10002bc4:	000d      	movs	r5, r1
10002bc6:	9a06      	ldr	r2, [sp, #24]
10002bc8:	9b07      	ldr	r3, [sp, #28]
10002bca:	f001 f907 	bl	10003ddc <__wrap___aeabi_dcmpgt>
10002bce:	2800      	cmp	r0, #0
10002bd0:	d030      	beq.n	10002c34 <_etoa+0x244>
10002bd2:	2301      	movs	r3, #1
10002bd4:	425b      	negs	r3, r3
10002bd6:	469c      	mov	ip, r3
10002bd8:	44e1      	add	r9, ip
10002bda:	2200      	movs	r2, #0
10002bdc:	4b7d      	ldr	r3, [pc, #500]	; (10002dd4 <_etoa+0x3e4>)
10002bde:	0030      	movs	r0, r6
10002be0:	0039      	movs	r1, r7
10002be2:	f001 f884 	bl	10003cee <__wrap___aeabi_ddiv>
10002be6:	0004      	movs	r4, r0
10002be8:	000d      	movs	r5, r1
10002bea:	e023      	b.n	10002c34 <_etoa+0x244>
10002bec:	9b1e      	ldr	r3, [sp, #120]	; 0x78
10002bee:	9304      	str	r3, [sp, #16]
10002bf0:	9b1d      	ldr	r3, [sp, #116]	; 0x74
10002bf2:	9303      	str	r3, [sp, #12]
10002bf4:	9b1c      	ldr	r3, [sp, #112]	; 0x70
10002bf6:	9302      	str	r3, [sp, #8]
10002bf8:	9a08      	ldr	r2, [sp, #32]
10002bfa:	9b09      	ldr	r3, [sp, #36]	; 0x24
10002bfc:	9200      	str	r2, [sp, #0]
10002bfe:	9301      	str	r3, [sp, #4]
10002c00:	4643      	mov	r3, r8
10002c02:	9a0c      	ldr	r2, [sp, #48]	; 0x30
10002c04:	4651      	mov	r1, sl
10002c06:	4658      	mov	r0, fp
10002c08:	f000 f8fc 	bl	10002e04 <_ftoa>
10002c0c:	b011      	add	sp, #68	; 0x44
10002c0e:	bcf0      	pop	{r4, r5, r6, r7}
10002c10:	46bb      	mov	fp, r7
10002c12:	46b2      	mov	sl, r6
10002c14:	46a9      	mov	r9, r5
10002c16:	46a0      	mov	r8, r4
10002c18:	bdf0      	pop	{r4, r5, r6, r7, pc}
10002c1a:	2300      	movs	r3, #0
10002c1c:	2400      	movs	r4, #0
10002c1e:	9306      	str	r3, [sp, #24]
10002c20:	9407      	str	r4, [sp, #28]
10002c22:	9606      	str	r6, [sp, #24]
10002c24:	2380      	movs	r3, #128	; 0x80
10002c26:	061b      	lsls	r3, r3, #24
10002c28:	469c      	mov	ip, r3
10002c2a:	4465      	add	r5, ip
10002c2c:	9507      	str	r5, [sp, #28]
10002c2e:	e71a      	b.n	10002a66 <_etoa+0x76>
10002c30:	2300      	movs	r3, #0
10002c32:	4699      	mov	r9, r3
10002c34:	464b      	mov	r3, r9
10002c36:	3363      	adds	r3, #99	; 0x63
10002c38:	2bc6      	cmp	r3, #198	; 0xc6
10002c3a:	d81e      	bhi.n	10002c7a <_etoa+0x28a>
10002c3c:	2604      	movs	r6, #4
10002c3e:	9b1e      	ldr	r3, [sp, #120]	; 0x78
10002c40:	051b      	lsls	r3, r3, #20
10002c42:	d526      	bpl.n	10002c92 <_etoa+0x2a2>
10002c44:	002b      	movs	r3, r5
10002c46:	4323      	orrs	r3, r4
10002c48:	d00f      	beq.n	10002c6a <_etoa+0x27a>
10002c4a:	4a64      	ldr	r2, [pc, #400]	; (10002ddc <_etoa+0x3ec>)
10002c4c:	4b64      	ldr	r3, [pc, #400]	; (10002de0 <_etoa+0x3f0>)
10002c4e:	9806      	ldr	r0, [sp, #24]
10002c50:	9907      	ldr	r1, [sp, #28]
10002c52:	f001 f8bb 	bl	10003dcc <__wrap___aeabi_dcmpge>
10002c56:	2800      	cmp	r0, #0
10002c58:	d079      	beq.n	10002d4e <_etoa+0x35e>
10002c5a:	2200      	movs	r2, #0
10002c5c:	4b61      	ldr	r3, [pc, #388]	; (10002de4 <_etoa+0x3f4>)
10002c5e:	9806      	ldr	r0, [sp, #24]
10002c60:	9907      	ldr	r1, [sp, #28]
10002c62:	f001 f8a5 	bl	10003db0 <__wrap___aeabi_dcmplt>
10002c66:	2800      	cmp	r0, #0
10002c68:	d071      	beq.n	10002d4e <_etoa+0x35e>
10002c6a:	9b1c      	ldr	r3, [sp, #112]	; 0x70
10002c6c:	454b      	cmp	r3, r9
10002c6e:	dd06      	ble.n	10002c7e <_etoa+0x28e>
10002c70:	464a      	mov	r2, r9
10002c72:	1a98      	subs	r0, r3, r2
10002c74:	1e43      	subs	r3, r0, #1
10002c76:	931c      	str	r3, [sp, #112]	; 0x70
10002c78:	e003      	b.n	10002c82 <_etoa+0x292>
10002c7a:	2605      	movs	r6, #5
10002c7c:	e7df      	b.n	10002c3e <_etoa+0x24e>
10002c7e:	2300      	movs	r3, #0
10002c80:	931c      	str	r3, [sp, #112]	; 0x70
10002c82:	2380      	movs	r3, #128	; 0x80
10002c84:	00db      	lsls	r3, r3, #3
10002c86:	9a1e      	ldr	r2, [sp, #120]	; 0x78
10002c88:	431a      	orrs	r2, r3
10002c8a:	921e      	str	r2, [sp, #120]	; 0x78
10002c8c:	2600      	movs	r6, #0
10002c8e:	2300      	movs	r3, #0
10002c90:	4699      	mov	r9, r3
10002c92:	9b1d      	ldr	r3, [sp, #116]	; 0x74
10002c94:	429e      	cmp	r6, r3
10002c96:	d264      	bcs.n	10002d62 <_etoa+0x372>
10002c98:	1b9f      	subs	r7, r3, r6
10002c9a:	2302      	movs	r3, #2
10002c9c:	9a1e      	ldr	r2, [sp, #120]	; 0x78
10002c9e:	401a      	ands	r2, r3
10002ca0:	920a      	str	r2, [sp, #40]	; 0x28
10002ca2:	9a1e      	ldr	r2, [sp, #120]	; 0x78
10002ca4:	4213      	tst	r3, r2
10002ca6:	d002      	beq.n	10002cae <_etoa+0x2be>
10002ca8:	2e00      	cmp	r6, #0
10002caa:	d000      	beq.n	10002cae <_etoa+0x2be>
10002cac:	2700      	movs	r7, #0
10002cae:	464b      	mov	r3, r9
10002cb0:	2b00      	cmp	r3, #0
10002cb2:	d007      	beq.n	10002cc4 <_etoa+0x2d4>
10002cb4:	0022      	movs	r2, r4
10002cb6:	002b      	movs	r3, r5
10002cb8:	9806      	ldr	r0, [sp, #24]
10002cba:	9907      	ldr	r1, [sp, #28]
10002cbc:	f001 f817 	bl	10003cee <__wrap___aeabi_ddiv>
10002cc0:	9006      	str	r0, [sp, #24]
10002cc2:	9107      	str	r1, [sp, #28]
10002cc4:	2200      	movs	r2, #0
10002cc6:	2300      	movs	r3, #0
10002cc8:	9808      	ldr	r0, [sp, #32]
10002cca:	9909      	ldr	r1, [sp, #36]	; 0x24
10002ccc:	f001 f870 	bl	10003db0 <__wrap___aeabi_dcmplt>
10002cd0:	2800      	cmp	r0, #0
10002cd2:	d148      	bne.n	10002d66 <_etoa+0x376>
10002cd4:	4b44      	ldr	r3, [pc, #272]	; (10002de8 <_etoa+0x3f8>)
10002cd6:	9a1e      	ldr	r2, [sp, #120]	; 0x78
10002cd8:	4013      	ands	r3, r2
10002cda:	9304      	str	r3, [sp, #16]
10002cdc:	9703      	str	r7, [sp, #12]
10002cde:	9b1c      	ldr	r3, [sp, #112]	; 0x70
10002ce0:	9302      	str	r3, [sp, #8]
10002ce2:	9b06      	ldr	r3, [sp, #24]
10002ce4:	9c07      	ldr	r4, [sp, #28]
10002ce6:	9300      	str	r3, [sp, #0]
10002ce8:	9401      	str	r4, [sp, #4]
10002cea:	4643      	mov	r3, r8
10002cec:	9a0c      	ldr	r2, [sp, #48]	; 0x30
10002cee:	4651      	mov	r1, sl
10002cf0:	4658      	mov	r0, fp
10002cf2:	f000 f887 	bl	10002e04 <_ftoa>
10002cf6:	2e00      	cmp	r6, #0
10002cf8:	d100      	bne.n	10002cfc <_etoa+0x30c>
10002cfa:	e787      	b.n	10002c0c <_etoa+0x21c>
10002cfc:	9b1e      	ldr	r3, [sp, #120]	; 0x78
10002cfe:	069b      	lsls	r3, r3, #26
10002d00:	d53d      	bpl.n	10002d7e <_etoa+0x38e>
10002d02:	2545      	movs	r5, #69	; 0x45
10002d04:	1c44      	adds	r4, r0, #1
10002d06:	4643      	mov	r3, r8
10002d08:	0002      	movs	r2, r0
10002d0a:	4651      	mov	r1, sl
10002d0c:	0028      	movs	r0, r5
10002d0e:	47d8      	blx	fp
10002d10:	464b      	mov	r3, r9
10002d12:	17da      	asrs	r2, r3, #31
10002d14:	189b      	adds	r3, r3, r2
10002d16:	4053      	eors	r3, r2
10002d18:	2205      	movs	r2, #5
10002d1a:	9205      	str	r2, [sp, #20]
10002d1c:	3e01      	subs	r6, #1
10002d1e:	9604      	str	r6, [sp, #16]
10002d20:	2200      	movs	r2, #0
10002d22:	9203      	str	r2, [sp, #12]
10002d24:	320a      	adds	r2, #10
10002d26:	9202      	str	r2, [sp, #8]
10002d28:	464a      	mov	r2, r9
10002d2a:	0fd0      	lsrs	r0, r2, #31
10002d2c:	9001      	str	r0, [sp, #4]
10002d2e:	9300      	str	r3, [sp, #0]
10002d30:	4643      	mov	r3, r8
10002d32:	0022      	movs	r2, r4
10002d34:	4651      	mov	r1, sl
10002d36:	4658      	mov	r0, fp
10002d38:	f7ff fd8a 	bl	10002850 <_ntoa_long>
10002d3c:	9b0a      	ldr	r3, [sp, #40]	; 0x28
10002d3e:	2b00      	cmp	r3, #0
10002d40:	d100      	bne.n	10002d44 <_etoa+0x354>
10002d42:	e763      	b.n	10002c0c <_etoa+0x21c>
10002d44:	0002      	movs	r2, r0
10002d46:	465f      	mov	r7, fp
10002d48:	9e0c      	ldr	r6, [sp, #48]	; 0x30
10002d4a:	9d1d      	ldr	r5, [sp, #116]	; 0x74
10002d4c:	e054      	b.n	10002df8 <_etoa+0x408>
10002d4e:	9b1c      	ldr	r3, [sp, #112]	; 0x70
10002d50:	2b00      	cmp	r3, #0
10002d52:	d09e      	beq.n	10002c92 <_etoa+0x2a2>
10002d54:	9b0d      	ldr	r3, [sp, #52]	; 0x34
10002d56:	2b00      	cmp	r3, #0
10002d58:	d09b      	beq.n	10002c92 <_etoa+0x2a2>
10002d5a:	9b1c      	ldr	r3, [sp, #112]	; 0x70
10002d5c:	3b01      	subs	r3, #1
10002d5e:	931c      	str	r3, [sp, #112]	; 0x70
10002d60:	e797      	b.n	10002c92 <_etoa+0x2a2>
10002d62:	2700      	movs	r7, #0
10002d64:	e799      	b.n	10002c9a <_etoa+0x2aa>
10002d66:	9c06      	ldr	r4, [sp, #24]
10002d68:	9d07      	ldr	r5, [sp, #28]
10002d6a:	0022      	movs	r2, r4
10002d6c:	0029      	movs	r1, r5
10002d6e:	2080      	movs	r0, #128	; 0x80
10002d70:	0600      	lsls	r0, r0, #24
10002d72:	4684      	mov	ip, r0
10002d74:	4461      	add	r1, ip
10002d76:	000b      	movs	r3, r1
10002d78:	9206      	str	r2, [sp, #24]
10002d7a:	9307      	str	r3, [sp, #28]
10002d7c:	e7aa      	b.n	10002cd4 <_etoa+0x2e4>
10002d7e:	2565      	movs	r5, #101	; 0x65
10002d80:	e7c0      	b.n	10002d04 <_etoa+0x314>
10002d82:	46c0      	nop			; (mov r8, r8)
10002d84:	7fefffff 	.word	0x7fefffff
10002d88:	ffefffff 	.word	0xffefffff
10002d8c:	fffffc01 	.word	0xfffffc01
10002d90:	3ff00000 	.word	0x3ff00000
10002d94:	509f79fb 	.word	0x509f79fb
10002d98:	3fd34413 	.word	0x3fd34413
10002d9c:	8b60c8b3 	.word	0x8b60c8b3
10002da0:	3fc68a28 	.word	0x3fc68a28
10002da4:	3ff80000 	.word	0x3ff80000
10002da8:	636f4361 	.word	0x636f4361
10002dac:	3fd287a7 	.word	0x3fd287a7
10002db0:	0979a371 	.word	0x0979a371
10002db4:	400a934f 	.word	0x400a934f
10002db8:	3fe00000 	.word	0x3fe00000
10002dbc:	bbb55516 	.word	0xbbb55516
10002dc0:	40026bb1 	.word	0x40026bb1
10002dc4:	fefa39ef 	.word	0xfefa39ef
10002dc8:	3fe62e42 	.word	0x3fe62e42
10002dcc:	000003ff 	.word	0x000003ff
10002dd0:	402c0000 	.word	0x402c0000
10002dd4:	40240000 	.word	0x40240000
10002dd8:	40180000 	.word	0x40180000
10002ddc:	eb1c432d 	.word	0xeb1c432d
10002de0:	3f1a36e2 	.word	0x3f1a36e2
10002de4:	412e8480 	.word	0x412e8480
10002de8:	fffff7ff 	.word	0xfffff7ff
10002dec:	1c54      	adds	r4, r2, #1
10002dee:	4643      	mov	r3, r8
10002df0:	4651      	mov	r1, sl
10002df2:	2020      	movs	r0, #32
10002df4:	47b8      	blx	r7
10002df6:	0022      	movs	r2, r4
10002df8:	1b93      	subs	r3, r2, r6
10002dfa:	42ab      	cmp	r3, r5
10002dfc:	d3f6      	bcc.n	10002dec <_etoa+0x3fc>
10002dfe:	0010      	movs	r0, r2
10002e00:	e704      	b.n	10002c0c <_etoa+0x21c>
10002e02:	46c0      	nop			; (mov r8, r8)

10002e04 <_ftoa>:
10002e04:	b5f0      	push	{r4, r5, r6, r7, lr}
10002e06:	46de      	mov	lr, fp
10002e08:	4657      	mov	r7, sl
10002e0a:	464e      	mov	r6, r9
10002e0c:	4645      	mov	r5, r8
10002e0e:	b5e0      	push	{r5, r6, r7, lr}
10002e10:	b095      	sub	sp, #84	; 0x54
10002e12:	9006      	str	r0, [sp, #24]
10002e14:	9107      	str	r1, [sp, #28]
10002e16:	4693      	mov	fp, r2
10002e18:	4699      	mov	r9, r3
10002e1a:	9f20      	ldr	r7, [sp, #128]	; 0x80
10002e1c:	9a1e      	ldr	r2, [sp, #120]	; 0x78
10002e1e:	9b1f      	ldr	r3, [sp, #124]	; 0x7c
10002e20:	0010      	movs	r0, r2
10002e22:	0019      	movs	r1, r3
10002e24:	f000 ffdf 	bl	10003de6 <__wrap___aeabi_dcmpun>
10002e28:	2800      	cmp	r0, #0
10002e2a:	d131      	bne.n	10002e90 <_ftoa+0x8c>
10002e2c:	2201      	movs	r2, #1
10002e2e:	4252      	negs	r2, r2
10002e30:	4bbf      	ldr	r3, [pc, #764]	; (10003130 <_ftoa+0x32c>)
10002e32:	981e      	ldr	r0, [sp, #120]	; 0x78
10002e34:	991f      	ldr	r1, [sp, #124]	; 0x7c
10002e36:	f000 ffbb 	bl	10003db0 <__wrap___aeabi_dcmplt>
10002e3a:	2800      	cmp	r0, #0
10002e3c:	d137      	bne.n	10002eae <_ftoa+0xaa>
10002e3e:	2201      	movs	r2, #1
10002e40:	4252      	negs	r2, r2
10002e42:	4bbc      	ldr	r3, [pc, #752]	; (10003134 <_ftoa+0x330>)
10002e44:	981e      	ldr	r0, [sp, #120]	; 0x78
10002e46:	991f      	ldr	r1, [sp, #124]	; 0x7c
10002e48:	f000 ffc8 	bl	10003ddc <__wrap___aeabi_dcmpgt>
10002e4c:	2800      	cmp	r0, #0
10002e4e:	d13d      	bne.n	10002ecc <_ftoa+0xc8>
10002e50:	2200      	movs	r2, #0
10002e52:	4bb9      	ldr	r3, [pc, #740]	; (10003138 <_ftoa+0x334>)
10002e54:	981e      	ldr	r0, [sp, #120]	; 0x78
10002e56:	991f      	ldr	r1, [sp, #124]	; 0x7c
10002e58:	f000 ffc0 	bl	10003ddc <__wrap___aeabi_dcmpgt>
10002e5c:	2800      	cmp	r0, #0
10002e5e:	d150      	bne.n	10002f02 <_ftoa+0xfe>
10002e60:	2200      	movs	r2, #0
10002e62:	4bb6      	ldr	r3, [pc, #728]	; (1000313c <_ftoa+0x338>)
10002e64:	981e      	ldr	r0, [sp, #120]	; 0x78
10002e66:	991f      	ldr	r1, [sp, #124]	; 0x7c
10002e68:	f000 ffa2 	bl	10003db0 <__wrap___aeabi_dcmplt>
10002e6c:	2800      	cmp	r0, #0
10002e6e:	d148      	bne.n	10002f02 <_ftoa+0xfe>
10002e70:	2200      	movs	r2, #0
10002e72:	2300      	movs	r3, #0
10002e74:	981e      	ldr	r0, [sp, #120]	; 0x78
10002e76:	991f      	ldr	r1, [sp, #124]	; 0x7c
10002e78:	f000 ff9a 	bl	10003db0 <__wrap___aeabi_dcmplt>
10002e7c:	2800      	cmp	r0, #0
10002e7e:	d150      	bne.n	10002f22 <_ftoa+0x11e>
10002e80:	2300      	movs	r3, #0
10002e82:	4698      	mov	r8, r3
10002e84:	9b22      	ldr	r3, [sp, #136]	; 0x88
10002e86:	055b      	lsls	r3, r3, #21
10002e88:	d400      	bmi.n	10002e8c <_ftoa+0x88>
10002e8a:	e0b6      	b.n	10002ffa <_ftoa+0x1f6>
10002e8c:	2400      	movs	r4, #0
10002e8e:	e058      	b.n	10002f42 <_ftoa+0x13e>
10002e90:	9b22      	ldr	r3, [sp, #136]	; 0x88
10002e92:	9303      	str	r3, [sp, #12]
10002e94:	9b21      	ldr	r3, [sp, #132]	; 0x84
10002e96:	9302      	str	r3, [sp, #8]
10002e98:	2303      	movs	r3, #3
10002e9a:	9301      	str	r3, [sp, #4]
10002e9c:	4ba8      	ldr	r3, [pc, #672]	; (10003140 <_ftoa+0x33c>)
10002e9e:	9300      	str	r3, [sp, #0]
10002ea0:	464b      	mov	r3, r9
10002ea2:	465a      	mov	r2, fp
10002ea4:	9907      	ldr	r1, [sp, #28]
10002ea6:	9806      	ldr	r0, [sp, #24]
10002ea8:	f7ff fbf2 	bl	10002690 <_out_rev>
10002eac:	e10e      	b.n	100030cc <_ftoa+0x2c8>
10002eae:	9b22      	ldr	r3, [sp, #136]	; 0x88
10002eb0:	9303      	str	r3, [sp, #12]
10002eb2:	9b21      	ldr	r3, [sp, #132]	; 0x84
10002eb4:	9302      	str	r3, [sp, #8]
10002eb6:	2304      	movs	r3, #4
10002eb8:	9301      	str	r3, [sp, #4]
10002eba:	4ba2      	ldr	r3, [pc, #648]	; (10003144 <_ftoa+0x340>)
10002ebc:	9300      	str	r3, [sp, #0]
10002ebe:	464b      	mov	r3, r9
10002ec0:	465a      	mov	r2, fp
10002ec2:	9907      	ldr	r1, [sp, #28]
10002ec4:	9806      	ldr	r0, [sp, #24]
10002ec6:	f7ff fbe3 	bl	10002690 <_out_rev>
10002eca:	e0ff      	b.n	100030cc <_ftoa+0x2c8>
10002ecc:	2304      	movs	r3, #4
10002ece:	9a22      	ldr	r2, [sp, #136]	; 0x88
10002ed0:	401a      	ands	r2, r3
10002ed2:	9922      	ldr	r1, [sp, #136]	; 0x88
10002ed4:	420b      	tst	r3, r1
10002ed6:	d010      	beq.n	10002efa <_ftoa+0xf6>
10002ed8:	4b9b      	ldr	r3, [pc, #620]	; (10003148 <_ftoa+0x344>)
10002eda:	2a00      	cmp	r2, #0
10002edc:	d00f      	beq.n	10002efe <_ftoa+0xfa>
10002ede:	2204      	movs	r2, #4
10002ee0:	9922      	ldr	r1, [sp, #136]	; 0x88
10002ee2:	9103      	str	r1, [sp, #12]
10002ee4:	9921      	ldr	r1, [sp, #132]	; 0x84
10002ee6:	9102      	str	r1, [sp, #8]
10002ee8:	9201      	str	r2, [sp, #4]
10002eea:	9300      	str	r3, [sp, #0]
10002eec:	464b      	mov	r3, r9
10002eee:	465a      	mov	r2, fp
10002ef0:	9907      	ldr	r1, [sp, #28]
10002ef2:	9806      	ldr	r0, [sp, #24]
10002ef4:	f7ff fbcc 	bl	10002690 <_out_rev>
10002ef8:	e0e8      	b.n	100030cc <_ftoa+0x2c8>
10002efa:	4b94      	ldr	r3, [pc, #592]	; (1000314c <_ftoa+0x348>)
10002efc:	e7ed      	b.n	10002eda <_ftoa+0xd6>
10002efe:	2203      	movs	r2, #3
10002f00:	e7ee      	b.n	10002ee0 <_ftoa+0xdc>
10002f02:	9b22      	ldr	r3, [sp, #136]	; 0x88
10002f04:	9304      	str	r3, [sp, #16]
10002f06:	9b21      	ldr	r3, [sp, #132]	; 0x84
10002f08:	9303      	str	r3, [sp, #12]
10002f0a:	9702      	str	r7, [sp, #8]
10002f0c:	9b1e      	ldr	r3, [sp, #120]	; 0x78
10002f0e:	9c1f      	ldr	r4, [sp, #124]	; 0x7c
10002f10:	9300      	str	r3, [sp, #0]
10002f12:	9401      	str	r4, [sp, #4]
10002f14:	464b      	mov	r3, r9
10002f16:	465a      	mov	r2, fp
10002f18:	9907      	ldr	r1, [sp, #28]
10002f1a:	9806      	ldr	r0, [sp, #24]
10002f1c:	f7ff fd68 	bl	100029f0 <_etoa>
10002f20:	e0d4      	b.n	100030cc <_ftoa+0x2c8>
10002f22:	9a1e      	ldr	r2, [sp, #120]	; 0x78
10002f24:	9b1f      	ldr	r3, [sp, #124]	; 0x7c
10002f26:	2000      	movs	r0, #0
10002f28:	2100      	movs	r1, #0
10002f2a:	f000 fece 	bl	10003cca <__wrap___aeabi_dsub>
10002f2e:	901e      	str	r0, [sp, #120]	; 0x78
10002f30:	911f      	str	r1, [sp, #124]	; 0x7c
10002f32:	2301      	movs	r3, #1
10002f34:	4698      	mov	r8, r3
10002f36:	e7a5      	b.n	10002e84 <_ftoa+0x80>
10002f38:	ab0c      	add	r3, sp, #48	; 0x30
10002f3a:	2230      	movs	r2, #48	; 0x30
10002f3c:	551a      	strb	r2, [r3, r4]
10002f3e:	3f01      	subs	r7, #1
10002f40:	3401      	adds	r4, #1
10002f42:	2c1f      	cmp	r4, #31
10002f44:	d801      	bhi.n	10002f4a <_ftoa+0x146>
10002f46:	2f09      	cmp	r7, #9
10002f48:	d8f6      	bhi.n	10002f38 <_ftoa+0x134>
10002f4a:	981e      	ldr	r0, [sp, #120]	; 0x78
10002f4c:	991f      	ldr	r1, [sp, #124]	; 0x7c
10002f4e:	f000 ff75 	bl	10003e3c <__wrap___aeabi_d2iz>
10002f52:	0005      	movs	r5, r0
10002f54:	f000 ff5a 	bl	10003e0c <__wrap___aeabi_i2d>
10002f58:	0002      	movs	r2, r0
10002f5a:	000b      	movs	r3, r1
10002f5c:	981e      	ldr	r0, [sp, #120]	; 0x78
10002f5e:	991f      	ldr	r1, [sp, #124]	; 0x7c
10002f60:	f000 feb3 	bl	10003cca <__wrap___aeabi_dsub>
10002f64:	00fa      	lsls	r2, r7, #3
10002f66:	4b7a      	ldr	r3, [pc, #488]	; (10003150 <_ftoa+0x34c>)
10002f68:	189b      	adds	r3, r3, r2
10002f6a:	681a      	ldr	r2, [r3, #0]
10002f6c:	685b      	ldr	r3, [r3, #4]
10002f6e:	920a      	str	r2, [sp, #40]	; 0x28
10002f70:	930b      	str	r3, [sp, #44]	; 0x2c
10002f72:	f000 feda 	bl	10003d2a <__wrap___aeabi_dmul>
10002f76:	9008      	str	r0, [sp, #32]
10002f78:	9109      	str	r1, [sp, #36]	; 0x24
10002f7a:	f000 ff83 	bl	10003e84 <__wrap___aeabi_d2uiz>
10002f7e:	0006      	movs	r6, r0
10002f80:	f000 ff40 	bl	10003e04 <__wrap___aeabi_ui2d>
10002f84:	0002      	movs	r2, r0
10002f86:	000b      	movs	r3, r1
10002f88:	9808      	ldr	r0, [sp, #32]
10002f8a:	9909      	ldr	r1, [sp, #36]	; 0x24
10002f8c:	f000 fe9d 	bl	10003cca <__wrap___aeabi_dsub>
10002f90:	9008      	str	r0, [sp, #32]
10002f92:	9109      	str	r1, [sp, #36]	; 0x24
10002f94:	2200      	movs	r2, #0
10002f96:	4b6f      	ldr	r3, [pc, #444]	; (10003154 <_ftoa+0x350>)
10002f98:	f000 ff20 	bl	10003ddc <__wrap___aeabi_dcmpgt>
10002f9c:	2800      	cmp	r0, #0
10002f9e:	d02e      	beq.n	10002ffe <_ftoa+0x1fa>
10002fa0:	3601      	adds	r6, #1
10002fa2:	0030      	movs	r0, r6
10002fa4:	f000 ff2e 	bl	10003e04 <__wrap___aeabi_ui2d>
10002fa8:	0002      	movs	r2, r0
10002faa:	000b      	movs	r3, r1
10002fac:	980a      	ldr	r0, [sp, #40]	; 0x28
10002fae:	990b      	ldr	r1, [sp, #44]	; 0x2c
10002fb0:	f000 ff04 	bl	10003dbc <__wrap___aeabi_dcmple>
10002fb4:	2800      	cmp	r0, #0
10002fb6:	d001      	beq.n	10002fbc <_ftoa+0x1b8>
10002fb8:	3501      	adds	r5, #1
10002fba:	2600      	movs	r6, #0
10002fbc:	2f00      	cmp	r7, #0
10002fbe:	d12c      	bne.n	1000301a <_ftoa+0x216>
10002fc0:	0028      	movs	r0, r5
10002fc2:	f000 ff23 	bl	10003e0c <__wrap___aeabi_i2d>
10002fc6:	0002      	movs	r2, r0
10002fc8:	000b      	movs	r3, r1
10002fca:	981e      	ldr	r0, [sp, #120]	; 0x78
10002fcc:	991f      	ldr	r1, [sp, #124]	; 0x7c
10002fce:	f000 fe7c 	bl	10003cca <__wrap___aeabi_dsub>
10002fd2:	0006      	movs	r6, r0
10002fd4:	000f      	movs	r7, r1
10002fd6:	2200      	movs	r2, #0
10002fd8:	4b5e      	ldr	r3, [pc, #376]	; (10003154 <_ftoa+0x350>)
10002fda:	f000 fee9 	bl	10003db0 <__wrap___aeabi_dcmplt>
10002fde:	2800      	cmp	r0, #0
10002fe0:	d146      	bne.n	10003070 <_ftoa+0x26c>
10002fe2:	2200      	movs	r2, #0
10002fe4:	4b5b      	ldr	r3, [pc, #364]	; (10003154 <_ftoa+0x350>)
10002fe6:	0030      	movs	r0, r6
10002fe8:	0039      	movs	r1, r7
10002fea:	f000 fef7 	bl	10003ddc <__wrap___aeabi_dcmpgt>
10002fee:	2800      	cmp	r0, #0
10002ff0:	d13e      	bne.n	10003070 <_ftoa+0x26c>
10002ff2:	07eb      	lsls	r3, r5, #31
10002ff4:	d53c      	bpl.n	10003070 <_ftoa+0x26c>
10002ff6:	3501      	adds	r5, #1
10002ff8:	e03a      	b.n	10003070 <_ftoa+0x26c>
10002ffa:	2706      	movs	r7, #6
10002ffc:	e746      	b.n	10002e8c <_ftoa+0x88>
10002ffe:	2200      	movs	r2, #0
10003000:	4b54      	ldr	r3, [pc, #336]	; (10003154 <_ftoa+0x350>)
10003002:	9808      	ldr	r0, [sp, #32]
10003004:	9909      	ldr	r1, [sp, #36]	; 0x24
10003006:	f000 fed3 	bl	10003db0 <__wrap___aeabi_dcmplt>
1000300a:	2800      	cmp	r0, #0
1000300c:	d1d6      	bne.n	10002fbc <_ftoa+0x1b8>
1000300e:	2e00      	cmp	r6, #0
10003010:	d001      	beq.n	10003016 <_ftoa+0x212>
10003012:	07f3      	lsls	r3, r6, #31
10003014:	d5d2      	bpl.n	10002fbc <_ftoa+0x1b8>
10003016:	3601      	adds	r6, #1
10003018:	e7d0      	b.n	10002fbc <_ftoa+0x1b8>
1000301a:	46aa      	mov	sl, r5
1000301c:	2c1f      	cmp	r4, #31
1000301e:	d811      	bhi.n	10003044 <_ftoa+0x240>
10003020:	3f01      	subs	r7, #1
10003022:	210a      	movs	r1, #10
10003024:	0030      	movs	r0, r6
10003026:	f000 fc15 	bl	10003854 <__wrap___aeabi_uidiv>
1000302a:	1c65      	adds	r5, r4, #1
1000302c:	3130      	adds	r1, #48	; 0x30
1000302e:	ab0c      	add	r3, sp, #48	; 0x30
10003030:	5519      	strb	r1, [r3, r4]
10003032:	210a      	movs	r1, #10
10003034:	0030      	movs	r0, r6
10003036:	f000 fc0d 	bl	10003854 <__wrap___aeabi_uidiv>
1000303a:	2e09      	cmp	r6, #9
1000303c:	d90e      	bls.n	1000305c <_ftoa+0x258>
1000303e:	0006      	movs	r6, r0
10003040:	002c      	movs	r4, r5
10003042:	e7eb      	b.n	1000301c <_ftoa+0x218>
10003044:	4655      	mov	r5, sl
10003046:	2c1f      	cmp	r4, #31
10003048:	d80c      	bhi.n	10003064 <_ftoa+0x260>
1000304a:	1e7b      	subs	r3, r7, #1
1000304c:	2f00      	cmp	r7, #0
1000304e:	d009      	beq.n	10003064 <_ftoa+0x260>
10003050:	aa0c      	add	r2, sp, #48	; 0x30
10003052:	2130      	movs	r1, #48	; 0x30
10003054:	5511      	strb	r1, [r2, r4]
10003056:	001f      	movs	r7, r3
10003058:	3401      	adds	r4, #1
1000305a:	e7f4      	b.n	10003046 <_ftoa+0x242>
1000305c:	002b      	movs	r3, r5
1000305e:	4655      	mov	r5, sl
10003060:	001c      	movs	r4, r3
10003062:	e7f0      	b.n	10003046 <_ftoa+0x242>
10003064:	2c1f      	cmp	r4, #31
10003066:	d803      	bhi.n	10003070 <_ftoa+0x26c>
10003068:	ab0c      	add	r3, sp, #48	; 0x30
1000306a:	222e      	movs	r2, #46	; 0x2e
1000306c:	551a      	strb	r2, [r3, r4]
1000306e:	3401      	adds	r4, #1
10003070:	2c1f      	cmp	r4, #31
10003072:	d810      	bhi.n	10003096 <_ftoa+0x292>
10003074:	210a      	movs	r1, #10
10003076:	0028      	movs	r0, r5
10003078:	f000 fbc4 	bl	10003804 <__wrap___aeabi_idiv>
1000307c:	1c66      	adds	r6, r4, #1
1000307e:	3130      	adds	r1, #48	; 0x30
10003080:	ab0c      	add	r3, sp, #48	; 0x30
10003082:	5519      	strb	r1, [r3, r4]
10003084:	210a      	movs	r1, #10
10003086:	0028      	movs	r0, r5
10003088:	f000 fbbc 	bl	10003804 <__wrap___aeabi_idiv>
1000308c:	1e05      	subs	r5, r0, #0
1000308e:	d001      	beq.n	10003094 <_ftoa+0x290>
10003090:	0034      	movs	r4, r6
10003092:	e7ed      	b.n	10003070 <_ftoa+0x26c>
10003094:	0034      	movs	r4, r6
10003096:	2303      	movs	r3, #3
10003098:	9a22      	ldr	r2, [sp, #136]	; 0x88
1000309a:	4013      	ands	r3, r2
1000309c:	2b01      	cmp	r3, #1
1000309e:	d01c      	beq.n	100030da <_ftoa+0x2d6>
100030a0:	2c1f      	cmp	r4, #31
100030a2:	d806      	bhi.n	100030b2 <_ftoa+0x2ae>
100030a4:	4643      	mov	r3, r8
100030a6:	2b00      	cmp	r3, #0
100030a8:	d032      	beq.n	10003110 <_ftoa+0x30c>
100030aa:	ab0c      	add	r3, sp, #48	; 0x30
100030ac:	222d      	movs	r2, #45	; 0x2d
100030ae:	551a      	strb	r2, [r3, r4]
100030b0:	3401      	adds	r4, #1
100030b2:	9b22      	ldr	r3, [sp, #136]	; 0x88
100030b4:	9303      	str	r3, [sp, #12]
100030b6:	9b21      	ldr	r3, [sp, #132]	; 0x84
100030b8:	9302      	str	r3, [sp, #8]
100030ba:	9401      	str	r4, [sp, #4]
100030bc:	ab0c      	add	r3, sp, #48	; 0x30
100030be:	9300      	str	r3, [sp, #0]
100030c0:	464b      	mov	r3, r9
100030c2:	465a      	mov	r2, fp
100030c4:	9907      	ldr	r1, [sp, #28]
100030c6:	9806      	ldr	r0, [sp, #24]
100030c8:	f7ff fae2 	bl	10002690 <_out_rev>
100030cc:	b015      	add	sp, #84	; 0x54
100030ce:	bcf0      	pop	{r4, r5, r6, r7}
100030d0:	46bb      	mov	fp, r7
100030d2:	46b2      	mov	sl, r6
100030d4:	46a9      	mov	r9, r5
100030d6:	46a0      	mov	r8, r4
100030d8:	bdf0      	pop	{r4, r5, r6, r7, pc}
100030da:	9b21      	ldr	r3, [sp, #132]	; 0x84
100030dc:	2b00      	cmp	r3, #0
100030de:	d013      	beq.n	10003108 <_ftoa+0x304>
100030e0:	4643      	mov	r3, r8
100030e2:	2b00      	cmp	r3, #0
100030e4:	d102      	bne.n	100030ec <_ftoa+0x2e8>
100030e6:	330c      	adds	r3, #12
100030e8:	4213      	tst	r3, r2
100030ea:	d00f      	beq.n	1000310c <_ftoa+0x308>
100030ec:	9b21      	ldr	r3, [sp, #132]	; 0x84
100030ee:	3b01      	subs	r3, #1
100030f0:	9321      	str	r3, [sp, #132]	; 0x84
100030f2:	0019      	movs	r1, r3
100030f4:	e003      	b.n	100030fe <_ftoa+0x2fa>
100030f6:	ab0c      	add	r3, sp, #48	; 0x30
100030f8:	2230      	movs	r2, #48	; 0x30
100030fa:	551a      	strb	r2, [r3, r4]
100030fc:	3401      	adds	r4, #1
100030fe:	428c      	cmp	r4, r1
10003100:	d2ce      	bcs.n	100030a0 <_ftoa+0x29c>
10003102:	2c1f      	cmp	r4, #31
10003104:	d9f7      	bls.n	100030f6 <_ftoa+0x2f2>
10003106:	e7cb      	b.n	100030a0 <_ftoa+0x29c>
10003108:	9921      	ldr	r1, [sp, #132]	; 0x84
1000310a:	e7f8      	b.n	100030fe <_ftoa+0x2fa>
1000310c:	9921      	ldr	r1, [sp, #132]	; 0x84
1000310e:	e7f6      	b.n	100030fe <_ftoa+0x2fa>
10003110:	9b22      	ldr	r3, [sp, #136]	; 0x88
10003112:	075b      	lsls	r3, r3, #29
10003114:	d504      	bpl.n	10003120 <_ftoa+0x31c>
10003116:	ab0c      	add	r3, sp, #48	; 0x30
10003118:	222b      	movs	r2, #43	; 0x2b
1000311a:	551a      	strb	r2, [r3, r4]
1000311c:	3401      	adds	r4, #1
1000311e:	e7c8      	b.n	100030b2 <_ftoa+0x2ae>
10003120:	9b22      	ldr	r3, [sp, #136]	; 0x88
10003122:	071b      	lsls	r3, r3, #28
10003124:	d5c5      	bpl.n	100030b2 <_ftoa+0x2ae>
10003126:	ab0c      	add	r3, sp, #48	; 0x30
10003128:	2220      	movs	r2, #32
1000312a:	551a      	strb	r2, [r3, r4]
1000312c:	3401      	adds	r4, #1
1000312e:	e7c0      	b.n	100030b2 <_ftoa+0x2ae>
10003130:	ffefffff 	.word	0xffefffff
10003134:	7fefffff 	.word	0x7fefffff
10003138:	41cdcd65 	.word	0x41cdcd65
1000313c:	c1cdcd65 	.word	0xc1cdcd65
10003140:	10005938 	.word	0x10005938
10003144:	1000593c 	.word	0x1000593c
10003148:	10005930 	.word	0x10005930
1000314c:	1000592c 	.word	0x1000592c
10003150:	10005b28 	.word	0x10005b28
10003154:	3fe00000 	.word	0x3fe00000

10003158 <_vsnprintf>:
10003158:	b5f0      	push	{r4, r5, r6, r7, lr}
1000315a:	46de      	mov	lr, fp
1000315c:	4657      	mov	r7, sl
1000315e:	464e      	mov	r6, r9
10003160:	4645      	mov	r5, r8
10003162:	b5e0      	push	{r5, r6, r7, lr}
10003164:	b093      	sub	sp, #76	; 0x4c
10003166:	4682      	mov	sl, r0
10003168:	468b      	mov	fp, r1
1000316a:	4690      	mov	r8, r2
1000316c:	9311      	str	r3, [sp, #68]	; 0x44
1000316e:	2900      	cmp	r1, #0
10003170:	d100      	bne.n	10003174 <_vsnprintf+0x1c>
10003172:	e2eb      	b.n	1000374c <_vsnprintf+0x5f4>
10003174:	2700      	movs	r7, #0
10003176:	4655      	mov	r5, sl
10003178:	9b11      	ldr	r3, [sp, #68]	; 0x44
1000317a:	7818      	ldrb	r0, [r3, #0]
1000317c:	2800      	cmp	r0, #0
1000317e:	d100      	bne.n	10003182 <_vsnprintf+0x2a>
10003180:	e2e7      	b.n	10003752 <_vsnprintf+0x5fa>
10003182:	2825      	cmp	r0, #37	; 0x25
10003184:	d009      	beq.n	1000319a <_vsnprintf+0x42>
10003186:	1c7c      	adds	r4, r7, #1
10003188:	4643      	mov	r3, r8
1000318a:	003a      	movs	r2, r7
1000318c:	4659      	mov	r1, fp
1000318e:	47a8      	blx	r5
10003190:	9b11      	ldr	r3, [sp, #68]	; 0x44
10003192:	3301      	adds	r3, #1
10003194:	9311      	str	r3, [sp, #68]	; 0x44
10003196:	0027      	movs	r7, r4
10003198:	e7ee      	b.n	10003178 <_vsnprintf+0x20>
1000319a:	3301      	adds	r3, #1
1000319c:	9311      	str	r3, [sp, #68]	; 0x44
1000319e:	2400      	movs	r4, #0
100031a0:	9a11      	ldr	r2, [sp, #68]	; 0x44
100031a2:	7811      	ldrb	r1, [r2, #0]
100031a4:	000b      	movs	r3, r1
100031a6:	3b20      	subs	r3, #32
100031a8:	b2d8      	uxtb	r0, r3
100031aa:	2810      	cmp	r0, #16
100031ac:	d803      	bhi.n	100031b6 <_vsnprintf+0x5e>
100031ae:	0083      	lsls	r3, r0, #2
100031b0:	48d0      	ldr	r0, [pc, #832]	; (100034f4 <_vsnprintf+0x39c>)
100031b2:	58c3      	ldr	r3, [r0, r3]
100031b4:	469f      	mov	pc, r3
100031b6:	000b      	movs	r3, r1
100031b8:	3b30      	subs	r3, #48	; 0x30
100031ba:	b2db      	uxtb	r3, r3
100031bc:	2b09      	cmp	r3, #9
100031be:	d92c      	bls.n	1000321a <_vsnprintf+0xc2>
100031c0:	292a      	cmp	r1, #42	; 0x2a
100031c2:	d02f      	beq.n	10003224 <_vsnprintf+0xcc>
100031c4:	2300      	movs	r3, #0
100031c6:	930a      	str	r3, [sp, #40]	; 0x28
100031c8:	9b11      	ldr	r3, [sp, #68]	; 0x44
100031ca:	781a      	ldrb	r2, [r3, #0]
100031cc:	2a2e      	cmp	r2, #46	; 0x2e
100031ce:	d039      	beq.n	10003244 <_vsnprintf+0xec>
100031d0:	2300      	movs	r3, #0
100031d2:	469a      	mov	sl, r3
100031d4:	9a11      	ldr	r2, [sp, #68]	; 0x44
100031d6:	7813      	ldrb	r3, [r2, #0]
100031d8:	3b68      	subs	r3, #104	; 0x68
100031da:	b2d9      	uxtb	r1, r3
100031dc:	2912      	cmp	r1, #18
100031de:	d876      	bhi.n	100032ce <_vsnprintf+0x176>
100031e0:	008b      	lsls	r3, r1, #2
100031e2:	49c5      	ldr	r1, [pc, #788]	; (100034f8 <_vsnprintf+0x3a0>)
100031e4:	58cb      	ldr	r3, [r1, r3]
100031e6:	469f      	mov	pc, r3
100031e8:	2301      	movs	r3, #1
100031ea:	431c      	orrs	r4, r3
100031ec:	3201      	adds	r2, #1
100031ee:	9211      	str	r2, [sp, #68]	; 0x44
100031f0:	e7d6      	b.n	100031a0 <_vsnprintf+0x48>
100031f2:	2302      	movs	r3, #2
100031f4:	431c      	orrs	r4, r3
100031f6:	3201      	adds	r2, #1
100031f8:	9211      	str	r2, [sp, #68]	; 0x44
100031fa:	e7d1      	b.n	100031a0 <_vsnprintf+0x48>
100031fc:	2304      	movs	r3, #4
100031fe:	431c      	orrs	r4, r3
10003200:	3201      	adds	r2, #1
10003202:	9211      	str	r2, [sp, #68]	; 0x44
10003204:	e7cc      	b.n	100031a0 <_vsnprintf+0x48>
10003206:	2308      	movs	r3, #8
10003208:	431c      	orrs	r4, r3
1000320a:	3201      	adds	r2, #1
1000320c:	9211      	str	r2, [sp, #68]	; 0x44
1000320e:	e7c7      	b.n	100031a0 <_vsnprintf+0x48>
10003210:	2310      	movs	r3, #16
10003212:	431c      	orrs	r4, r3
10003214:	3201      	adds	r2, #1
10003216:	9211      	str	r2, [sp, #68]	; 0x44
10003218:	e7c2      	b.n	100031a0 <_vsnprintf+0x48>
1000321a:	a811      	add	r0, sp, #68	; 0x44
1000321c:	f7ff fa26 	bl	1000266c <_atoi>
10003220:	900a      	str	r0, [sp, #40]	; 0x28
10003222:	e7d1      	b.n	100031c8 <_vsnprintf+0x70>
10003224:	9b1c      	ldr	r3, [sp, #112]	; 0x70
10003226:	1d1a      	adds	r2, r3, #4
10003228:	921c      	str	r2, [sp, #112]	; 0x70
1000322a:	6818      	ldr	r0, [r3, #0]
1000322c:	2800      	cmp	r0, #0
1000322e:	db04      	blt.n	1000323a <_vsnprintf+0xe2>
10003230:	900a      	str	r0, [sp, #40]	; 0x28
10003232:	9b11      	ldr	r3, [sp, #68]	; 0x44
10003234:	3301      	adds	r3, #1
10003236:	9311      	str	r3, [sp, #68]	; 0x44
10003238:	e7c6      	b.n	100031c8 <_vsnprintf+0x70>
1000323a:	2302      	movs	r3, #2
1000323c:	431c      	orrs	r4, r3
1000323e:	4243      	negs	r3, r0
10003240:	930a      	str	r3, [sp, #40]	; 0x28
10003242:	e7f6      	b.n	10003232 <_vsnprintf+0xda>
10003244:	2280      	movs	r2, #128	; 0x80
10003246:	00d2      	lsls	r2, r2, #3
10003248:	4314      	orrs	r4, r2
1000324a:	1c5a      	adds	r2, r3, #1
1000324c:	9211      	str	r2, [sp, #68]	; 0x44
1000324e:	785a      	ldrb	r2, [r3, #1]
10003250:	0013      	movs	r3, r2
10003252:	3b30      	subs	r3, #48	; 0x30
10003254:	b2db      	uxtb	r3, r3
10003256:	2b09      	cmp	r3, #9
10003258:	d904      	bls.n	10003264 <_vsnprintf+0x10c>
1000325a:	2a2a      	cmp	r2, #42	; 0x2a
1000325c:	d007      	beq.n	1000326e <_vsnprintf+0x116>
1000325e:	2300      	movs	r3, #0
10003260:	469a      	mov	sl, r3
10003262:	e7b7      	b.n	100031d4 <_vsnprintf+0x7c>
10003264:	a811      	add	r0, sp, #68	; 0x44
10003266:	f7ff fa01 	bl	1000266c <_atoi>
1000326a:	4682      	mov	sl, r0
1000326c:	e7b2      	b.n	100031d4 <_vsnprintf+0x7c>
1000326e:	9b1c      	ldr	r3, [sp, #112]	; 0x70
10003270:	1d1a      	adds	r2, r3, #4
10003272:	921c      	str	r2, [sp, #112]	; 0x70
10003274:	6818      	ldr	r0, [r3, #0]
10003276:	2800      	cmp	r0, #0
10003278:	db04      	blt.n	10003284 <_vsnprintf+0x12c>
1000327a:	4682      	mov	sl, r0
1000327c:	9b11      	ldr	r3, [sp, #68]	; 0x44
1000327e:	3301      	adds	r3, #1
10003280:	9311      	str	r3, [sp, #68]	; 0x44
10003282:	e7a7      	b.n	100031d4 <_vsnprintf+0x7c>
10003284:	2000      	movs	r0, #0
10003286:	e7f8      	b.n	1000327a <_vsnprintf+0x122>
10003288:	2380      	movs	r3, #128	; 0x80
1000328a:	005b      	lsls	r3, r3, #1
1000328c:	4323      	orrs	r3, r4
1000328e:	1c51      	adds	r1, r2, #1
10003290:	9111      	str	r1, [sp, #68]	; 0x44
10003292:	7852      	ldrb	r2, [r2, #1]
10003294:	2a6c      	cmp	r2, #108	; 0x6c
10003296:	d001      	beq.n	1000329c <_vsnprintf+0x144>
10003298:	001c      	movs	r4, r3
1000329a:	e018      	b.n	100032ce <_vsnprintf+0x176>
1000329c:	23c0      	movs	r3, #192	; 0xc0
1000329e:	009b      	lsls	r3, r3, #2
100032a0:	431c      	orrs	r4, r3
100032a2:	3101      	adds	r1, #1
100032a4:	9111      	str	r1, [sp, #68]	; 0x44
100032a6:	e012      	b.n	100032ce <_vsnprintf+0x176>
100032a8:	2380      	movs	r3, #128	; 0x80
100032aa:	4323      	orrs	r3, r4
100032ac:	1c51      	adds	r1, r2, #1
100032ae:	9111      	str	r1, [sp, #68]	; 0x44
100032b0:	7852      	ldrb	r2, [r2, #1]
100032b2:	2a68      	cmp	r2, #104	; 0x68
100032b4:	d001      	beq.n	100032ba <_vsnprintf+0x162>
100032b6:	001c      	movs	r4, r3
100032b8:	e009      	b.n	100032ce <_vsnprintf+0x176>
100032ba:	23c0      	movs	r3, #192	; 0xc0
100032bc:	431c      	orrs	r4, r3
100032be:	3101      	adds	r1, #1
100032c0:	9111      	str	r1, [sp, #68]	; 0x44
100032c2:	e004      	b.n	100032ce <_vsnprintf+0x176>
100032c4:	2380      	movs	r3, #128	; 0x80
100032c6:	005b      	lsls	r3, r3, #1
100032c8:	431c      	orrs	r4, r3
100032ca:	3201      	adds	r2, #1
100032cc:	9211      	str	r2, [sp, #68]	; 0x44
100032ce:	9b11      	ldr	r3, [sp, #68]	; 0x44
100032d0:	7818      	ldrb	r0, [r3, #0]
100032d2:	0003      	movs	r3, r0
100032d4:	3b25      	subs	r3, #37	; 0x25
100032d6:	b2da      	uxtb	r2, r3
100032d8:	2a53      	cmp	r2, #83	; 0x53
100032da:	d900      	bls.n	100032de <_vsnprintf+0x186>
100032dc:	e22c      	b.n	10003738 <_vsnprintf+0x5e0>
100032de:	0093      	lsls	r3, r2, #2
100032e0:	4a86      	ldr	r2, [pc, #536]	; (100034fc <_vsnprintf+0x3a4>)
100032e2:	58d3      	ldr	r3, [r2, r3]
100032e4:	469f      	mov	pc, r3
100032e6:	2380      	movs	r3, #128	; 0x80
100032e8:	009b      	lsls	r3, r3, #2
100032ea:	431c      	orrs	r4, r3
100032ec:	3201      	adds	r2, #1
100032ee:	9211      	str	r2, [sp, #68]	; 0x44
100032f0:	e7ed      	b.n	100032ce <_vsnprintf+0x176>
100032f2:	2380      	movs	r3, #128	; 0x80
100032f4:	005b      	lsls	r3, r3, #1
100032f6:	431c      	orrs	r4, r3
100032f8:	3201      	adds	r2, #1
100032fa:	9211      	str	r2, [sp, #68]	; 0x44
100032fc:	e7e7      	b.n	100032ce <_vsnprintf+0x176>
100032fe:	2878      	cmp	r0, #120	; 0x78
10003300:	d009      	beq.n	10003316 <_vsnprintf+0x1be>
10003302:	2858      	cmp	r0, #88	; 0x58
10003304:	d038      	beq.n	10003378 <_vsnprintf+0x220>
10003306:	286f      	cmp	r0, #111	; 0x6f
10003308:	d038      	beq.n	1000337c <_vsnprintf+0x224>
1000330a:	2862      	cmp	r0, #98	; 0x62
1000330c:	d038      	beq.n	10003380 <_vsnprintf+0x228>
1000330e:	2310      	movs	r3, #16
10003310:	439c      	bics	r4, r3
10003312:	260a      	movs	r6, #10
10003314:	e000      	b.n	10003318 <_vsnprintf+0x1c0>
10003316:	2610      	movs	r6, #16
10003318:	2858      	cmp	r0, #88	; 0x58
1000331a:	d033      	beq.n	10003384 <_vsnprintf+0x22c>
1000331c:	2869      	cmp	r0, #105	; 0x69
1000331e:	d003      	beq.n	10003328 <_vsnprintf+0x1d0>
10003320:	2864      	cmp	r0, #100	; 0x64
10003322:	d001      	beq.n	10003328 <_vsnprintf+0x1d0>
10003324:	220c      	movs	r2, #12
10003326:	4394      	bics	r4, r2
10003328:	0563      	lsls	r3, r4, #21
1000332a:	d501      	bpl.n	10003330 <_vsnprintf+0x1d8>
1000332c:	2201      	movs	r2, #1
1000332e:	4394      	bics	r4, r2
10003330:	2869      	cmp	r0, #105	; 0x69
10003332:	d02a      	beq.n	1000338a <_vsnprintf+0x232>
10003334:	2864      	cmp	r0, #100	; 0x64
10003336:	d028      	beq.n	1000338a <_vsnprintf+0x232>
10003338:	05a3      	lsls	r3, r4, #22
1000333a:	d500      	bpl.n	1000333e <_vsnprintf+0x1e6>
1000333c:	e09f      	b.n	1000347e <_vsnprintf+0x326>
1000333e:	05e3      	lsls	r3, r4, #23
10003340:	d500      	bpl.n	10003344 <_vsnprintf+0x1ec>
10003342:	e0b8      	b.n	100034b6 <_vsnprintf+0x35e>
10003344:	0663      	lsls	r3, r4, #25
10003346:	d400      	bmi.n	1000334a <_vsnprintf+0x1f2>
10003348:	e0ca      	b.n	100034e0 <_vsnprintf+0x388>
1000334a:	9a1c      	ldr	r2, [sp, #112]	; 0x70
1000334c:	1d11      	adds	r1, r2, #4
1000334e:	911c      	str	r1, [sp, #112]	; 0x70
10003350:	6811      	ldr	r1, [r2, #0]
10003352:	22ff      	movs	r2, #255	; 0xff
10003354:	400a      	ands	r2, r1
10003356:	9405      	str	r4, [sp, #20]
10003358:	9b0a      	ldr	r3, [sp, #40]	; 0x28
1000335a:	9304      	str	r3, [sp, #16]
1000335c:	4653      	mov	r3, sl
1000335e:	9303      	str	r3, [sp, #12]
10003360:	9602      	str	r6, [sp, #8]
10003362:	2300      	movs	r3, #0
10003364:	9301      	str	r3, [sp, #4]
10003366:	9200      	str	r2, [sp, #0]
10003368:	4643      	mov	r3, r8
1000336a:	003a      	movs	r2, r7
1000336c:	4659      	mov	r1, fp
1000336e:	0028      	movs	r0, r5
10003370:	f7ff fa6e 	bl	10002850 <_ntoa_long>
10003374:	0007      	movs	r7, r0
10003376:	e027      	b.n	100033c8 <_vsnprintf+0x270>
10003378:	2610      	movs	r6, #16
1000337a:	e7cd      	b.n	10003318 <_vsnprintf+0x1c0>
1000337c:	2608      	movs	r6, #8
1000337e:	e7cb      	b.n	10003318 <_vsnprintf+0x1c0>
10003380:	2602      	movs	r6, #2
10003382:	e7c9      	b.n	10003318 <_vsnprintf+0x1c0>
10003384:	2220      	movs	r2, #32
10003386:	4314      	orrs	r4, r2
10003388:	e7c8      	b.n	1000331c <_vsnprintf+0x1c4>
1000338a:	05a3      	lsls	r3, r4, #22
1000338c:	d420      	bmi.n	100033d0 <_vsnprintf+0x278>
1000338e:	05e3      	lsls	r3, r4, #23
10003390:	d450      	bmi.n	10003434 <_vsnprintf+0x2dc>
10003392:	0663      	lsls	r3, r4, #25
10003394:	d566      	bpl.n	10003464 <_vsnprintf+0x30c>
10003396:	9a1c      	ldr	r2, [sp, #112]	; 0x70
10003398:	1d11      	adds	r1, r2, #4
1000339a:	911c      	str	r1, [sp, #112]	; 0x70
1000339c:	6811      	ldr	r1, [r2, #0]
1000339e:	22ff      	movs	r2, #255	; 0xff
100033a0:	400a      	ands	r2, r1
100033a2:	17d3      	asrs	r3, r2, #31
100033a4:	18d1      	adds	r1, r2, r3
100033a6:	4059      	eors	r1, r3
100033a8:	9405      	str	r4, [sp, #20]
100033aa:	9b0a      	ldr	r3, [sp, #40]	; 0x28
100033ac:	9304      	str	r3, [sp, #16]
100033ae:	4653      	mov	r3, sl
100033b0:	9303      	str	r3, [sp, #12]
100033b2:	9602      	str	r6, [sp, #8]
100033b4:	0fd2      	lsrs	r2, r2, #31
100033b6:	9201      	str	r2, [sp, #4]
100033b8:	9100      	str	r1, [sp, #0]
100033ba:	4643      	mov	r3, r8
100033bc:	003a      	movs	r2, r7
100033be:	4659      	mov	r1, fp
100033c0:	0028      	movs	r0, r5
100033c2:	f7ff fa45 	bl	10002850 <_ntoa_long>
100033c6:	0007      	movs	r7, r0
100033c8:	9b11      	ldr	r3, [sp, #68]	; 0x44
100033ca:	3301      	adds	r3, #1
100033cc:	9311      	str	r3, [sp, #68]	; 0x44
100033ce:	e6d3      	b.n	10003178 <_vsnprintf+0x20>
100033d0:	9b1c      	ldr	r3, [sp, #112]	; 0x70
100033d2:	1dda      	adds	r2, r3, #7
100033d4:	2107      	movs	r1, #7
100033d6:	438a      	bics	r2, r1
100033d8:	0011      	movs	r1, r2
100033da:	3108      	adds	r1, #8
100033dc:	911c      	str	r1, [sp, #112]	; 0x70
100033de:	6811      	ldr	r1, [r2, #0]
100033e0:	6853      	ldr	r3, [r2, #4]
100033e2:	469c      	mov	ip, r3
100033e4:	17db      	asrs	r3, r3, #31
100033e6:	930c      	str	r3, [sp, #48]	; 0x30
100033e8:	930d      	str	r3, [sp, #52]	; 0x34
100033ea:	9a0c      	ldr	r2, [sp, #48]	; 0x30
100033ec:	9b0d      	ldr	r3, [sp, #52]	; 0x34
100033ee:	0010      	movs	r0, r2
100033f0:	4048      	eors	r0, r1
100033f2:	900e      	str	r0, [sp, #56]	; 0x38
100033f4:	4662      	mov	r2, ip
100033f6:	4053      	eors	r3, r2
100033f8:	930f      	str	r3, [sp, #60]	; 0x3c
100033fa:	980e      	ldr	r0, [sp, #56]	; 0x38
100033fc:	990f      	ldr	r1, [sp, #60]	; 0x3c
100033fe:	9a0c      	ldr	r2, [sp, #48]	; 0x30
10003400:	9b0d      	ldr	r3, [sp, #52]	; 0x34
10003402:	1a80      	subs	r0, r0, r2
10003404:	4199      	sbcs	r1, r3
10003406:	900e      	str	r0, [sp, #56]	; 0x38
10003408:	910f      	str	r1, [sp, #60]	; 0x3c
1000340a:	9408      	str	r4, [sp, #32]
1000340c:	9b0a      	ldr	r3, [sp, #40]	; 0x28
1000340e:	9307      	str	r3, [sp, #28]
10003410:	4653      	mov	r3, sl
10003412:	9306      	str	r3, [sp, #24]
10003414:	9604      	str	r6, [sp, #16]
10003416:	2300      	movs	r3, #0
10003418:	9305      	str	r3, [sp, #20]
1000341a:	4663      	mov	r3, ip
1000341c:	0fda      	lsrs	r2, r3, #31
1000341e:	9202      	str	r2, [sp, #8]
10003420:	9000      	str	r0, [sp, #0]
10003422:	9101      	str	r1, [sp, #4]
10003424:	4643      	mov	r3, r8
10003426:	003a      	movs	r2, r7
10003428:	4659      	mov	r1, fp
1000342a:	0028      	movs	r0, r5
1000342c:	f7ff fa6e 	bl	1000290c <_ntoa_long_long>
10003430:	0007      	movs	r7, r0
10003432:	e7c9      	b.n	100033c8 <_vsnprintf+0x270>
10003434:	9a1c      	ldr	r2, [sp, #112]	; 0x70
10003436:	1d11      	adds	r1, r2, #4
10003438:	911c      	str	r1, [sp, #112]	; 0x70
1000343a:	6812      	ldr	r2, [r2, #0]
1000343c:	17d3      	asrs	r3, r2, #31
1000343e:	18d1      	adds	r1, r2, r3
10003440:	4059      	eors	r1, r3
10003442:	9405      	str	r4, [sp, #20]
10003444:	9b0a      	ldr	r3, [sp, #40]	; 0x28
10003446:	9304      	str	r3, [sp, #16]
10003448:	4653      	mov	r3, sl
1000344a:	9303      	str	r3, [sp, #12]
1000344c:	9602      	str	r6, [sp, #8]
1000344e:	0fd2      	lsrs	r2, r2, #31
10003450:	9201      	str	r2, [sp, #4]
10003452:	9100      	str	r1, [sp, #0]
10003454:	4643      	mov	r3, r8
10003456:	003a      	movs	r2, r7
10003458:	4659      	mov	r1, fp
1000345a:	0028      	movs	r0, r5
1000345c:	f7ff f9f8 	bl	10002850 <_ntoa_long>
10003460:	0007      	movs	r7, r0
10003462:	e7b1      	b.n	100033c8 <_vsnprintf+0x270>
10003464:	0623      	lsls	r3, r4, #24
10003466:	d505      	bpl.n	10003474 <_vsnprintf+0x31c>
10003468:	9a1c      	ldr	r2, [sp, #112]	; 0x70
1000346a:	1d11      	adds	r1, r2, #4
1000346c:	911c      	str	r1, [sp, #112]	; 0x70
1000346e:	2300      	movs	r3, #0
10003470:	5ed2      	ldrsh	r2, [r2, r3]
10003472:	e796      	b.n	100033a2 <_vsnprintf+0x24a>
10003474:	9a1c      	ldr	r2, [sp, #112]	; 0x70
10003476:	1d11      	adds	r1, r2, #4
10003478:	911c      	str	r1, [sp, #112]	; 0x70
1000347a:	6812      	ldr	r2, [r2, #0]
1000347c:	e791      	b.n	100033a2 <_vsnprintf+0x24a>
1000347e:	9b1c      	ldr	r3, [sp, #112]	; 0x70
10003480:	1dda      	adds	r2, r3, #7
10003482:	2107      	movs	r1, #7
10003484:	438a      	bics	r2, r1
10003486:	0011      	movs	r1, r2
10003488:	3108      	adds	r1, #8
1000348a:	911c      	str	r1, [sp, #112]	; 0x70
1000348c:	9408      	str	r4, [sp, #32]
1000348e:	9b0a      	ldr	r3, [sp, #40]	; 0x28
10003490:	9307      	str	r3, [sp, #28]
10003492:	4653      	mov	r3, sl
10003494:	9306      	str	r3, [sp, #24]
10003496:	9604      	str	r6, [sp, #16]
10003498:	2300      	movs	r3, #0
1000349a:	9305      	str	r3, [sp, #20]
1000349c:	9302      	str	r3, [sp, #8]
1000349e:	6813      	ldr	r3, [r2, #0]
100034a0:	6854      	ldr	r4, [r2, #4]
100034a2:	9300      	str	r3, [sp, #0]
100034a4:	9401      	str	r4, [sp, #4]
100034a6:	4643      	mov	r3, r8
100034a8:	003a      	movs	r2, r7
100034aa:	4659      	mov	r1, fp
100034ac:	0028      	movs	r0, r5
100034ae:	f7ff fa2d 	bl	1000290c <_ntoa_long_long>
100034b2:	0007      	movs	r7, r0
100034b4:	e788      	b.n	100033c8 <_vsnprintf+0x270>
100034b6:	9a1c      	ldr	r2, [sp, #112]	; 0x70
100034b8:	1d11      	adds	r1, r2, #4
100034ba:	911c      	str	r1, [sp, #112]	; 0x70
100034bc:	9405      	str	r4, [sp, #20]
100034be:	9b0a      	ldr	r3, [sp, #40]	; 0x28
100034c0:	9304      	str	r3, [sp, #16]
100034c2:	4653      	mov	r3, sl
100034c4:	9303      	str	r3, [sp, #12]
100034c6:	9602      	str	r6, [sp, #8]
100034c8:	2300      	movs	r3, #0
100034ca:	9301      	str	r3, [sp, #4]
100034cc:	6813      	ldr	r3, [r2, #0]
100034ce:	9300      	str	r3, [sp, #0]
100034d0:	4643      	mov	r3, r8
100034d2:	003a      	movs	r2, r7
100034d4:	4659      	mov	r1, fp
100034d6:	0028      	movs	r0, r5
100034d8:	f7ff f9ba 	bl	10002850 <_ntoa_long>
100034dc:	0007      	movs	r7, r0
100034de:	e773      	b.n	100033c8 <_vsnprintf+0x270>
100034e0:	0623      	lsls	r3, r4, #24
100034e2:	d50d      	bpl.n	10003500 <_vsnprintf+0x3a8>
100034e4:	9a1c      	ldr	r2, [sp, #112]	; 0x70
100034e6:	1d11      	adds	r1, r2, #4
100034e8:	911c      	str	r1, [sp, #112]	; 0x70
100034ea:	6812      	ldr	r2, [r2, #0]
100034ec:	0412      	lsls	r2, r2, #16
100034ee:	0c12      	lsrs	r2, r2, #16
100034f0:	e731      	b.n	10003356 <_vsnprintf+0x1fe>
100034f2:	46c0      	nop			; (mov r8, r8)
100034f4:	10005944 	.word	0x10005944
100034f8:	10005988 	.word	0x10005988
100034fc:	100059d4 	.word	0x100059d4
10003500:	9a1c      	ldr	r2, [sp, #112]	; 0x70
10003502:	1d11      	adds	r1, r2, #4
10003504:	911c      	str	r1, [sp, #112]	; 0x70
10003506:	6812      	ldr	r2, [r2, #0]
10003508:	e725      	b.n	10003356 <_vsnprintf+0x1fe>
1000350a:	2846      	cmp	r0, #70	; 0x46
1000350c:	d01a      	beq.n	10003544 <_vsnprintf+0x3ec>
1000350e:	9b1c      	ldr	r3, [sp, #112]	; 0x70
10003510:	3307      	adds	r3, #7
10003512:	2207      	movs	r2, #7
10003514:	4393      	bics	r3, r2
10003516:	001a      	movs	r2, r3
10003518:	3208      	adds	r2, #8
1000351a:	921c      	str	r2, [sp, #112]	; 0x70
1000351c:	9404      	str	r4, [sp, #16]
1000351e:	9a0a      	ldr	r2, [sp, #40]	; 0x28
10003520:	9203      	str	r2, [sp, #12]
10003522:	4652      	mov	r2, sl
10003524:	9202      	str	r2, [sp, #8]
10003526:	685c      	ldr	r4, [r3, #4]
10003528:	681b      	ldr	r3, [r3, #0]
1000352a:	9300      	str	r3, [sp, #0]
1000352c:	9401      	str	r4, [sp, #4]
1000352e:	4643      	mov	r3, r8
10003530:	003a      	movs	r2, r7
10003532:	4659      	mov	r1, fp
10003534:	0028      	movs	r0, r5
10003536:	f7ff fc65 	bl	10002e04 <_ftoa>
1000353a:	0007      	movs	r7, r0
1000353c:	9b11      	ldr	r3, [sp, #68]	; 0x44
1000353e:	3301      	adds	r3, #1
10003540:	9311      	str	r3, [sp, #68]	; 0x44
10003542:	e619      	b.n	10003178 <_vsnprintf+0x20>
10003544:	2320      	movs	r3, #32
10003546:	431c      	orrs	r4, r3
10003548:	e7e1      	b.n	1000350e <_vsnprintf+0x3b6>
1000354a:	2867      	cmp	r0, #103	; 0x67
1000354c:	d001      	beq.n	10003552 <_vsnprintf+0x3fa>
1000354e:	2847      	cmp	r0, #71	; 0x47
10003550:	d102      	bne.n	10003558 <_vsnprintf+0x400>
10003552:	2380      	movs	r3, #128	; 0x80
10003554:	011b      	lsls	r3, r3, #4
10003556:	431c      	orrs	r4, r3
10003558:	2845      	cmp	r0, #69	; 0x45
1000355a:	d001      	beq.n	10003560 <_vsnprintf+0x408>
1000355c:	2847      	cmp	r0, #71	; 0x47
1000355e:	d101      	bne.n	10003564 <_vsnprintf+0x40c>
10003560:	2320      	movs	r3, #32
10003562:	431c      	orrs	r4, r3
10003564:	9b1c      	ldr	r3, [sp, #112]	; 0x70
10003566:	3307      	adds	r3, #7
10003568:	2207      	movs	r2, #7
1000356a:	4393      	bics	r3, r2
1000356c:	001a      	movs	r2, r3
1000356e:	3208      	adds	r2, #8
10003570:	921c      	str	r2, [sp, #112]	; 0x70
10003572:	9404      	str	r4, [sp, #16]
10003574:	9a0a      	ldr	r2, [sp, #40]	; 0x28
10003576:	9203      	str	r2, [sp, #12]
10003578:	4652      	mov	r2, sl
1000357a:	9202      	str	r2, [sp, #8]
1000357c:	685c      	ldr	r4, [r3, #4]
1000357e:	681b      	ldr	r3, [r3, #0]
10003580:	9300      	str	r3, [sp, #0]
10003582:	9401      	str	r4, [sp, #4]
10003584:	4643      	mov	r3, r8
10003586:	003a      	movs	r2, r7
10003588:	4659      	mov	r1, fp
1000358a:	0028      	movs	r0, r5
1000358c:	f7ff fa30 	bl	100029f0 <_etoa>
10003590:	0007      	movs	r7, r0
10003592:	9b11      	ldr	r3, [sp, #68]	; 0x44
10003594:	3301      	adds	r3, #1
10003596:	9311      	str	r3, [sp, #68]	; 0x44
10003598:	e5ee      	b.n	10003178 <_vsnprintf+0x20>
1000359a:	2302      	movs	r3, #2
1000359c:	001a      	movs	r2, r3
1000359e:	4022      	ands	r2, r4
100035a0:	4692      	mov	sl, r2
100035a2:	4223      	tst	r3, r4
100035a4:	d01f      	beq.n	100035e6 <_vsnprintf+0x48e>
100035a6:	2401      	movs	r4, #1
100035a8:	9b1c      	ldr	r3, [sp, #112]	; 0x70
100035aa:	1d1a      	adds	r2, r3, #4
100035ac:	921c      	str	r2, [sp, #112]	; 0x70
100035ae:	1c7a      	adds	r2, r7, #1
100035b0:	4691      	mov	r9, r2
100035b2:	7818      	ldrb	r0, [r3, #0]
100035b4:	4643      	mov	r3, r8
100035b6:	003a      	movs	r2, r7
100035b8:	4659      	mov	r1, fp
100035ba:	47a8      	blx	r5
100035bc:	4653      	mov	r3, sl
100035be:	2b00      	cmp	r3, #0
100035c0:	d116      	bne.n	100035f0 <_vsnprintf+0x498>
100035c2:	9b11      	ldr	r3, [sp, #68]	; 0x44
100035c4:	3301      	adds	r3, #1
100035c6:	9311      	str	r3, [sp, #68]	; 0x44
100035c8:	464f      	mov	r7, r9
100035ca:	e5d5      	b.n	10003178 <_vsnprintf+0x20>
100035cc:	1c56      	adds	r6, r2, #1
100035ce:	4643      	mov	r3, r8
100035d0:	4659      	mov	r1, fp
100035d2:	2020      	movs	r0, #32
100035d4:	47b8      	blx	r7
100035d6:	0023      	movs	r3, r4
100035d8:	0032      	movs	r2, r6
100035da:	1c5c      	adds	r4, r3, #1
100035dc:	429d      	cmp	r5, r3
100035de:	d8f5      	bhi.n	100035cc <_vsnprintf+0x474>
100035e0:	003d      	movs	r5, r7
100035e2:	0017      	movs	r7, r2
100035e4:	e7e0      	b.n	100035a8 <_vsnprintf+0x450>
100035e6:	2301      	movs	r3, #1
100035e8:	003a      	movs	r2, r7
100035ea:	002f      	movs	r7, r5
100035ec:	9d0a      	ldr	r5, [sp, #40]	; 0x28
100035ee:	e7f4      	b.n	100035da <_vsnprintf+0x482>
100035f0:	464a      	mov	r2, r9
100035f2:	46a9      	mov	r9, r5
100035f4:	9d0a      	ldr	r5, [sp, #40]	; 0x28
100035f6:	e006      	b.n	10003606 <_vsnprintf+0x4ae>
100035f8:	1c57      	adds	r7, r2, #1
100035fa:	4643      	mov	r3, r8
100035fc:	4659      	mov	r1, fp
100035fe:	2020      	movs	r0, #32
10003600:	47c8      	blx	r9
10003602:	0034      	movs	r4, r6
10003604:	003a      	movs	r2, r7
10003606:	1c66      	adds	r6, r4, #1
10003608:	42a5      	cmp	r5, r4
1000360a:	d8f5      	bhi.n	100035f8 <_vsnprintf+0x4a0>
1000360c:	464d      	mov	r5, r9
1000360e:	4691      	mov	r9, r2
10003610:	e7d7      	b.n	100035c2 <_vsnprintf+0x46a>
10003612:	9b1c      	ldr	r3, [sp, #112]	; 0x70
10003614:	1d1a      	adds	r2, r3, #4
10003616:	921c      	str	r2, [sp, #112]	; 0x70
10003618:	681b      	ldr	r3, [r3, #0]
1000361a:	4699      	mov	r9, r3
1000361c:	4653      	mov	r3, sl
1000361e:	2b00      	cmp	r3, #0
10003620:	d100      	bne.n	10003624 <_vsnprintf+0x4cc>
10003622:	3b01      	subs	r3, #1
10003624:	464e      	mov	r6, r9
10003626:	e001      	b.n	1000362c <_vsnprintf+0x4d4>
10003628:	3601      	adds	r6, #1
1000362a:	0013      	movs	r3, r2
1000362c:	7832      	ldrb	r2, [r6, #0]
1000362e:	2a00      	cmp	r2, #0
10003630:	d002      	beq.n	10003638 <_vsnprintf+0x4e0>
10003632:	1e5a      	subs	r2, r3, #1
10003634:	2b00      	cmp	r3, #0
10003636:	d1f7      	bne.n	10003628 <_vsnprintf+0x4d0>
10003638:	464b      	mov	r3, r9
1000363a:	1af2      	subs	r2, r6, r3
1000363c:	9210      	str	r2, [sp, #64]	; 0x40
1000363e:	2380      	movs	r3, #128	; 0x80
10003640:	00db      	lsls	r3, r3, #3
10003642:	0026      	movs	r6, r4
10003644:	401e      	ands	r6, r3
10003646:	421c      	tst	r4, r3
10003648:	d003      	beq.n	10003652 <_vsnprintf+0x4fa>
1000364a:	4552      	cmp	r2, sl
1000364c:	d901      	bls.n	10003652 <_vsnprintf+0x4fa>
1000364e:	4653      	mov	r3, sl
10003650:	9310      	str	r3, [sp, #64]	; 0x40
10003652:	2302      	movs	r3, #2
10003654:	001a      	movs	r2, r3
10003656:	4022      	ands	r2, r4
10003658:	920b      	str	r2, [sp, #44]	; 0x2c
1000365a:	4223      	tst	r3, r4
1000365c:	d005      	beq.n	1000366a <_vsnprintf+0x512>
1000365e:	003a      	movs	r2, r7
10003660:	0037      	movs	r7, r6
10003662:	464c      	mov	r4, r9
10003664:	46a9      	mov	r9, r5
10003666:	4655      	mov	r5, sl
10003668:	e020      	b.n	100036ac <_vsnprintf+0x554>
1000366a:	003a      	movs	r2, r7
1000366c:	9b10      	ldr	r3, [sp, #64]	; 0x40
1000366e:	465f      	mov	r7, fp
10003670:	46b3      	mov	fp, r6
10003672:	002e      	movs	r6, r5
10003674:	e006      	b.n	10003684 <_vsnprintf+0x52c>
10003676:	1c55      	adds	r5, r2, #1
10003678:	4643      	mov	r3, r8
1000367a:	0039      	movs	r1, r7
1000367c:	2020      	movs	r0, #32
1000367e:	47b0      	blx	r6
10003680:	0023      	movs	r3, r4
10003682:	002a      	movs	r2, r5
10003684:	1c5c      	adds	r4, r3, #1
10003686:	990a      	ldr	r1, [sp, #40]	; 0x28
10003688:	4299      	cmp	r1, r3
1000368a:	d8f4      	bhi.n	10003676 <_vsnprintf+0x51e>
1000368c:	0035      	movs	r5, r6
1000368e:	465e      	mov	r6, fp
10003690:	46bb      	mov	fp, r7
10003692:	9410      	str	r4, [sp, #64]	; 0x40
10003694:	0037      	movs	r7, r6
10003696:	464c      	mov	r4, r9
10003698:	46a9      	mov	r9, r5
1000369a:	4655      	mov	r5, sl
1000369c:	e006      	b.n	100036ac <_vsnprintf+0x554>
1000369e:	001d      	movs	r5, r3
100036a0:	3401      	adds	r4, #1
100036a2:	1c56      	adds	r6, r2, #1
100036a4:	4643      	mov	r3, r8
100036a6:	4659      	mov	r1, fp
100036a8:	47c8      	blx	r9
100036aa:	0032      	movs	r2, r6
100036ac:	7820      	ldrb	r0, [r4, #0]
100036ae:	2800      	cmp	r0, #0
100036b0:	d004      	beq.n	100036bc <_vsnprintf+0x564>
100036b2:	2f00      	cmp	r7, #0
100036b4:	d0f4      	beq.n	100036a0 <_vsnprintf+0x548>
100036b6:	1e6b      	subs	r3, r5, #1
100036b8:	2d00      	cmp	r5, #0
100036ba:	d1f0      	bne.n	1000369e <_vsnprintf+0x546>
100036bc:	0017      	movs	r7, r2
100036be:	464d      	mov	r5, r9
100036c0:	9b0b      	ldr	r3, [sp, #44]	; 0x2c
100036c2:	2b00      	cmp	r3, #0
100036c4:	d103      	bne.n	100036ce <_vsnprintf+0x576>
100036c6:	9b11      	ldr	r3, [sp, #68]	; 0x44
100036c8:	3301      	adds	r3, #1
100036ca:	9311      	str	r3, [sp, #68]	; 0x44
100036cc:	e554      	b.n	10003178 <_vsnprintf+0x20>
100036ce:	9f0a      	ldr	r7, [sp, #40]	; 0x28
100036d0:	9b10      	ldr	r3, [sp, #64]	; 0x40
100036d2:	e006      	b.n	100036e2 <_vsnprintf+0x58a>
100036d4:	1c56      	adds	r6, r2, #1
100036d6:	4643      	mov	r3, r8
100036d8:	4659      	mov	r1, fp
100036da:	2020      	movs	r0, #32
100036dc:	47a8      	blx	r5
100036de:	0023      	movs	r3, r4
100036e0:	0032      	movs	r2, r6
100036e2:	1c5c      	adds	r4, r3, #1
100036e4:	429f      	cmp	r7, r3
100036e6:	d8f5      	bhi.n	100036d4 <_vsnprintf+0x57c>
100036e8:	0017      	movs	r7, r2
100036ea:	e7ec      	b.n	100036c6 <_vsnprintf+0x56e>
100036ec:	2321      	movs	r3, #33	; 0x21
100036ee:	431c      	orrs	r4, r3
100036f0:	9b1c      	ldr	r3, [sp, #112]	; 0x70
100036f2:	1d1a      	adds	r2, r3, #4
100036f4:	921c      	str	r2, [sp, #112]	; 0x70
100036f6:	681b      	ldr	r3, [r3, #0]
100036f8:	9300      	str	r3, [sp, #0]
100036fa:	9405      	str	r4, [sp, #20]
100036fc:	2308      	movs	r3, #8
100036fe:	9304      	str	r3, [sp, #16]
10003700:	4653      	mov	r3, sl
10003702:	9303      	str	r3, [sp, #12]
10003704:	2310      	movs	r3, #16
10003706:	9302      	str	r3, [sp, #8]
10003708:	2300      	movs	r3, #0
1000370a:	9301      	str	r3, [sp, #4]
1000370c:	4643      	mov	r3, r8
1000370e:	003a      	movs	r2, r7
10003710:	4659      	mov	r1, fp
10003712:	0028      	movs	r0, r5
10003714:	f7ff f89c 	bl	10002850 <_ntoa_long>
10003718:	0007      	movs	r7, r0
1000371a:	9b11      	ldr	r3, [sp, #68]	; 0x44
1000371c:	3301      	adds	r3, #1
1000371e:	9311      	str	r3, [sp, #68]	; 0x44
10003720:	e52a      	b.n	10003178 <_vsnprintf+0x20>
10003722:	1c7c      	adds	r4, r7, #1
10003724:	4643      	mov	r3, r8
10003726:	003a      	movs	r2, r7
10003728:	4659      	mov	r1, fp
1000372a:	2025      	movs	r0, #37	; 0x25
1000372c:	47a8      	blx	r5
1000372e:	9b11      	ldr	r3, [sp, #68]	; 0x44
10003730:	3301      	adds	r3, #1
10003732:	9311      	str	r3, [sp, #68]	; 0x44
10003734:	0027      	movs	r7, r4
10003736:	e51f      	b.n	10003178 <_vsnprintf+0x20>
10003738:	1c7c      	adds	r4, r7, #1
1000373a:	4643      	mov	r3, r8
1000373c:	003a      	movs	r2, r7
1000373e:	4659      	mov	r1, fp
10003740:	47a8      	blx	r5
10003742:	9b11      	ldr	r3, [sp, #68]	; 0x44
10003744:	3301      	adds	r3, #1
10003746:	9311      	str	r3, [sp, #68]	; 0x44
10003748:	0027      	movs	r7, r4
1000374a:	e515      	b.n	10003178 <_vsnprintf+0x20>
1000374c:	4b0a      	ldr	r3, [pc, #40]	; (10003778 <_vsnprintf+0x620>)
1000374e:	469a      	mov	sl, r3
10003750:	e510      	b.n	10003174 <_vsnprintf+0x1c>
10003752:	46aa      	mov	sl, r5
10003754:	4547      	cmp	r7, r8
10003756:	d302      	bcc.n	1000375e <_vsnprintf+0x606>
10003758:	4643      	mov	r3, r8
1000375a:	1e5a      	subs	r2, r3, #1
1000375c:	e000      	b.n	10003760 <_vsnprintf+0x608>
1000375e:	003a      	movs	r2, r7
10003760:	4643      	mov	r3, r8
10003762:	4659      	mov	r1, fp
10003764:	2000      	movs	r0, #0
10003766:	47d0      	blx	sl
10003768:	0038      	movs	r0, r7
1000376a:	b013      	add	sp, #76	; 0x4c
1000376c:	bcf0      	pop	{r4, r5, r6, r7}
1000376e:	46bb      	mov	fp, r7
10003770:	46b2      	mov	sl, r6
10003772:	46a9      	mov	r9, r5
10003774:	46a0      	mov	r8, r4
10003776:	bdf0      	pop	{r4, r5, r6, r7, pc}
10003778:	1000265d 	.word	0x1000265d

1000377c <vfctprintf>:
1000377c:	b500      	push	{lr}
1000377e:	b085      	sub	sp, #20
10003780:	9002      	str	r0, [sp, #8]
10003782:	9103      	str	r1, [sp, #12]
10003784:	2101      	movs	r1, #1
10003786:	9300      	str	r3, [sp, #0]
10003788:	0013      	movs	r3, r2
1000378a:	424a      	negs	r2, r1
1000378c:	a902      	add	r1, sp, #8
1000378e:	4802      	ldr	r0, [pc, #8]	; (10003798 <vfctprintf+0x1c>)
10003790:	f7ff fce2 	bl	10003158 <_vsnprintf>
10003794:	b005      	add	sp, #20
10003796:	bd00      	pop	{pc}
10003798:	1000265f 	.word	0x1000265f

1000379c <__aeabi_bits_init>:
1000379c:	4801      	ldr	r0, [pc, #4]	; (100037a4 <__aeabi_bits_init+0x8>)
1000379e:	2104      	movs	r1, #4
100037a0:	4b01      	ldr	r3, [pc, #4]	; (100037a8 <__aeabi_bits_init+0xc>)
100037a2:	4718      	bx	r3
100037a4:	200002e0 	.word	0x200002e0
100037a8:	100037cd 	.word	0x100037cd

100037ac <rom_func_lookup>:
100037ac:	b510      	push	{r4, lr}
100037ae:	0001      	movs	r1, r0
100037b0:	2318      	movs	r3, #24
100037b2:	881b      	ldrh	r3, [r3, #0]
100037b4:	2214      	movs	r2, #20
100037b6:	8810      	ldrh	r0, [r2, #0]
100037b8:	4798      	blx	r3
100037ba:	bd10      	pop	{r4, pc}

100037bc <rom_data_lookup>:
100037bc:	b510      	push	{r4, lr}
100037be:	0001      	movs	r1, r0
100037c0:	2318      	movs	r3, #24
100037c2:	881b      	ldrh	r3, [r3, #0]
100037c4:	2216      	movs	r2, #22
100037c6:	8810      	ldrh	r0, [r2, #0]
100037c8:	4798      	blx	r3
100037ca:	bd10      	pop	{r4, pc}

100037cc <rom_funcs_lookup>:
100037cc:	b5f0      	push	{r4, r5, r6, r7, lr}
100037ce:	46c6      	mov	lr, r8
100037d0:	b500      	push	{lr}
100037d2:	0007      	movs	r7, r0
100037d4:	000e      	movs	r6, r1
100037d6:	2500      	movs	r5, #0
100037d8:	2301      	movs	r3, #1
100037da:	4698      	mov	r8, r3
100037dc:	e000      	b.n	100037e0 <rom_funcs_lookup+0x14>
100037de:	3501      	adds	r5, #1
100037e0:	42b5      	cmp	r5, r6
100037e2:	d20a      	bcs.n	100037fa <rom_funcs_lookup+0x2e>
100037e4:	00ac      	lsls	r4, r5, #2
100037e6:	193c      	adds	r4, r7, r4
100037e8:	6820      	ldr	r0, [r4, #0]
100037ea:	f7ff ffdf 	bl	100037ac <rom_func_lookup>
100037ee:	6020      	str	r0, [r4, #0]
100037f0:	2800      	cmp	r0, #0
100037f2:	d1f4      	bne.n	100037de <rom_funcs_lookup+0x12>
100037f4:	2300      	movs	r3, #0
100037f6:	4698      	mov	r8, r3
100037f8:	e7f1      	b.n	100037de <rom_funcs_lookup+0x12>
100037fa:	4640      	mov	r0, r8
100037fc:	bc80      	pop	{r7}
100037fe:	46b8      	mov	r8, r7
10003800:	bdf0      	pop	{r4, r5, r6, r7, pc}
	...

10003804 <__wrap___aeabi_idiv>:
10003804:	4a12      	ldr	r2, [pc, #72]	; (10003850 <divmod_s32s32_savestate+0x18>)
10003806:	6f93      	ldr	r3, [r2, #120]	; 0x78
10003808:	089b      	lsrs	r3, r3, #2
1000380a:	d215      	bcs.n	10003838 <divmod_s32s32_savestate>

1000380c <divmod_s32s32_unsafe>:
1000380c:	6690      	str	r0, [r2, #104]	; 0x68
1000380e:	66d1      	str	r1, [r2, #108]	; 0x6c
10003810:	2900      	cmp	r1, #0
10003812:	d005      	beq.n	10003820 <divmod_s32s32_unsafe+0x14>
10003814:	e7ff      	b.n	10003816 <divmod_s32s32_unsafe+0xa>
10003816:	e7ff      	b.n	10003818 <divmod_s32s32_unsafe+0xc>
10003818:	e7ff      	b.n	1000381a <divmod_s32s32_unsafe+0xe>
1000381a:	6f51      	ldr	r1, [r2, #116]	; 0x74
1000381c:	6f10      	ldr	r0, [r2, #112]	; 0x70
1000381e:	4770      	bx	lr
10003820:	b504      	push	{r2, lr}
10003822:	2180      	movs	r1, #128	; 0x80
10003824:	0609      	lsls	r1, r1, #24
10003826:	17c2      	asrs	r2, r0, #31
10003828:	4051      	eors	r1, r2
1000382a:	2800      	cmp	r0, #0
1000382c:	d000      	beq.n	10003830 <divmod_s32s32_unsafe+0x24>
1000382e:	43c8      	mvns	r0, r1
10003830:	f001 fa4a 	bl	10004cc8 <____aeabi_idiv0_veneer>
10003834:	2100      	movs	r1, #0
10003836:	bd04      	pop	{r2, pc}

10003838 <divmod_s32s32_savestate>:
10003838:	b5f0      	push	{r4, r5, r6, r7, lr}
1000383a:	6e14      	ldr	r4, [r2, #96]	; 0x60
1000383c:	6e55      	ldr	r5, [r2, #100]	; 0x64
1000383e:	6f57      	ldr	r7, [r2, #116]	; 0x74
10003840:	6f16      	ldr	r6, [r2, #112]	; 0x70
10003842:	f7ff ffe3 	bl	1000380c <divmod_s32s32_unsafe>
10003846:	6614      	str	r4, [r2, #96]	; 0x60
10003848:	6655      	str	r5, [r2, #100]	; 0x64
1000384a:	6757      	str	r7, [r2, #116]	; 0x74
1000384c:	6716      	str	r6, [r2, #112]	; 0x70
1000384e:	bdf0      	pop	{r4, r5, r6, r7, pc}
10003850:	d0000000 	.word	0xd0000000

10003854 <__wrap___aeabi_uidiv>:
10003854:	4a11      	ldr	r2, [pc, #68]	; (1000389c <divmod_u32u32_savestate+0x18>)
10003856:	6f93      	ldr	r3, [r2, #120]	; 0x78
10003858:	089b      	lsrs	r3, r3, #2
1000385a:	d213      	bcs.n	10003884 <divmod_u32u32_savestate>

1000385c <divmod_u32u32_unsafe>:
1000385c:	6610      	str	r0, [r2, #96]	; 0x60
1000385e:	6651      	str	r1, [r2, #100]	; 0x64
10003860:	2900      	cmp	r1, #0
10003862:	d005      	beq.n	10003870 <divmod_u32u32_unsafe+0x14>
10003864:	e7ff      	b.n	10003866 <divmod_u32u32_unsafe+0xa>
10003866:	e7ff      	b.n	10003868 <divmod_u32u32_unsafe+0xc>
10003868:	e7ff      	b.n	1000386a <divmod_u32u32_unsafe+0xe>
1000386a:	6f51      	ldr	r1, [r2, #116]	; 0x74
1000386c:	6f10      	ldr	r0, [r2, #112]	; 0x70
1000386e:	4770      	bx	lr
10003870:	b504      	push	{r2, lr}
10003872:	2800      	cmp	r0, #0
10003874:	d001      	beq.n	1000387a <divmod_u32u32_unsafe+0x1e>
10003876:	2000      	movs	r0, #0
10003878:	43c0      	mvns	r0, r0
1000387a:	f001 fa25 	bl	10004cc8 <____aeabi_idiv0_veneer>
1000387e:	2100      	movs	r1, #0
10003880:	bd04      	pop	{r2, pc}
10003882:	46c0      	nop			; (mov r8, r8)

10003884 <divmod_u32u32_savestate>:
10003884:	b5f0      	push	{r4, r5, r6, r7, lr}
10003886:	6e14      	ldr	r4, [r2, #96]	; 0x60
10003888:	6e55      	ldr	r5, [r2, #100]	; 0x64
1000388a:	6f57      	ldr	r7, [r2, #116]	; 0x74
1000388c:	6f16      	ldr	r6, [r2, #112]	; 0x70
1000388e:	f7ff ffe5 	bl	1000385c <divmod_u32u32_unsafe>
10003892:	6614      	str	r4, [r2, #96]	; 0x60
10003894:	6655      	str	r5, [r2, #100]	; 0x64
10003896:	6757      	str	r7, [r2, #116]	; 0x74
10003898:	6716      	str	r6, [r2, #112]	; 0x70
1000389a:	bdf0      	pop	{r4, r5, r6, r7, pc}
1000389c:	d0000000 	.word	0xd0000000

100038a0 <__wrap___aeabi_ldivmod>:
100038a0:	4694      	mov	ip, r2
100038a2:	4a4a      	ldr	r2, [pc, #296]	; (100039cc <udiv0+0x1a>)
100038a4:	6f92      	ldr	r2, [r2, #120]	; 0x78
100038a6:	0892      	lsrs	r2, r2, #2
100038a8:	4662      	mov	r2, ip
100038aa:	d201      	bcs.n	100038b0 <divmod_s64s64_savestate>
100038ac:	e028      	b.n	10003900 <divmod_s64s64_unsafe>
100038ae:	46c0      	nop			; (mov r8, r8)

100038b0 <divmod_s64s64_savestate>:
100038b0:	b5f0      	push	{r4, r5, r6, r7, lr}
100038b2:	4e46      	ldr	r6, [pc, #280]	; (100039cc <udiv0+0x1a>)
100038b4:	6e34      	ldr	r4, [r6, #96]	; 0x60
100038b6:	6e75      	ldr	r5, [r6, #100]	; 0x64
100038b8:	6f77      	ldr	r7, [r6, #116]	; 0x74
100038ba:	6f36      	ldr	r6, [r6, #112]	; 0x70
100038bc:	f000 f820 	bl	10003900 <divmod_s64s64_unsafe>
100038c0:	4694      	mov	ip, r2
100038c2:	4a42      	ldr	r2, [pc, #264]	; (100039cc <udiv0+0x1a>)
100038c4:	6614      	str	r4, [r2, #96]	; 0x60
100038c6:	6655      	str	r5, [r2, #100]	; 0x64
100038c8:	6757      	str	r7, [r2, #116]	; 0x74
100038ca:	6716      	str	r6, [r2, #112]	; 0x70
100038cc:	4662      	mov	r2, ip
100038ce:	bdf0      	pop	{r4, r5, r6, r7, pc}

100038d0 <__wrap___aeabi_uldivmod>:
100038d0:	4694      	mov	ip, r2
100038d2:	4a3e      	ldr	r2, [pc, #248]	; (100039cc <udiv0+0x1a>)
100038d4:	6f92      	ldr	r2, [r2, #120]	; 0x78
100038d6:	0892      	lsrs	r2, r2, #2
100038d8:	4662      	mov	r2, ip
100038da:	d201      	bcs.n	100038e0 <divmod_u64u64_savestate>
100038dc:	e054      	b.n	10003988 <divmod_u64u64_unsafe>
100038de:	46c0      	nop			; (mov r8, r8)

100038e0 <divmod_u64u64_savestate>:
100038e0:	b5f0      	push	{r4, r5, r6, r7, lr}
100038e2:	4e3a      	ldr	r6, [pc, #232]	; (100039cc <udiv0+0x1a>)
100038e4:	6e34      	ldr	r4, [r6, #96]	; 0x60
100038e6:	6e75      	ldr	r5, [r6, #100]	; 0x64
100038e8:	6f77      	ldr	r7, [r6, #116]	; 0x74
100038ea:	6f36      	ldr	r6, [r6, #112]	; 0x70
100038ec:	f000 f84c 	bl	10003988 <divmod_u64u64_unsafe>
100038f0:	4694      	mov	ip, r2
100038f2:	4a36      	ldr	r2, [pc, #216]	; (100039cc <udiv0+0x1a>)
100038f4:	6614      	str	r4, [r2, #96]	; 0x60
100038f6:	6655      	str	r5, [r2, #100]	; 0x64
100038f8:	6757      	str	r7, [r2, #116]	; 0x74
100038fa:	6716      	str	r6, [r2, #112]	; 0x70
100038fc:	4662      	mov	r2, ip
100038fe:	bdf0      	pop	{r4, r5, r6, r7, pc}

10003900 <divmod_s64s64_unsafe>:
10003900:	2b00      	cmp	r3, #0
10003902:	db24      	blt.n	1000394e <l42_1+0x26>
10003904:	d011      	beq.n	1000392a <l42_1+0x2>
10003906:	2900      	cmp	r1, #0
10003908:	da3e      	bge.n	10003988 <divmod_u64u64_unsafe>
1000390a:	b500      	push	{lr}
1000390c:	43c9      	mvns	r1, r1
1000390e:	4240      	negs	r0, r0
10003910:	d100      	bne.n	10003914 <l40_1>
10003912:	3101      	adds	r1, #1

10003914 <l40_1>:
10003914:	f000 f838 	bl	10003988 <divmod_u64u64_unsafe>
10003918:	43c9      	mvns	r1, r1
1000391a:	4240      	negs	r0, r0
1000391c:	d100      	bne.n	10003920 <l41_1>
1000391e:	3101      	adds	r1, #1

10003920 <l41_1>:
10003920:	43db      	mvns	r3, r3
10003922:	4252      	negs	r2, r2
10003924:	d100      	bne.n	10003928 <l42_1>
10003926:	3301      	adds	r3, #1

10003928 <l42_1>:
10003928:	bd00      	pop	{pc}
1000392a:	2a00      	cmp	r2, #0
1000392c:	d1eb      	bne.n	10003906 <divmod_s64s64_unsafe+0x6>
1000392e:	2800      	cmp	r0, #0
10003930:	d101      	bne.n	10003936 <l42_1+0xe>
10003932:	2900      	cmp	r1, #0
10003934:	d005      	beq.n	10003942 <l42_1+0x1a>
10003936:	2000      	movs	r0, #0
10003938:	0fc9      	lsrs	r1, r1, #31
1000393a:	07c9      	lsls	r1, r1, #31
1000393c:	d101      	bne.n	10003942 <l42_1+0x1a>
1000393e:	43c0      	mvns	r0, r0
10003940:	0841      	lsrs	r1, r0, #1
10003942:	b500      	push	{lr}
10003944:	f001 f9b8 	bl	10004cb8 <____aeabi_ldiv0_veneer>
10003948:	2200      	movs	r2, #0
1000394a:	2300      	movs	r3, #0
1000394c:	bd00      	pop	{pc}
1000394e:	b500      	push	{lr}
10003950:	2900      	cmp	r1, #0
10003952:	db0a      	blt.n	1000396a <l44_1+0x2>
10003954:	43db      	mvns	r3, r3
10003956:	4252      	negs	r2, r2
10003958:	d100      	bne.n	1000395c <l43_1>
1000395a:	3301      	adds	r3, #1

1000395c <l43_1>:
1000395c:	f000 f814 	bl	10003988 <divmod_u64u64_unsafe>
10003960:	43c9      	mvns	r1, r1
10003962:	4240      	negs	r0, r0
10003964:	d100      	bne.n	10003968 <l44_1>
10003966:	3101      	adds	r1, #1

10003968 <l44_1>:
10003968:	bd00      	pop	{pc}
1000396a:	43c9      	mvns	r1, r1
1000396c:	4240      	negs	r0, r0
1000396e:	d100      	bne.n	10003972 <l45_1>
10003970:	3101      	adds	r1, #1

10003972 <l45_1>:
10003972:	43db      	mvns	r3, r3
10003974:	4252      	negs	r2, r2
10003976:	d100      	bne.n	1000397a <l46_1>
10003978:	3301      	adds	r3, #1

1000397a <l46_1>:
1000397a:	f000 f805 	bl	10003988 <divmod_u64u64_unsafe>
1000397e:	43db      	mvns	r3, r3
10003980:	4252      	negs	r2, r2
10003982:	d100      	bne.n	10003986 <l47_1>
10003984:	3301      	adds	r3, #1

10003986 <l47_1>:
10003986:	bd00      	pop	{pc}

10003988 <divmod_u64u64_unsafe>:
10003988:	2900      	cmp	r1, #0
1000398a:	d123      	bne.n	100039d4 <y64>
1000398c:	2b00      	cmp	r3, #0
1000398e:	d118      	bne.n	100039c2 <udiv0+0x10>
10003990:	2a00      	cmp	r2, #0
10003992:	d00c      	beq.n	100039ae <divmod_u64u64_unsafe+0x26>
10003994:	46bc      	mov	ip, r7
10003996:	4f0d      	ldr	r7, [pc, #52]	; (100039cc <udiv0+0x1a>)
10003998:	6638      	str	r0, [r7, #96]	; 0x60
1000399a:	667a      	str	r2, [r7, #100]	; 0x64
1000399c:	2100      	movs	r1, #0
1000399e:	2300      	movs	r3, #0
100039a0:	e7ff      	b.n	100039a2 <divmod_u64u64_unsafe+0x1a>
100039a2:	e7ff      	b.n	100039a4 <divmod_u64u64_unsafe+0x1c>
100039a4:	e7ff      	b.n	100039a6 <divmod_u64u64_unsafe+0x1e>
100039a6:	6f7a      	ldr	r2, [r7, #116]	; 0x74
100039a8:	6f38      	ldr	r0, [r7, #112]	; 0x70
100039aa:	4667      	mov	r7, ip
100039ac:	4770      	bx	lr
100039ae:	2800      	cmp	r0, #0
100039b0:	d001      	beq.n	100039b6 <udiv0+0x4>

100039b2 <udiv0>:
100039b2:	4807      	ldr	r0, [pc, #28]	; (100039d0 <udiv0+0x1e>)
100039b4:	0001      	movs	r1, r0
100039b6:	b500      	push	{lr}
100039b8:	f001 f97e 	bl	10004cb8 <____aeabi_ldiv0_veneer>
100039bc:	2200      	movs	r2, #0
100039be:	2300      	movs	r3, #0
100039c0:	bd00      	pop	{pc}
100039c2:	0002      	movs	r2, r0
100039c4:	000b      	movs	r3, r1
100039c6:	2000      	movs	r0, #0
100039c8:	2100      	movs	r1, #0
100039ca:	4770      	bx	lr
100039cc:	d0000000 	.word	0xd0000000
100039d0:	ffffffff 	.word	0xffffffff

100039d4 <y64>:
100039d4:	2b00      	cmp	r3, #0
100039d6:	d000      	beq.n	100039da <y64+0x6>
100039d8:	e0bf      	b.n	10003b5a <y64_x48>
100039da:	0c13      	lsrs	r3, r2, #16
100039dc:	d128      	bne.n	10003a30 <y64_x32>
100039de:	2a00      	cmp	r2, #0
100039e0:	d0e7      	beq.n	100039b2 <udiv0>
100039e2:	b480      	push	{r7}
100039e4:	4f11      	ldr	r7, [pc, #68]	; (10003a2c <y64+0x58>)
100039e6:	6639      	str	r1, [r7, #96]	; 0x60
100039e8:	667a      	str	r2, [r7, #100]	; 0x64
100039ea:	e7ff      	b.n	100039ec <y64+0x18>
100039ec:	e7ff      	b.n	100039ee <y64+0x1a>
100039ee:	b430      	push	{r4, r5}
100039f0:	0c04      	lsrs	r4, r0, #16
100039f2:	6f7b      	ldr	r3, [r7, #116]	; 0x74
100039f4:	6f39      	ldr	r1, [r7, #112]	; 0x70
100039f6:	041b      	lsls	r3, r3, #16
100039f8:	4323      	orrs	r3, r4
100039fa:	663b      	str	r3, [r7, #96]	; 0x60
100039fc:	667a      	str	r2, [r7, #100]	; 0x64
100039fe:	e7ff      	b.n	10003a00 <y64+0x2c>
10003a00:	e7ff      	b.n	10003a02 <y64+0x2e>
10003a02:	e7ff      	b.n	10003a04 <y64+0x30>
10003a04:	46c0      	nop			; (mov r8, r8)
10003a06:	b284      	uxth	r4, r0
10003a08:	6f7b      	ldr	r3, [r7, #116]	; 0x74
10003a0a:	6f3d      	ldr	r5, [r7, #112]	; 0x70
10003a0c:	041b      	lsls	r3, r3, #16
10003a0e:	4323      	orrs	r3, r4
10003a10:	663b      	str	r3, [r7, #96]	; 0x60
10003a12:	667a      	str	r2, [r7, #100]	; 0x64
10003a14:	e7ff      	b.n	10003a16 <y64+0x42>
10003a16:	e7ff      	b.n	10003a18 <y64+0x44>
10003a18:	46c0      	nop			; (mov r8, r8)
10003a1a:	2300      	movs	r3, #0
10003a1c:	042c      	lsls	r4, r5, #16
10003a1e:	0c2d      	lsrs	r5, r5, #16
10003a20:	6f7a      	ldr	r2, [r7, #116]	; 0x74
10003a22:	6f38      	ldr	r0, [r7, #112]	; 0x70
10003a24:	1900      	adds	r0, r0, r4
10003a26:	4169      	adcs	r1, r5
10003a28:	bcb0      	pop	{r4, r5, r7}
10003a2a:	4770      	bx	lr
10003a2c:	d0000000 	.word	0xd0000000

10003a30 <y64_x32>:
10003a30:	b5f0      	push	{r4, r5, r6, r7, lr}
10003a32:	4694      	mov	ip, r2
10003a34:	2500      	movs	r5, #0
10003a36:	0e14      	lsrs	r4, r2, #24
10003a38:	d101      	bne.n	10003a3e <y64_x32+0xe>
10003a3a:	0212      	lsls	r2, r2, #8
10003a3c:	3508      	adds	r5, #8
10003a3e:	0f14      	lsrs	r4, r2, #28
10003a40:	d101      	bne.n	10003a46 <y64_x32+0x16>
10003a42:	0112      	lsls	r2, r2, #4
10003a44:	3504      	adds	r5, #4
10003a46:	0f94      	lsrs	r4, r2, #30
10003a48:	d101      	bne.n	10003a4e <y64_x32+0x1e>
10003a4a:	0092      	lsls	r2, r2, #2
10003a4c:	3502      	adds	r5, #2
10003a4e:	0fd4      	lsrs	r4, r2, #31
10003a50:	d101      	bne.n	10003a56 <y64_x32+0x26>
10003a52:	0052      	lsls	r2, r2, #1
10003a54:	3501      	adds	r5, #1
10003a56:	0bd4      	lsrs	r4, r2, #15
10003a58:	3401      	adds	r4, #1
10003a5a:	4f25      	ldr	r7, [pc, #148]	; (10003af0 <y64_x32+0xc0>)
10003a5c:	667c      	str	r4, [r7, #100]	; 0x64
10003a5e:	4c25      	ldr	r4, [pc, #148]	; (10003af4 <y64_x32+0xc4>)
10003a60:	663c      	str	r4, [r7, #96]	; 0x60
10003a62:	0c0e      	lsrs	r6, r1, #16
10003a64:	b293      	uxth	r3, r2
10003a66:	e7ff      	b.n	10003a68 <y64_x32+0x38>
10003a68:	e7ff      	b.n	10003a6a <y64_x32+0x3a>
10003a6a:	e7ff      	b.n	10003a6c <y64_x32+0x3c>
10003a6c:	6f3c      	ldr	r4, [r7, #112]	; 0x70
10003a6e:	4366      	muls	r6, r4
10003a70:	0c36      	lsrs	r6, r6, #16
10003a72:	0377      	lsls	r7, r6, #13
10003a74:	46be      	mov	lr, r7
10003a76:	4373      	muls	r3, r6
10003a78:	0bdf      	lsrs	r7, r3, #15
10003a7a:	045b      	lsls	r3, r3, #17
10003a7c:	1ac0      	subs	r0, r0, r3
10003a7e:	41b9      	sbcs	r1, r7
10003a80:	0c13      	lsrs	r3, r2, #16
10003a82:	4373      	muls	r3, r6
10003a84:	18db      	adds	r3, r3, r3
10003a86:	1ac9      	subs	r1, r1, r3
10003a88:	08ce      	lsrs	r6, r1, #3
10003a8a:	4366      	muls	r6, r4
10003a8c:	0c36      	lsrs	r6, r6, #16
10003a8e:	44b6      	add	lr, r6
10003a90:	b293      	uxth	r3, r2
10003a92:	4373      	muls	r3, r6
10003a94:	0f1f      	lsrs	r7, r3, #28
10003a96:	011b      	lsls	r3, r3, #4
10003a98:	1ac0      	subs	r0, r0, r3
10003a9a:	41b9      	sbcs	r1, r7
10003a9c:	0c13      	lsrs	r3, r2, #16
10003a9e:	4373      	muls	r3, r6
10003aa0:	0b1f      	lsrs	r7, r3, #12
10003aa2:	051b      	lsls	r3, r3, #20
10003aa4:	1ac0      	subs	r0, r0, r3
10003aa6:	41b9      	sbcs	r1, r7
10003aa8:	0d86      	lsrs	r6, r0, #22
10003aaa:	028f      	lsls	r7, r1, #10
10003aac:	433e      	orrs	r6, r7
10003aae:	4366      	muls	r6, r4
10003ab0:	0c36      	lsrs	r6, r6, #16
10003ab2:	2d09      	cmp	r5, #9
10003ab4:	db24      	blt.n	10003b00 <last0>
10003ab6:	0a52      	lsrs	r2, r2, #9
10003ab8:	4372      	muls	r2, r6
10003aba:	1a80      	subs	r0, r0, r2
10003abc:	0377      	lsls	r7, r6, #13
10003abe:	0a46      	lsrs	r6, r0, #9
10003ac0:	4366      	muls	r6, r4
10003ac2:	0c36      	lsrs	r6, r6, #16
10003ac4:	2316      	movs	r3, #22
10003ac6:	1b5b      	subs	r3, r3, r5
10003ac8:	40de      	lsrs	r6, r3
10003aca:	40df      	lsrs	r7, r3
10003acc:	19bf      	adds	r7, r7, r6
10003ace:	4664      	mov	r4, ip
10003ad0:	4366      	muls	r6, r4
10003ad2:	1b82      	subs	r2, r0, r6
10003ad4:	4670      	mov	r0, lr
10003ad6:	3504      	adds	r5, #4
10003ad8:	3306      	adds	r3, #6
10003ada:	0001      	movs	r1, r0
10003adc:	40d9      	lsrs	r1, r3
10003ade:	40a8      	lsls	r0, r5
10003ae0:	19c0      	adds	r0, r0, r7
10003ae2:	d300      	bcc.n	10003ae6 <y64_x32+0xb6>
10003ae4:	3101      	adds	r1, #1
10003ae6:	42a2      	cmp	r2, r4
10003ae8:	d206      	bcs.n	10003af8 <y64_x32+0xc8>
10003aea:	2300      	movs	r3, #0
10003aec:	bdf0      	pop	{r4, r5, r6, r7, pc}
10003aee:	0000      	.short	0x0000
10003af0:	d0000000 	.word	0xd0000000
10003af4:	ffffffff 	.word	0xffffffff
10003af8:	1b12      	subs	r2, r2, r4
10003afa:	3001      	adds	r0, #1
10003afc:	d3f3      	bcc.n	10003ae6 <y64_x32+0xb6>
10003afe:	e7f1      	b.n	10003ae4 <y64_x32+0xb4>

10003b00 <last0>:
10003b00:	2709      	movs	r7, #9
10003b02:	1b7f      	subs	r7, r7, r5
10003b04:	40fe      	lsrs	r6, r7
10003b06:	4664      	mov	r4, ip
10003b08:	b2a2      	uxth	r2, r4
10003b0a:	4372      	muls	r2, r6
10003b0c:	1a80      	subs	r0, r0, r2
10003b0e:	d200      	bcs.n	10003b12 <last0+0x12>
10003b10:	3901      	subs	r1, #1
10003b12:	0c22      	lsrs	r2, r4, #16
10003b14:	4372      	muls	r2, r6
10003b16:	0c13      	lsrs	r3, r2, #16
10003b18:	0412      	lsls	r2, r2, #16
10003b1a:	1a82      	subs	r2, r0, r2
10003b1c:	4199      	sbcs	r1, r3
10003b1e:	000b      	movs	r3, r1
10003b20:	4670      	mov	r0, lr
10003b22:	3504      	adds	r5, #4
10003b24:	3713      	adds	r7, #19
10003b26:	0001      	movs	r1, r0
10003b28:	40f9      	lsrs	r1, r7
10003b2a:	40a8      	lsls	r0, r5
10003b2c:	1980      	adds	r0, r0, r6
10003b2e:	d300      	bcc.n	10003b32 <last0+0x32>
10003b30:	3101      	adds	r1, #1
10003b32:	2b00      	cmp	r3, #0
10003b34:	d102      	bne.n	10003b3c <last0+0x3c>
10003b36:	42a2      	cmp	r2, r4
10003b38:	d20a      	bcs.n	10003b50 <last0+0x50>
10003b3a:	bdf0      	pop	{r4, r5, r6, r7, pc}
10003b3c:	3001      	adds	r0, #1
10003b3e:	d300      	bcc.n	10003b42 <last0+0x42>
10003b40:	3101      	adds	r1, #1
10003b42:	1b12      	subs	r2, r2, r4
10003b44:	d2fa      	bcs.n	10003b3c <last0+0x3c>
10003b46:	3b01      	subs	r3, #1
10003b48:	d1f8      	bne.n	10003b3c <last0+0x3c>
10003b4a:	42a2      	cmp	r2, r4
10003b4c:	d200      	bcs.n	10003b50 <last0+0x50>
10003b4e:	bdf0      	pop	{r4, r5, r6, r7, pc}
10003b50:	3001      	adds	r0, #1
10003b52:	d300      	bcc.n	10003b56 <last0+0x56>
10003b54:	3101      	adds	r1, #1
10003b56:	1b12      	subs	r2, r2, r4
10003b58:	e7f7      	b.n	10003b4a <last0+0x4a>

10003b5a <y64_x48>:
10003b5a:	b5f0      	push	{r4, r5, r6, r7, lr}
10003b5c:	0c1c      	lsrs	r4, r3, #16
10003b5e:	d000      	beq.n	10003b62 <y64_x48+0x8>
10003b60:	e080      	b.n	10003c64 <y64_x64>
10003b62:	b40c      	push	{r2, r3}
10003b64:	2500      	movs	r5, #0
10003b66:	0a1c      	lsrs	r4, r3, #8
10003b68:	d104      	bne.n	10003b74 <y64_x48+0x1a>
10003b6a:	021b      	lsls	r3, r3, #8
10003b6c:	0e16      	lsrs	r6, r2, #24
10003b6e:	4333      	orrs	r3, r6
10003b70:	0212      	lsls	r2, r2, #8
10003b72:	3508      	adds	r5, #8
10003b74:	0b1c      	lsrs	r4, r3, #12
10003b76:	d104      	bne.n	10003b82 <y64_x48+0x28>
10003b78:	011b      	lsls	r3, r3, #4
10003b7a:	0f16      	lsrs	r6, r2, #28
10003b7c:	4333      	orrs	r3, r6
10003b7e:	0112      	lsls	r2, r2, #4
10003b80:	3504      	adds	r5, #4
10003b82:	0b9c      	lsrs	r4, r3, #14
10003b84:	d104      	bne.n	10003b90 <y64_x48+0x36>
10003b86:	009b      	lsls	r3, r3, #2
10003b88:	0f96      	lsrs	r6, r2, #30
10003b8a:	4333      	orrs	r3, r6
10003b8c:	0092      	lsls	r2, r2, #2
10003b8e:	3502      	adds	r5, #2
10003b90:	0bdc      	lsrs	r4, r3, #15
10003b92:	d102      	bne.n	10003b9a <y64_x48+0x40>
10003b94:	1892      	adds	r2, r2, r2
10003b96:	415b      	adcs	r3, r3
10003b98:	3501      	adds	r5, #1
10003b9a:	001c      	movs	r4, r3
10003b9c:	1897      	adds	r7, r2, r2
10003b9e:	4164      	adcs	r4, r4
10003ba0:	3401      	adds	r4, #1
10003ba2:	4f46      	ldr	r7, [pc, #280]	; (10003cbc <y64_x64+0x58>)
10003ba4:	667c      	str	r4, [r7, #100]	; 0x64
10003ba6:	4c46      	ldr	r4, [pc, #280]	; (10003cc0 <y64_x64+0x5c>)
10003ba8:	663c      	str	r4, [r7, #96]	; 0x60
10003baa:	0c0e      	lsrs	r6, r1, #16
10003bac:	e7ff      	b.n	10003bae <y64_x48+0x54>
10003bae:	e7ff      	b.n	10003bb0 <y64_x48+0x56>
10003bb0:	e7ff      	b.n	10003bb2 <y64_x48+0x58>
10003bb2:	46c0      	nop			; (mov r8, r8)
10003bb4:	6f3c      	ldr	r4, [r7, #112]	; 0x70
10003bb6:	4366      	muls	r6, r4
10003bb8:	0c36      	lsrs	r6, r6, #16
10003bba:	0377      	lsls	r7, r6, #13
10003bbc:	46be      	mov	lr, r7
10003bbe:	b297      	uxth	r7, r2
10003bc0:	4377      	muls	r7, r6
10003bc2:	1bc0      	subs	r0, r0, r7
10003bc4:	d200      	bcs.n	10003bc8 <y64_x48+0x6e>
10003bc6:	3901      	subs	r1, #1
10003bc8:	1bc0      	subs	r0, r0, r7
10003bca:	d200      	bcs.n	10003bce <y64_x48+0x74>
10003bcc:	3901      	subs	r1, #1
10003bce:	b29f      	uxth	r7, r3
10003bd0:	4377      	muls	r7, r6
10003bd2:	1bc9      	subs	r1, r1, r7
10003bd4:	1bc9      	subs	r1, r1, r7
10003bd6:	0c17      	lsrs	r7, r2, #16
10003bd8:	4377      	muls	r7, r6
10003bda:	047e      	lsls	r6, r7, #17
10003bdc:	0bff      	lsrs	r7, r7, #15
10003bde:	1b80      	subs	r0, r0, r6
10003be0:	41b9      	sbcs	r1, r7
10003be2:	08ce      	lsrs	r6, r1, #3
10003be4:	4366      	muls	r6, r4
10003be6:	0c36      	lsrs	r6, r6, #16
10003be8:	2d0c      	cmp	r5, #12
10003bea:	db33      	blt.n	10003c54 <last1>
10003bec:	44b6      	add	lr, r6
10003bee:	0b12      	lsrs	r2, r2, #12
10003bf0:	051f      	lsls	r7, r3, #20
10003bf2:	433a      	orrs	r2, r7
10003bf4:	0b1b      	lsrs	r3, r3, #12
10003bf6:	b297      	uxth	r7, r2
10003bf8:	4377      	muls	r7, r6
10003bfa:	1bc0      	subs	r0, r0, r7
10003bfc:	d200      	bcs.n	10003c00 <y64_x48+0xa6>
10003bfe:	3901      	subs	r1, #1
10003c00:	b29f      	uxth	r7, r3
10003c02:	4377      	muls	r7, r6
10003c04:	1bc9      	subs	r1, r1, r7
10003c06:	0c17      	lsrs	r7, r2, #16
10003c08:	4377      	muls	r7, r6
10003c0a:	043e      	lsls	r6, r7, #16
10003c0c:	0c3f      	lsrs	r7, r7, #16
10003c0e:	1b80      	subs	r0, r0, r6
10003c10:	41b9      	sbcs	r1, r7
10003c12:	0d86      	lsrs	r6, r0, #22
10003c14:	028f      	lsls	r7, r1, #10
10003c16:	433e      	orrs	r6, r7
10003c18:	4366      	muls	r6, r4
10003c1a:	2729      	movs	r7, #41	; 0x29
10003c1c:	1b7f      	subs	r7, r7, r5
10003c1e:	40fe      	lsrs	r6, r7
10003c20:	3d0c      	subs	r5, #12
10003c22:	4677      	mov	r7, lr
10003c24:	40af      	lsls	r7, r5
10003c26:	19bf      	adds	r7, r7, r6
10003c28:	bc30      	pop	{r4, r5}
10003c2a:	b2a2      	uxth	r2, r4
10003c2c:	b2ab      	uxth	r3, r5
10003c2e:	4372      	muls	r2, r6
10003c30:	4373      	muls	r3, r6
10003c32:	1a80      	subs	r0, r0, r2
10003c34:	4199      	sbcs	r1, r3
10003c36:	0c22      	lsrs	r2, r4, #16
10003c38:	4372      	muls	r2, r6
10003c3a:	0c13      	lsrs	r3, r2, #16
10003c3c:	0412      	lsls	r2, r2, #16
10003c3e:	1a80      	subs	r0, r0, r2
10003c40:	4199      	sbcs	r1, r3
10003c42:	0002      	movs	r2, r0
10003c44:	000b      	movs	r3, r1
10003c46:	3701      	adds	r7, #1
10003c48:	1b00      	subs	r0, r0, r4
10003c4a:	41a9      	sbcs	r1, r5
10003c4c:	d2f9      	bcs.n	10003c42 <y64_x48+0xe8>
10003c4e:	1e78      	subs	r0, r7, #1
10003c50:	2100      	movs	r1, #0
10003c52:	bdf0      	pop	{r4, r5, r6, r7, pc}

10003c54 <last1>:
10003c54:	270c      	movs	r7, #12
10003c56:	1b7f      	subs	r7, r7, r5
10003c58:	40fe      	lsrs	r6, r7
10003c5a:	4677      	mov	r7, lr
10003c5c:	0b7f      	lsrs	r7, r7, #13
10003c5e:	40af      	lsls	r7, r5
10003c60:	19ff      	adds	r7, r7, r7
10003c62:	e7e0      	b.n	10003c26 <y64_x48+0xcc>

10003c64 <y64_x64>:
10003c64:	2400      	movs	r4, #0
10003c66:	1c5d      	adds	r5, r3, #1
10003c68:	d007      	beq.n	10003c7a <y64_x64+0x16>
10003c6a:	4f14      	ldr	r7, [pc, #80]	; (10003cbc <y64_x64+0x58>)
10003c6c:	667d      	str	r5, [r7, #100]	; 0x64
10003c6e:	6639      	str	r1, [r7, #96]	; 0x60
10003c70:	e7ff      	b.n	10003c72 <y64_x64+0xe>
10003c72:	e7ff      	b.n	10003c74 <y64_x64+0x10>
10003c74:	e7ff      	b.n	10003c76 <y64_x64+0x12>
10003c76:	e7ff      	b.n	10003c78 <y64_x64+0x14>
10003c78:	6f3c      	ldr	r4, [r7, #112]	; 0x70
10003c7a:	b295      	uxth	r5, r2
10003c7c:	b29e      	uxth	r6, r3
10003c7e:	4365      	muls	r5, r4
10003c80:	4366      	muls	r6, r4
10003c82:	1b40      	subs	r0, r0, r5
10003c84:	41b1      	sbcs	r1, r6
10003c86:	0c15      	lsrs	r5, r2, #16
10003c88:	0c1e      	lsrs	r6, r3, #16
10003c8a:	4365      	muls	r5, r4
10003c8c:	4366      	muls	r6, r4
10003c8e:	0436      	lsls	r6, r6, #16
10003c90:	0c2f      	lsrs	r7, r5, #16
10003c92:	433e      	orrs	r6, r7
10003c94:	042d      	lsls	r5, r5, #16
10003c96:	1b40      	subs	r0, r0, r5
10003c98:	41b1      	sbcs	r1, r6
10003c9a:	4299      	cmp	r1, r3
10003c9c:	d204      	bcs.n	10003ca8 <y64_x64+0x44>
10003c9e:	0002      	movs	r2, r0
10003ca0:	000b      	movs	r3, r1
10003ca2:	0020      	movs	r0, r4
10003ca4:	2100      	movs	r1, #0
10003ca6:	bdf0      	pop	{r4, r5, r6, r7, pc}
10003ca8:	d101      	bne.n	10003cae <y64_x64+0x4a>
10003caa:	4290      	cmp	r0, r2
10003cac:	d3f7      	bcc.n	10003c9e <y64_x64+0x3a>
10003cae:	1a80      	subs	r0, r0, r2
10003cb0:	4199      	sbcs	r1, r3
10003cb2:	3401      	adds	r4, #1
10003cb4:	4299      	cmp	r1, r3
10003cb6:	d3f2      	bcc.n	10003c9e <y64_x64+0x3a>
10003cb8:	e7f6      	b.n	10003ca8 <y64_x64+0x44>
10003cba:	0000      	.short	0x0000
10003cbc:	d0000000 	.word	0xd0000000
10003cc0:	ffffffff 	.word	0xffffffff

10003cc4 <__wrap___aeabi_drsub>:
10003cc4:	4048      	eors	r0, r1
10003cc6:	4041      	eors	r1, r0
10003cc8:	4048      	eors	r0, r1

10003cca <__wrap___aeabi_dsub>:
10003cca:	b418      	push	{r3, r4}
10003ccc:	4b1b      	ldr	r3, [pc, #108]	; (10003d3c <__wrap___aeabi_dmul+0x12>)
10003cce:	685b      	ldr	r3, [r3, #4]
10003cd0:	46fc      	mov	ip, pc
10003cd2:	9301      	str	r3, [sp, #4]
10003cd4:	bd08      	pop	{r3, pc}
10003cd6:	df04      	.short	0xdf04
10003cd8:	10003f9f 	.word	0x10003f9f

10003cdc <__wrap___aeabi_dadd>:
10003cdc:	b418      	push	{r3, r4}
10003cde:	4b17      	ldr	r3, [pc, #92]	; (10003d3c <__wrap___aeabi_dmul+0x12>)
10003ce0:	681b      	ldr	r3, [r3, #0]
10003ce2:	46fc      	mov	ip, pc
10003ce4:	9301      	str	r3, [sp, #4]
10003ce6:	bd08      	pop	{r3, pc}
10003ce8:	3fa9df00 	.word	0x3fa9df00
10003cec:	1000      	.short	0x1000

10003cee <__wrap___aeabi_ddiv>:
10003cee:	4694      	mov	ip, r2
10003cf0:	4a13      	ldr	r2, [pc, #76]	; (10003d40 <__wrap___aeabi_dmul+0x16>)
10003cf2:	6f92      	ldr	r2, [r2, #120]	; 0x78
10003cf4:	0892      	lsrs	r2, r2, #2
10003cf6:	d209      	bcs.n	10003d0c <ddiv_save_state>
10003cf8:	4662      	mov	r2, ip

10003cfa <ddiv_shim_call>:
10003cfa:	b418      	push	{r3, r4}
10003cfc:	4b0f      	ldr	r3, [pc, #60]	; (10003d3c <__wrap___aeabi_dmul+0x12>)
10003cfe:	68db      	ldr	r3, [r3, #12]
10003d00:	46fc      	mov	ip, pc
10003d02:	9301      	str	r3, [sp, #4]
10003d04:	bd08      	pop	{r3, pc}
10003d06:	df0c      	.short	0xdf0c
10003d08:	10004261 	.word	0x10004261

10003d0c <ddiv_save_state>:
10003d0c:	4a0c      	ldr	r2, [pc, #48]	; (10003d40 <__wrap___aeabi_dmul+0x16>)
10003d0e:	b5f0      	push	{r4, r5, r6, r7, lr}
10003d10:	6e14      	ldr	r4, [r2, #96]	; 0x60
10003d12:	6e55      	ldr	r5, [r2, #100]	; 0x64
10003d14:	6f57      	ldr	r7, [r2, #116]	; 0x74
10003d16:	6f16      	ldr	r6, [r2, #112]	; 0x70
10003d18:	4662      	mov	r2, ip
10003d1a:	f7ff ffee 	bl	10003cfa <ddiv_shim_call>
10003d1e:	4a08      	ldr	r2, [pc, #32]	; (10003d40 <__wrap___aeabi_dmul+0x16>)
10003d20:	6614      	str	r4, [r2, #96]	; 0x60
10003d22:	6655      	str	r5, [r2, #100]	; 0x64
10003d24:	6757      	str	r7, [r2, #116]	; 0x74
10003d26:	6716      	str	r6, [r2, #112]	; 0x70
10003d28:	bdf0      	pop	{r4, r5, r6, r7, pc}

10003d2a <__wrap___aeabi_dmul>:
10003d2a:	b418      	push	{r3, r4}
10003d2c:	4b03      	ldr	r3, [pc, #12]	; (10003d3c <__wrap___aeabi_dmul+0x12>)
10003d2e:	689b      	ldr	r3, [r3, #8]
10003d30:	46fc      	mov	ip, pc
10003d32:	9301      	str	r3, [sp, #4]
10003d34:	bd08      	pop	{r3, pc}
10003d36:	df08      	.short	0xdf08
10003d38:	10004105 	.word	0x10004105
10003d3c:	200004f4 	.word	0x200004f4
10003d40:	d0000000 	.word	0xd0000000

10003d44 <__wrap___aeabi_cdrcmple>:
10003d44:	b5ff      	push	{r0, r1, r2, r3, r4, r5, r6, r7, lr}
10003d46:	4050      	eors	r0, r2
10003d48:	4042      	eors	r2, r0
10003d4a:	4050      	eors	r0, r2
10003d4c:	4059      	eors	r1, r3
10003d4e:	404b      	eors	r3, r1
10003d50:	4059      	eors	r1, r3
10003d52:	e000      	b.n	10003d56 <__aeabi_dfcmple_guts>

10003d54 <__wrap___aeabi_cdcmpeq>:
10003d54:	b5ff      	push	{r0, r1, r2, r3, r4, r5, r6, r7, lr}

10003d56 <__aeabi_dfcmple_guts>:
10003d56:	4f15      	ldr	r7, [pc, #84]	; (10003dac <__aeabi_dfcmple_guts+0x56>)
10003d58:	004c      	lsls	r4, r1, #1
10003d5a:	0d64      	lsrs	r4, r4, #21
10003d5c:	d003      	beq.n	10003d66 <__aeabi_dfcmple_guts+0x10>
10003d5e:	42bc      	cmp	r4, r7
10003d60:	d104      	bne.n	10003d6c <__aeabi_dfcmple_guts+0x16>
10003d62:	030c      	lsls	r4, r1, #12
10003d64:	d814      	bhi.n	10003d90 <__aeabi_dfcmple_guts+0x3a>
10003d66:	2000      	movs	r0, #0
10003d68:	0d09      	lsrs	r1, r1, #20
10003d6a:	0509      	lsls	r1, r1, #20
10003d6c:	005c      	lsls	r4, r3, #1
10003d6e:	0d64      	lsrs	r4, r4, #21
10003d70:	d003      	beq.n	10003d7a <__aeabi_dfcmple_guts+0x24>
10003d72:	42bc      	cmp	r4, r7
10003d74:	d104      	bne.n	10003d80 <__aeabi_dfcmple_guts+0x2a>
10003d76:	031c      	lsls	r4, r3, #12
10003d78:	d80a      	bhi.n	10003d90 <__aeabi_dfcmple_guts+0x3a>
10003d7a:	2200      	movs	r2, #0
10003d7c:	0d1b      	lsrs	r3, r3, #20
10003d7e:	051b      	lsls	r3, r3, #20
10003d80:	2601      	movs	r6, #1
10003d82:	404b      	eors	r3, r1
10003d84:	d409      	bmi.n	10003d9a <__aeabi_dfcmple_guts+0x44>
10003d86:	404b      	eors	r3, r1
10003d88:	d503      	bpl.n	10003d92 <__aeabi_dfcmple_guts+0x3c>
10003d8a:	428b      	cmp	r3, r1
10003d8c:	d100      	bne.n	10003d90 <__aeabi_dfcmple_guts+0x3a>
10003d8e:	4282      	cmp	r2, r0
10003d90:	bdff      	pop	{r0, r1, r2, r3, r4, r5, r6, r7, pc}
10003d92:	4299      	cmp	r1, r3
10003d94:	d1fc      	bne.n	10003d90 <__aeabi_dfcmple_guts+0x3a>
10003d96:	4290      	cmp	r0, r2
10003d98:	bdff      	pop	{r0, r1, r2, r3, r4, r5, r6, r7, pc}
10003d9a:	430b      	orrs	r3, r1
10003d9c:	18db      	adds	r3, r3, r3
10003d9e:	4303      	orrs	r3, r0
10003da0:	4313      	orrs	r3, r2
10003da2:	d0f5      	beq.n	10003d90 <__aeabi_dfcmple_guts+0x3a>
10003da4:	43c9      	mvns	r1, r1
10003da6:	1849      	adds	r1, r1, r1
10003da8:	bdff      	pop	{r0, r1, r2, r3, r4, r5, r6, r7, pc}
10003daa:	0000      	.short	0x0000
10003dac:	000007ff 	.word	0x000007ff

10003db0 <__wrap___aeabi_dcmplt>:
10003db0:	b500      	push	{lr}
10003db2:	f7ff ffcf 	bl	10003d54 <__wrap___aeabi_cdcmpeq>
10003db6:	4180      	sbcs	r0, r0
10003db8:	bd00      	pop	{pc}
10003dba:	46c0      	nop			; (mov r8, r8)

10003dbc <__wrap___aeabi_dcmple>:
10003dbc:	b500      	push	{lr}
10003dbe:	f7ff ffc9 	bl	10003d54 <__wrap___aeabi_cdcmpeq>
10003dc2:	d901      	bls.n	10003dc8 <__wrap___aeabi_dcmple+0xc>
10003dc4:	2000      	movs	r0, #0
10003dc6:	bd00      	pop	{pc}
10003dc8:	2001      	movs	r0, #1
10003dca:	bd00      	pop	{pc}

10003dcc <__wrap___aeabi_dcmpge>:
10003dcc:	b500      	push	{lr}
10003dce:	f7ff ffb9 	bl	10003d44 <__wrap___aeabi_cdrcmple>
10003dd2:	d901      	bls.n	10003dd8 <__wrap___aeabi_dcmpge+0xc>
10003dd4:	2000      	movs	r0, #0
10003dd6:	bd00      	pop	{pc}
10003dd8:	2001      	movs	r0, #1
10003dda:	bd00      	pop	{pc}

10003ddc <__wrap___aeabi_dcmpgt>:
10003ddc:	b500      	push	{lr}
10003dde:	f7ff ffb1 	bl	10003d44 <__wrap___aeabi_cdrcmple>
10003de2:	4180      	sbcs	r0, r0
10003de4:	bd00      	pop	{pc}

10003de6 <__wrap___aeabi_dcmpun>:
10003de6:	2001      	movs	r0, #1
10003de8:	0540      	lsls	r0, r0, #21
10003dea:	004a      	lsls	r2, r1, #1
10003dec:	1812      	adds	r2, r2, r0
10003dee:	d804      	bhi.n	10003dfa <__wrap___aeabi_dcmpun+0x14>
10003df0:	005a      	lsls	r2, r3, #1
10003df2:	1812      	adds	r2, r2, r0
10003df4:	d801      	bhi.n	10003dfa <__wrap___aeabi_dcmpun+0x14>
10003df6:	2000      	movs	r0, #0
10003df8:	4770      	bx	lr
10003dfa:	2001      	movs	r0, #1
10003dfc:	4770      	bx	lr
10003dfe:	2000      	movs	r0, #0
10003e00:	4770      	bx	lr
	...

10003e04 <__wrap___aeabi_ui2d>:
10003e04:	2100      	movs	r1, #0
10003e06:	2800      	cmp	r0, #0
10003e08:	d105      	bne.n	10003e16 <__wrap___aeabi_i2d+0xa>
10003e0a:	4770      	bx	lr

10003e0c <__wrap___aeabi_i2d>:
10003e0c:	17c1      	asrs	r1, r0, #31
10003e0e:	4048      	eors	r0, r1
10003e10:	1a40      	subs	r0, r0, r1
10003e12:	d0fa      	beq.n	10003e0a <__wrap___aeabi_ui2d+0x6>
10003e14:	07c9      	lsls	r1, r1, #31
10003e16:	b513      	push	{r0, r1, r4, lr}
10003e18:	4b06      	ldr	r3, [pc, #24]	; (10003e34 <__wrap___aeabi_i2d+0x28>)
10003e1a:	681b      	ldr	r3, [r3, #0]
10003e1c:	4798      	blx	r3
10003e1e:	bc0c      	pop	{r2, r3}
10003e20:	1c44      	adds	r4, r0, #1
10003e22:	40a2      	lsls	r2, r4
10003e24:	0510      	lsls	r0, r2, #20
10003e26:	0b12      	lsrs	r2, r2, #12
10003e28:	4903      	ldr	r1, [pc, #12]	; (10003e38 <__wrap___aeabi_i2d+0x2c>)
10003e2a:	1b09      	subs	r1, r1, r4
10003e2c:	0509      	lsls	r1, r1, #20
10003e2e:	4319      	orrs	r1, r3
10003e30:	4311      	orrs	r1, r2
10003e32:	bd10      	pop	{r4, pc}
10003e34:	200005f4 	.word	0x200005f4
10003e38:	0000041f 	.word	0x0000041f

10003e3c <__wrap___aeabi_d2iz>:
10003e3c:	b510      	push	{r4, lr}
10003e3e:	004c      	lsls	r4, r1, #1
10003e40:	0d62      	lsrs	r2, r4, #21
10003e42:	2380      	movs	r3, #128	; 0x80
10003e44:	18d2      	adds	r2, r2, r3
10003e46:	00db      	lsls	r3, r3, #3
10003e48:	1ad2      	subs	r2, r2, r3
10003e4a:	055b      	lsls	r3, r3, #21
10003e4c:	2a7e      	cmp	r2, #126	; 0x7e
10003e4e:	dd10      	ble.n	10003e72 <__wrap___aeabi_d2iz+0x36>
10003e50:	3a9e      	subs	r2, #158	; 0x9e
10003e52:	da13      	bge.n	10003e7c <__wrap___aeabi_d2iz+0x40>
10003e54:	17cc      	asrs	r4, r1, #31
10003e56:	0309      	lsls	r1, r1, #12
10003e58:	0849      	lsrs	r1, r1, #1
10003e5a:	4319      	orrs	r1, r3
10003e5c:	4252      	negs	r2, r2
10003e5e:	40d1      	lsrs	r1, r2
10003e60:	0064      	lsls	r4, r4, #1
10003e62:	3401      	adds	r4, #1
10003e64:	3215      	adds	r2, #21
10003e66:	2a20      	cmp	r2, #32
10003e68:	da05      	bge.n	10003e76 <__wrap___aeabi_d2iz+0x3a>
10003e6a:	40d0      	lsrs	r0, r2
10003e6c:	4308      	orrs	r0, r1
10003e6e:	4360      	muls	r0, r4
10003e70:	bd10      	pop	{r4, pc}
10003e72:	2000      	movs	r0, #0
10003e74:	bd10      	pop	{r4, pc}
10003e76:	4608      	mov	r0, r1
10003e78:	4360      	muls	r0, r4
10003e7a:	bd10      	pop	{r4, pc}
10003e7c:	0fc8      	lsrs	r0, r1, #31
10003e7e:	18c0      	adds	r0, r0, r3
10003e80:	3801      	subs	r0, #1
10003e82:	bd10      	pop	{r4, pc}

10003e84 <__wrap___aeabi_d2uiz>:
10003e84:	b418      	push	{r3, r4}
10003e86:	4b04      	ldr	r3, [pc, #16]	; (10003e98 <__wrap___aeabi_d2uiz+0x14>)
10003e88:	6a5b      	ldr	r3, [r3, #36]	; 0x24
10003e8a:	46fc      	mov	ip, pc
10003e8c:	9301      	str	r3, [sp, #4]
10003e8e:	bd08      	pop	{r3, pc}
10003e90:	4411df24 	.word	0x4411df24
10003e94:	00001000 	.word	0x00001000
10003e98:	200004f4 	.word	0x200004f4

10003e9c <__aeabi_double_init>:
10003e9c:	b570      	push	{r4, r5, r6, lr}
10003e9e:	2313      	movs	r3, #19
10003ea0:	781c      	ldrb	r4, [r3, #0]
10003ea2:	2c01      	cmp	r4, #1
10003ea4:	d014      	beq.n	10003ed0 <__aeabi_double_init+0x34>
10003ea6:	2c01      	cmp	r4, #1
10003ea8:	dc14      	bgt.n	10003ed4 <__aeabi_double_init+0x38>
10003eaa:	2c02      	cmp	r4, #2
10003eac:	dc02      	bgt.n	10003eb4 <__aeabi_double_init+0x18>
10003eae:	4a1f      	ldr	r2, [pc, #124]	; (10003f2c <__aeabi_double_init+0x90>)
10003eb0:	4b1f      	ldr	r3, [pc, #124]	; (10003f30 <__aeabi_double_init+0x94>)
10003eb2:	649a      	str	r2, [r3, #72]	; 0x48
10003eb4:	481f      	ldr	r0, [pc, #124]	; (10003f34 <__aeabi_double_init+0x98>)
10003eb6:	f7ff fc79 	bl	100037ac <rom_func_lookup>
10003eba:	4b1f      	ldr	r3, [pc, #124]	; (10003f38 <__aeabi_double_init+0x9c>)
10003ebc:	6018      	str	r0, [r3, #0]
10003ebe:	bd70      	pop	{r4, r5, r6, pc}
10003ec0:	0099      	lsls	r1, r3, #2
10003ec2:	481a      	ldr	r0, [pc, #104]	; (10003f2c <__aeabi_double_init+0x90>)
10003ec4:	4a1a      	ldr	r2, [pc, #104]	; (10003f30 <__aeabi_double_init+0x94>)
10003ec6:	5088      	str	r0, [r1, r2]
10003ec8:	3301      	adds	r3, #1
10003eca:	2b1f      	cmp	r3, #31
10003ecc:	d9f8      	bls.n	10003ec0 <__aeabi_double_init+0x24>
10003ece:	e7ea      	b.n	10003ea6 <__aeabi_double_init+0xa>
10003ed0:	2300      	movs	r3, #0
10003ed2:	e7fa      	b.n	10003eca <__aeabi_double_init+0x2e>
10003ed4:	4819      	ldr	r0, [pc, #100]	; (10003f3c <__aeabi_double_init+0xa0>)
10003ed6:	f7ff fc71 	bl	100037bc <rom_data_lookup>
10003eda:	0005      	movs	r5, r0
10003edc:	4818      	ldr	r0, [pc, #96]	; (10003f40 <__aeabi_double_init+0xa4>)
10003ede:	f7ff fc6d 	bl	100037bc <rom_data_lookup>
10003ee2:	3802      	subs	r0, #2
10003ee4:	7803      	ldrb	r3, [r0, #0]
10003ee6:	009b      	lsls	r3, r3, #2
10003ee8:	2b7f      	cmp	r3, #127	; 0x7f
10003eea:	dd19      	ble.n	10003f20 <__aeabi_double_init+0x84>
10003eec:	2280      	movs	r2, #128	; 0x80
10003eee:	0029      	movs	r1, r5
10003ef0:	480f      	ldr	r0, [pc, #60]	; (10003f30 <__aeabi_double_init+0x94>)
10003ef2:	f000 fba5 	bl	10004640 <__wrap___aeabi_memcpy>
10003ef6:	2c02      	cmp	r4, #2
10003ef8:	d1d7      	bne.n	10003eaa <__aeabi_double_init+0xe>
10003efa:	4b12      	ldr	r3, [pc, #72]	; (10003f44 <__aeabi_double_init+0xa8>)
10003efc:	881a      	ldrh	r2, [r3, #0]
10003efe:	23b5      	movs	r3, #181	; 0xb5
10003f00:	021b      	lsls	r3, r3, #8
10003f02:	429a      	cmp	r2, r3
10003f04:	d109      	bne.n	10003f1a <__aeabi_double_init+0x7e>
10003f06:	4b10      	ldr	r3, [pc, #64]	; (10003f48 <__aeabi_double_init+0xac>)
10003f08:	881a      	ldrh	r2, [r3, #0]
10003f0a:	4b10      	ldr	r3, [pc, #64]	; (10003f4c <__aeabi_double_init+0xb0>)
10003f0c:	429a      	cmp	r2, r3
10003f0e:	d104      	bne.n	10003f1a <__aeabi_double_init+0x7e>
10003f10:	4b0f      	ldr	r3, [pc, #60]	; (10003f50 <__aeabi_double_init+0xb4>)
10003f12:	881a      	ldrh	r2, [r3, #0]
10003f14:	4b0f      	ldr	r3, [pc, #60]	; (10003f54 <__aeabi_double_init+0xb8>)
10003f16:	429a      	cmp	r2, r3
10003f18:	d0c7      	beq.n	10003eaa <__aeabi_double_init+0xe>
10003f1a:	2000      	movs	r0, #0
10003f1c:	f7fe fb86 	bl	1000262c <panic>
10003f20:	4b0d      	ldr	r3, [pc, #52]	; (10003f58 <__aeabi_double_init+0xbc>)
10003f22:	4a0e      	ldr	r2, [pc, #56]	; (10003f5c <__aeabi_double_init+0xc0>)
10003f24:	2132      	movs	r1, #50	; 0x32
10003f26:	480e      	ldr	r0, [pc, #56]	; (10003f60 <__aeabi_double_init+0xc4>)
10003f28:	f7fe fae6 	bl	100024f8 <__assert_func>
10003f2c:	10003f65 	.word	0x10003f65
10003f30:	200004f4 	.word	0x200004f4
10003f34:	0000334c 	.word	0x0000334c
10003f38:	200005f4 	.word	0x200005f4
10003f3c:	00004453 	.word	0x00004453
10003f40:	00004653 	.word	0x00004653
10003f44:	00003854 	.word	0x00003854
10003f48:	000038d8 	.word	0x000038d8
10003f4c:	00004649 	.word	0x00004649
10003f50:	0000389c 	.word	0x0000389c
10003f54:	00004659 	.word	0x00004659
10003f58:	10005b78 	.word	0x10005b78
10003f5c:	10005c30 	.word	0x10005c30
10003f60:	10005bcc 	.word	0x10005bcc

10003f64 <double_table_shim_on_use_helper>:
10003f64:	b507      	push	{r0, r1, r2, lr}
10003f66:	4660      	mov	r0, ip
10003f68:	2800      	cmp	r0, #0
10003f6a:	d100      	bne.n	10003f6e <double_table_shim_on_use_helper+0xa>
10003f6c:	be00      	bkpt	0x0000
10003f6e:	8801      	ldrh	r1, [r0, #0]
10003f70:	0a0a      	lsrs	r2, r1, #8
10003f72:	3002      	adds	r0, #2
10003f74:	2adf      	cmp	r2, #223	; 0xdf
10003f76:	d1fa      	bne.n	10003f6e <double_table_shim_on_use_helper+0xa>
10003f78:	b2c9      	uxtb	r1, r1
10003f7a:	0882      	lsrs	r2, r0, #2
10003f7c:	d304      	bcc.n	10003f88 <double_table_shim_on_use_helper+0x24>
10003f7e:	8802      	ldrh	r2, [r0, #0]
10003f80:	8840      	ldrh	r0, [r0, #2]
10003f82:	0400      	lsls	r0, r0, #16
10003f84:	4310      	orrs	r0, r2
10003f86:	e000      	b.n	10003f8a <double_table_shim_on_use_helper+0x26>
10003f88:	6800      	ldr	r0, [r0, #0]
10003f8a:	4a02      	ldr	r2, [pc, #8]	; (10003f94 <double_table_shim_on_use_helper+0x30>)
10003f8c:	5050      	str	r0, [r2, r1]
10003f8e:	9003      	str	r0, [sp, #12]
10003f90:	bd07      	pop	{r0, r1, r2, pc}
10003f92:	0000      	.short	0x0000
10003f94:	200004f4 	.word	0x200004f4

10003f98 <drsub_shim>:
10003f98:	b40f      	push	{r0, r1, r2, r3}
10003f9a:	bc03      	pop	{r0, r1}
10003f9c:	bc0c      	pop	{r2, r3}

10003f9e <dsub_shim>:
10003f9e:	b5f0      	push	{r4, r5, r6, r7, lr}
10003fa0:	2401      	movs	r4, #1
10003fa2:	07e4      	lsls	r4, r4, #31
10003fa4:	4063      	eors	r3, r4
10003fa6:	e000      	b.n	10003faa <da_entry>

10003fa8 <dadd_shim>:
10003fa8:	b5f0      	push	{r4, r5, r6, r7, lr}

10003faa <da_entry>:
10003faa:	0d0c      	lsrs	r4, r1, #20
10003fac:	0fcf      	lsrs	r7, r1, #31
10003fae:	1e66      	subs	r6, r4, #1
10003fb0:	0536      	lsls	r6, r6, #20
10003fb2:	1b89      	subs	r1, r1, r6
10003fb4:	0564      	lsls	r4, r4, #21
10003fb6:	d303      	bcc.n	10003fc0 <l8_1>
10003fb8:	43c9      	mvns	r1, r1
10003fba:	4240      	negs	r0, r0
10003fbc:	d300      	bcc.n	10003fc0 <l8_1>
10003fbe:	3101      	adds	r1, #1

10003fc0 <l8_1>:
10003fc0:	0d64      	lsrs	r4, r4, #21
10003fc2:	d003      	beq.n	10003fcc <l8_2>
10003fc4:	1c66      	adds	r6, r4, #1
10003fc6:	0af6      	lsrs	r6, r6, #11
10003fc8:	d007      	beq.n	10003fda <l8_3>
10003fca:	1be4      	subs	r4, r4, r7

10003fcc <l8_2>:
10003fcc:	2000      	movs	r0, #0
10003fce:	007f      	lsls	r7, r7, #1
10003fd0:	1c79      	adds	r1, r7, #1
10003fd2:	0789      	lsls	r1, r1, #30
10003fd4:	1289      	asrs	r1, r1, #10
10003fd6:	3c80      	subs	r4, #128	; 0x80
10003fd8:	0324      	lsls	r4, r4, #12

10003fda <l8_3>:
10003fda:	0d1d      	lsrs	r5, r3, #20
10003fdc:	0fdf      	lsrs	r7, r3, #31
10003fde:	1e6e      	subs	r6, r5, #1
10003fe0:	0536      	lsls	r6, r6, #20
10003fe2:	1b9b      	subs	r3, r3, r6
10003fe4:	056d      	lsls	r5, r5, #21
10003fe6:	d303      	bcc.n	10003ff0 <l9_1>
10003fe8:	43db      	mvns	r3, r3
10003fea:	4252      	negs	r2, r2
10003fec:	d300      	bcc.n	10003ff0 <l9_1>
10003fee:	3301      	adds	r3, #1

10003ff0 <l9_1>:
10003ff0:	0d6d      	lsrs	r5, r5, #21
10003ff2:	d003      	beq.n	10003ffc <l9_2>
10003ff4:	1c6e      	adds	r6, r5, #1
10003ff6:	0af6      	lsrs	r6, r6, #11
10003ff8:	d007      	beq.n	1000400a <l9_3>
10003ffa:	1bed      	subs	r5, r5, r7

10003ffc <l9_2>:
10003ffc:	2200      	movs	r2, #0
10003ffe:	007f      	lsls	r7, r7, #1
10004000:	1c7b      	adds	r3, r7, #1
10004002:	079b      	lsls	r3, r3, #30
10004004:	129b      	asrs	r3, r3, #10
10004006:	3d80      	subs	r5, #128	; 0x80
10004008:	032d      	lsls	r5, r5, #12

1000400a <l9_3>:
1000400a:	1b2f      	subs	r7, r5, r4
1000400c:	1b66      	subs	r6, r4, r5
1000400e:	d458      	bmi.n	100040c2 <da_ygtx>
10004010:	46a4      	mov	ip, r4
10004012:	2e20      	cmp	r6, #32
10004014:	da46      	bge.n	100040a4 <da_xrgty>
10004016:	3720      	adds	r7, #32
10004018:	0014      	movs	r4, r2
1000401a:	40bc      	lsls	r4, r7

1000401c <da_xgty0>:
1000401c:	001d      	movs	r5, r3
1000401e:	40bd      	lsls	r5, r7
10004020:	40f2      	lsrs	r2, r6
10004022:	4133      	asrs	r3, r6
10004024:	432a      	orrs	r2, r5

10004026 <da_add>:
10004026:	1880      	adds	r0, r0, r2
10004028:	4159      	adcs	r1, r3

1000402a <da_pack>:
1000402a:	0fcb      	lsrs	r3, r1, #31
1000402c:	d005      	beq.n	1000403a <da_pack+0x10>
1000402e:	43c9      	mvns	r1, r1
10004030:	43c0      	mvns	r0, r0
10004032:	2200      	movs	r2, #0
10004034:	4264      	negs	r4, r4
10004036:	4150      	adcs	r0, r2
10004038:	4151      	adcs	r1, r2
1000403a:	4662      	mov	r2, ip
1000403c:	0d4d      	lsrs	r5, r1, #21
1000403e:	d128      	bne.n	10004092 <da_0>
10004040:	0d0d      	lsrs	r5, r1, #20
10004042:	d107      	bne.n	10004054 <da_1>
10004044:	2800      	cmp	r0, #0
10004046:	d01f      	beq.n	10004088 <da_5>

10004048 <da_2>:
10004048:	1924      	adds	r4, r4, r4
1000404a:	4140      	adcs	r0, r0
1000404c:	4149      	adcs	r1, r1
1000404e:	3a01      	subs	r2, #1
10004050:	0d0d      	lsrs	r5, r1, #20
10004052:	d0f9      	beq.n	10004048 <da_2>

10004054 <da_1>:
10004054:	0064      	lsls	r4, r4, #1
10004056:	d306      	bcc.n	10004066 <da_3>

10004058 <da_4>:
10004058:	3001      	adds	r0, #1
1000405a:	d300      	bcc.n	1000405e <da_4+0x6>
1000405c:	3101      	adds	r1, #1
1000405e:	2c00      	cmp	r4, #0
10004060:	d101      	bne.n	10004066 <da_3>
10004062:	0840      	lsrs	r0, r0, #1
10004064:	0040      	lsls	r0, r0, #1

10004066 <da_3>:
10004066:	3a01      	subs	r2, #1
10004068:	d40b      	bmi.n	10004082 <da_6>
1000406a:	1c94      	adds	r4, r2, #2
1000406c:	0ae4      	lsrs	r4, r4, #11
1000406e:	d104      	bne.n	1000407a <da_7>
10004070:	0512      	lsls	r2, r2, #20
10004072:	4411      	add	r1, r2
10004074:	07db      	lsls	r3, r3, #31
10004076:	4419      	add	r1, r3
10004078:	bdf0      	pop	{r4, r5, r6, r7, pc}

1000407a <da_7>:
1000407a:	07d9      	lsls	r1, r3, #31
1000407c:	4b20      	ldr	r3, [pc, #128]	; (10004100 <da_xmgty+0x4>)
1000407e:	4319      	orrs	r1, r3
10004080:	e000      	b.n	10004084 <da_6+0x2>

10004082 <da_6>:
10004082:	07d9      	lsls	r1, r3, #31
10004084:	2000      	movs	r0, #0
10004086:	bdf0      	pop	{r4, r5, r6, r7, pc}

10004088 <da_5>:
10004088:	2900      	cmp	r1, #0
1000408a:	d1dd      	bne.n	10004048 <da_2>
1000408c:	2c00      	cmp	r4, #0
1000408e:	d1db      	bne.n	10004048 <da_2>
10004090:	bdf0      	pop	{r4, r5, r6, r7, pc}

10004092 <da_0>:
10004092:	3201      	adds	r2, #1
10004094:	07c6      	lsls	r6, r0, #31
10004096:	0840      	lsrs	r0, r0, #1
10004098:	07cd      	lsls	r5, r1, #31
1000409a:	4328      	orrs	r0, r5
1000409c:	0849      	lsrs	r1, r1, #1
1000409e:	2e00      	cmp	r6, #0
100040a0:	d0e1      	beq.n	10004066 <da_3>
100040a2:	e7d9      	b.n	10004058 <da_4>

100040a4 <da_xrgty>:
100040a4:	2e3c      	cmp	r6, #60	; 0x3c
100040a6:	da29      	bge.n	100040fc <da_xmgty>
100040a8:	3e20      	subs	r6, #32
100040aa:	3740      	adds	r7, #64	; 0x40
100040ac:	0014      	movs	r4, r2
100040ae:	40bc      	lsls	r4, r7
100040b0:	d000      	beq.n	100040b4 <da_xrgty+0x10>
100040b2:	2401      	movs	r4, #1
100040b4:	40f2      	lsrs	r2, r6
100040b6:	4314      	orrs	r4, r2
100040b8:	001a      	movs	r2, r3
100040ba:	40bb      	lsls	r3, r7
100040bc:	431c      	orrs	r4, r3
100040be:	17d3      	asrs	r3, r2, #31
100040c0:	e7ac      	b.n	1000401c <da_xgty0>

100040c2 <da_ygtx>:
100040c2:	46ac      	mov	ip, r5
100040c4:	2f20      	cmp	r7, #32
100040c6:	da08      	bge.n	100040da <da_yrgtx>
100040c8:	3620      	adds	r6, #32
100040ca:	0004      	movs	r4, r0
100040cc:	40b4      	lsls	r4, r6

100040ce <da_ygtx0>:
100040ce:	000d      	movs	r5, r1
100040d0:	40b5      	lsls	r5, r6
100040d2:	40f8      	lsrs	r0, r7
100040d4:	4139      	asrs	r1, r7
100040d6:	4328      	orrs	r0, r5
100040d8:	e7a5      	b.n	10004026 <da_add>

100040da <da_yrgtx>:
100040da:	2f3c      	cmp	r7, #60	; 0x3c
100040dc:	da0c      	bge.n	100040f8 <da_ymgtx>
100040de:	3f20      	subs	r7, #32
100040e0:	3640      	adds	r6, #64	; 0x40
100040e2:	0004      	movs	r4, r0
100040e4:	40b4      	lsls	r4, r6
100040e6:	d000      	beq.n	100040ea <da_yrgtx+0x10>
100040e8:	2401      	movs	r4, #1
100040ea:	40f8      	lsrs	r0, r7
100040ec:	4304      	orrs	r4, r0
100040ee:	0008      	movs	r0, r1
100040f0:	40b1      	lsls	r1, r6
100040f2:	430c      	orrs	r4, r1
100040f4:	17c1      	asrs	r1, r0, #31
100040f6:	e7ea      	b.n	100040ce <da_ygtx0>

100040f8 <da_ymgtx>:
100040f8:	0010      	movs	r0, r2
100040fa:	0019      	movs	r1, r3

100040fc <da_xmgty>:
100040fc:	2400      	movs	r4, #0
100040fe:	e794      	b.n	1000402a <da_pack>
10004100:	7ff00000 	.word	0x7ff00000

10004104 <dmul_shim>:
10004104:	b5f0      	push	{r4, r5, r6, r7, lr}
10004106:	0d0c      	lsrs	r4, r1, #20
10004108:	1e66      	subs	r6, r4, #1
1000410a:	0536      	lsls	r6, r6, #20
1000410c:	1b89      	subs	r1, r1, r6
1000410e:	0ae6      	lsrs	r6, r4, #11
10004110:	0564      	lsls	r4, r4, #21
10004112:	0d64      	lsrs	r4, r4, #21
10004114:	d002      	beq.n	1000411c <l12_1>
10004116:	1c65      	adds	r5, r4, #1
10004118:	0aed      	lsrs	r5, r5, #11
1000411a:	d004      	beq.n	10004126 <l12_2>

1000411c <l12_1>:
1000411c:	2000      	movs	r0, #0
1000411e:	2101      	movs	r1, #1
10004120:	0509      	lsls	r1, r1, #20
10004122:	3c80      	subs	r4, #128	; 0x80
10004124:	0324      	lsls	r4, r4, #12

10004126 <l12_2>:
10004126:	46a4      	mov	ip, r4
10004128:	0d1c      	lsrs	r4, r3, #20
1000412a:	1e67      	subs	r7, r4, #1
1000412c:	053f      	lsls	r7, r7, #20
1000412e:	1bdb      	subs	r3, r3, r7
10004130:	0ae7      	lsrs	r7, r4, #11
10004132:	0564      	lsls	r4, r4, #21
10004134:	0d64      	lsrs	r4, r4, #21
10004136:	d002      	beq.n	1000413e <l13_1>
10004138:	1c65      	adds	r5, r4, #1
1000413a:	0aed      	lsrs	r5, r5, #11
1000413c:	d004      	beq.n	10004148 <l13_2>

1000413e <l13_1>:
1000413e:	2200      	movs	r2, #0
10004140:	2301      	movs	r3, #1
10004142:	051b      	lsls	r3, r3, #20
10004144:	3c80      	subs	r4, #128	; 0x80
10004146:	0324      	lsls	r4, r4, #12

10004148 <l13_2>:
10004148:	4077      	eors	r7, r6
1000414a:	4464      	add	r4, ip
1000414c:	b497      	push	{r0, r1, r2, r4, r7}
1000414e:	b284      	uxth	r4, r0
10004150:	b296      	uxth	r6, r2
10004152:	4374      	muls	r4, r6
10004154:	0c07      	lsrs	r7, r0, #16
10004156:	437e      	muls	r6, r7
10004158:	0c15      	lsrs	r5, r2, #16
1000415a:	436f      	muls	r7, r5
1000415c:	b280      	uxth	r0, r0
1000415e:	4368      	muls	r0, r5
10004160:	1836      	adds	r6, r6, r0
10004162:	d302      	bcc.n	1000416a <l14_1>
10004164:	2001      	movs	r0, #1
10004166:	0400      	lsls	r0, r0, #16
10004168:	183f      	adds	r7, r7, r0

1000416a <l14_1>:
1000416a:	0430      	lsls	r0, r6, #16
1000416c:	0c35      	lsrs	r5, r6, #16
1000416e:	1900      	adds	r0, r0, r4
10004170:	417d      	adcs	r5, r7
10004172:	4684      	mov	ip, r0
10004174:	b288      	uxth	r0, r1
10004176:	b29a      	uxth	r2, r3
10004178:	4350      	muls	r0, r2
1000417a:	0c0c      	lsrs	r4, r1, #16
1000417c:	4362      	muls	r2, r4
1000417e:	0c1f      	lsrs	r7, r3, #16
10004180:	437c      	muls	r4, r7
10004182:	b28e      	uxth	r6, r1
10004184:	437e      	muls	r6, r7
10004186:	1992      	adds	r2, r2, r6
10004188:	d302      	bcc.n	10004190 <l15_1>
1000418a:	2601      	movs	r6, #1
1000418c:	0436      	lsls	r6, r6, #16
1000418e:	19a4      	adds	r4, r4, r6

10004190 <l15_1>:
10004190:	0416      	lsls	r6, r2, #16
10004192:	0c17      	lsrs	r7, r2, #16
10004194:	1836      	adds	r6, r6, r0
10004196:	4167      	adcs	r7, r4
10004198:	bc01      	pop	{r0}
1000419a:	b281      	uxth	r1, r0
1000419c:	b29a      	uxth	r2, r3
1000419e:	4351      	muls	r1, r2
100041a0:	0c04      	lsrs	r4, r0, #16
100041a2:	4362      	muls	r2, r4
100041a4:	0c1b      	lsrs	r3, r3, #16
100041a6:	435c      	muls	r4, r3
100041a8:	b280      	uxth	r0, r0
100041aa:	4358      	muls	r0, r3
100041ac:	1812      	adds	r2, r2, r0
100041ae:	d302      	bcc.n	100041b6 <l16_1>
100041b0:	2001      	movs	r0, #1
100041b2:	0400      	lsls	r0, r0, #16
100041b4:	1824      	adds	r4, r4, r0

100041b6 <l16_1>:
100041b6:	0410      	lsls	r0, r2, #16
100041b8:	0c13      	lsrs	r3, r2, #16
100041ba:	1840      	adds	r0, r0, r1
100041bc:	4163      	adcs	r3, r4
100041be:	182d      	adds	r5, r5, r0
100041c0:	415e      	adcs	r6, r3
100041c2:	2000      	movs	r0, #0
100041c4:	4147      	adcs	r7, r0
100041c6:	bc06      	pop	{r1, r2}
100041c8:	b288      	uxth	r0, r1
100041ca:	b293      	uxth	r3, r2
100041cc:	4358      	muls	r0, r3
100041ce:	0c0c      	lsrs	r4, r1, #16
100041d0:	4363      	muls	r3, r4
100041d2:	0c12      	lsrs	r2, r2, #16
100041d4:	4354      	muls	r4, r2
100041d6:	b289      	uxth	r1, r1
100041d8:	4351      	muls	r1, r2
100041da:	185b      	adds	r3, r3, r1
100041dc:	d302      	bcc.n	100041e4 <l17_1>
100041de:	2101      	movs	r1, #1
100041e0:	0409      	lsls	r1, r1, #16
100041e2:	1864      	adds	r4, r4, r1

100041e4 <l17_1>:
100041e4:	0419      	lsls	r1, r3, #16
100041e6:	0c1a      	lsrs	r2, r3, #16
100041e8:	1809      	adds	r1, r1, r0
100041ea:	4162      	adcs	r2, r4
100041ec:	186d      	adds	r5, r5, r1
100041ee:	4156      	adcs	r6, r2
100041f0:	2000      	movs	r0, #0
100041f2:	4147      	adcs	r7, r0
100041f4:	bc18      	pop	{r3, r4}
100041f6:	02f9      	lsls	r1, r7, #11
100041f8:	0d72      	lsrs	r2, r6, #21
100041fa:	4311      	orrs	r1, r2
100041fc:	02f0      	lsls	r0, r6, #11
100041fe:	0d6a      	lsrs	r2, r5, #21
10004200:	4310      	orrs	r0, r2
10004202:	02ed      	lsls	r5, r5, #11
10004204:	0d0a      	lsrs	r2, r1, #20
10004206:	d103      	bne.n	10004210 <l17_1+0x2c>
10004208:	196d      	adds	r5, r5, r5
1000420a:	4140      	adcs	r0, r0
1000420c:	4149      	adcs	r1, r1
1000420e:	3b01      	subs	r3, #1
10004210:	4e12      	ldr	r6, [pc, #72]	; (1000425c <dm_1+0xa>)
10004212:	1b9b      	subs	r3, r3, r6
10004214:	0076      	lsls	r6, r6, #1
10004216:	42b3      	cmp	r3, r6
10004218:	d20e      	bcs.n	10004238 <dm_0>
1000421a:	006d      	lsls	r5, r5, #1
1000421c:	d307      	bcc.n	1000422e <l17_1+0x4a>
1000421e:	3001      	adds	r0, #1
10004220:	2600      	movs	r6, #0
10004222:	4171      	adcs	r1, r6
10004224:	4666      	mov	r6, ip
10004226:	4335      	orrs	r5, r6
10004228:	d101      	bne.n	1000422e <l17_1+0x4a>
1000422a:	0840      	lsrs	r0, r0, #1
1000422c:	0040      	lsls	r0, r0, #1
1000422e:	051b      	lsls	r3, r3, #20
10004230:	18c9      	adds	r1, r1, r3

10004232 <dm_2>:
10004232:	07e4      	lsls	r4, r4, #31
10004234:	4421      	add	r1, r4
10004236:	bdf0      	pop	{r4, r5, r6, r7, pc}

10004238 <dm_0>:
10004238:	da0b      	bge.n	10004252 <dm_1>
1000423a:	3301      	adds	r3, #1
1000423c:	d106      	bne.n	1000424c <dm_0+0x14>
1000423e:	3001      	adds	r0, #1
10004240:	d104      	bne.n	1000424c <dm_0+0x14>
10004242:	3101      	adds	r1, #1
10004244:	0d4f      	lsrs	r7, r1, #21
10004246:	d001      	beq.n	1000424c <dm_0+0x14>
10004248:	0849      	lsrs	r1, r1, #1
1000424a:	e7f2      	b.n	10004232 <dm_2>
1000424c:	07e1      	lsls	r1, r4, #31
1000424e:	2000      	movs	r0, #0
10004250:	bdf0      	pop	{r4, r5, r6, r7, pc}

10004252 <dm_1>:
10004252:	3601      	adds	r6, #1
10004254:	0531      	lsls	r1, r6, #20
10004256:	2000      	movs	r0, #0
10004258:	e7eb      	b.n	10004232 <dm_2>
1000425a:	0000      	.short	0x0000
1000425c:	000003ff 	.word	0x000003ff

10004260 <ddiv_shim>:
10004260:	b5f0      	push	{r4, r5, r6, r7, lr}

10004262 <ddiv0>:
10004262:	0d1c      	lsrs	r4, r3, #20
10004264:	1e67      	subs	r7, r4, #1
10004266:	053f      	lsls	r7, r7, #20
10004268:	1bdb      	subs	r3, r3, r7
1000426a:	0ae7      	lsrs	r7, r4, #11
1000426c:	0564      	lsls	r4, r4, #21
1000426e:	0d64      	lsrs	r4, r4, #21
10004270:	d002      	beq.n	10004278 <l20_1>
10004272:	1c66      	adds	r6, r4, #1
10004274:	0af6      	lsrs	r6, r6, #11
10004276:	d004      	beq.n	10004282 <l20_2>

10004278 <l20_1>:
10004278:	2200      	movs	r2, #0
1000427a:	2301      	movs	r3, #1
1000427c:	051b      	lsls	r3, r3, #20
1000427e:	3c80      	subs	r4, #128	; 0x80
10004280:	0324      	lsls	r4, r4, #12

10004282 <l20_2>:
10004282:	25d0      	movs	r5, #208	; 0xd0
10004284:	062d      	lsls	r5, r5, #24
10004286:	2600      	movs	r6, #0
10004288:	43f6      	mvns	r6, r6
1000428a:	662e      	str	r6, [r5, #96]	; 0x60
1000428c:	091e      	lsrs	r6, r3, #4
1000428e:	666e      	str	r6, [r5, #100]	; 0x64
10004290:	0fce      	lsrs	r6, r1, #31
10004292:	19f6      	adds	r6, r6, r7
10004294:	46b4      	mov	ip, r6
10004296:	0049      	lsls	r1, r1, #1
10004298:	0d4f      	lsrs	r7, r1, #21
1000429a:	d002      	beq.n	100042a2 <l20_2+0x20>
1000429c:	1c7e      	adds	r6, r7, #1
1000429e:	0af6      	lsrs	r6, r6, #11
100042a0:	d003      	beq.n	100042aa <l20_2+0x28>
100042a2:	2000      	movs	r0, #0
100042a4:	2100      	movs	r1, #0
100042a6:	3f40      	subs	r7, #64	; 0x40
100042a8:	033f      	lsls	r7, r7, #12
100042aa:	1b3e      	subs	r6, r7, r4
100042ac:	00b6      	lsls	r6, r6, #2
100042ae:	44b4      	add	ip, r6
100042b0:	3f01      	subs	r7, #1
100042b2:	057f      	lsls	r7, r7, #21
100042b4:	1bc9      	subs	r1, r1, r7
100042b6:	0849      	lsrs	r1, r1, #1
100042b8:	6f2e      	ldr	r6, [r5, #112]	; 0x70
100042ba:	3601      	adds	r6, #1
100042bc:	0876      	lsrs	r6, r6, #1
100042be:	029c      	lsls	r4, r3, #10
100042c0:	0d95      	lsrs	r5, r2, #22
100042c2:	4325      	orrs	r5, r4
100042c4:	4375      	muls	r5, r6
100042c6:	13ed      	asrs	r5, r5, #15
100042c8:	4375      	muls	r5, r6
100042ca:	13ad      	asrs	r5, r5, #14
100042cc:	3501      	adds	r5, #1
100042ce:	106d      	asrs	r5, r5, #1
100042d0:	03f6      	lsls	r6, r6, #15
100042d2:	1b76      	subs	r6, r6, r5
100042d4:	b40c      	push	{r2, r3}
100042d6:	02cc      	lsls	r4, r1, #11
100042d8:	0d45      	lsrs	r5, r0, #21
100042da:	432c      	orrs	r4, r5
100042dc:	b2a2      	uxth	r2, r4
100042de:	b2b3      	uxth	r3, r6
100042e0:	435a      	muls	r2, r3
100042e2:	0c27      	lsrs	r7, r4, #16
100042e4:	437b      	muls	r3, r7
100042e6:	0c35      	lsrs	r5, r6, #16
100042e8:	436f      	muls	r7, r5
100042ea:	b2a4      	uxth	r4, r4
100042ec:	436c      	muls	r4, r5
100042ee:	191b      	adds	r3, r3, r4
100042f0:	d302      	bcc.n	100042f8 <l21_1>
100042f2:	2401      	movs	r4, #1
100042f4:	0424      	lsls	r4, r4, #16
100042f6:	193f      	adds	r7, r7, r4

100042f8 <l21_1>:
100042f8:	041c      	lsls	r4, r3, #16
100042fa:	0c1d      	lsrs	r5, r3, #16
100042fc:	18a4      	adds	r4, r4, r2
100042fe:	417d      	adcs	r5, r7
10004300:	1924      	adds	r4, r4, r4
10004302:	416d      	adcs	r5, r5
10004304:	9a00      	ldr	r2, [sp, #0]
10004306:	b291      	uxth	r1, r2
10004308:	b2ac      	uxth	r4, r5
1000430a:	4361      	muls	r1, r4
1000430c:	0c17      	lsrs	r7, r2, #16
1000430e:	437c      	muls	r4, r7
10004310:	0c2b      	lsrs	r3, r5, #16
10004312:	435f      	muls	r7, r3
10004314:	b292      	uxth	r2, r2
10004316:	435a      	muls	r2, r3
10004318:	18a4      	adds	r4, r4, r2
1000431a:	d302      	bcc.n	10004322 <l22_1>
1000431c:	2201      	movs	r2, #1
1000431e:	0412      	lsls	r2, r2, #16
10004320:	18bf      	adds	r7, r7, r2

10004322 <l22_1>:
10004322:	0422      	lsls	r2, r4, #16
10004324:	0c23      	lsrs	r3, r4, #16
10004326:	1852      	adds	r2, r2, r1
10004328:	417b      	adcs	r3, r7
1000432a:	9c01      	ldr	r4, [sp, #4]
1000432c:	436c      	muls	r4, r5
1000432e:	191b      	adds	r3, r3, r4
10004330:	0e52      	lsrs	r2, r2, #25
10004332:	01d9      	lsls	r1, r3, #7
10004334:	430a      	orrs	r2, r1
10004336:	0144      	lsls	r4, r0, #5
10004338:	1aa0      	subs	r0, r4, r2
1000433a:	b281      	uxth	r1, r0
1000433c:	b2b2      	uxth	r2, r6
1000433e:	4351      	muls	r1, r2
10004340:	1403      	asrs	r3, r0, #16
10004342:	435a      	muls	r2, r3
10004344:	0c36      	lsrs	r6, r6, #16
10004346:	4373      	muls	r3, r6
10004348:	b287      	uxth	r7, r0
1000434a:	4377      	muls	r7, r6
1000434c:	17d6      	asrs	r6, r2, #31
1000434e:	19d2      	adds	r2, r2, r7
10004350:	2700      	movs	r7, #0
10004352:	417e      	adcs	r6, r7
10004354:	0436      	lsls	r6, r6, #16
10004356:	199b      	adds	r3, r3, r6
10004358:	0417      	lsls	r7, r2, #16
1000435a:	0c16      	lsrs	r6, r2, #16
1000435c:	187f      	adds	r7, r7, r1
1000435e:	415e      	adcs	r6, r3
10004360:	1673      	asrs	r3, r6, #25
10004362:	18ed      	adds	r5, r5, r3
10004364:	01f3      	lsls	r3, r6, #7
10004366:	2600      	movs	r6, #0
10004368:	3380      	adds	r3, #128	; 0x80
1000436a:	4175      	adcs	r5, r6
1000436c:	0fa9      	lsrs	r1, r5, #30
1000436e:	d106      	bne.n	1000437e <dd_0>
10004370:	0064      	lsls	r4, r4, #1
10004372:	0a69      	lsrs	r1, r5, #9
10004374:	05e8      	lsls	r0, r5, #23
10004376:	0a5b      	lsrs	r3, r3, #9
10004378:	4318      	orrs	r0, r3
1000437a:	d209      	bcs.n	10004390 <dd_1>
1000437c:	e02f      	b.n	100043de <dd_2>

1000437e <dd_0>:
1000437e:	2204      	movs	r2, #4
10004380:	4494      	add	ip, r2
10004382:	3380      	adds	r3, #128	; 0x80
10004384:	4175      	adcs	r5, r6
10004386:	0aa9      	lsrs	r1, r5, #10
10004388:	05a8      	lsls	r0, r5, #22
1000438a:	0a9b      	lsrs	r3, r3, #10
1000438c:	4318      	orrs	r0, r3
1000438e:	d326      	bcc.n	100043de <dd_2>

10004390 <dd_1>:
10004390:	4140      	adcs	r0, r0
10004392:	4149      	adcs	r1, r1
10004394:	0424      	lsls	r4, r4, #16
10004396:	9a00      	ldr	r2, [sp, #0]
10004398:	9b01      	ldr	r3, [sp, #4]
1000439a:	000d      	movs	r5, r1
1000439c:	4355      	muls	r5, r2
1000439e:	1b64      	subs	r4, r4, r5
100043a0:	4343      	muls	r3, r0
100043a2:	1ae4      	subs	r4, r4, r3
100043a4:	b295      	uxth	r5, r2
100043a6:	b286      	uxth	r6, r0
100043a8:	4375      	muls	r5, r6
100043aa:	0c17      	lsrs	r7, r2, #16
100043ac:	437e      	muls	r6, r7
100043ae:	0c03      	lsrs	r3, r0, #16
100043b0:	435f      	muls	r7, r3
100043b2:	b292      	uxth	r2, r2
100043b4:	435a      	muls	r2, r3
100043b6:	18b6      	adds	r6, r6, r2
100043b8:	d302      	bcc.n	100043c0 <l24_1>
100043ba:	2201      	movs	r2, #1
100043bc:	0412      	lsls	r2, r2, #16
100043be:	18bf      	adds	r7, r7, r2

100043c0 <l24_1>:
100043c0:	0432      	lsls	r2, r6, #16
100043c2:	0c33      	lsrs	r3, r6, #16
100043c4:	1952      	adds	r2, r2, r5
100043c6:	417b      	adcs	r3, r7
100043c8:	4252      	negs	r2, r2
100043ca:	419c      	sbcs	r4, r3
100043cc:	2c00      	cmp	r4, #0
100043ce:	d402      	bmi.n	100043d6 <l24_1+0x16>
100043d0:	2200      	movs	r2, #0
100043d2:	3001      	adds	r0, #1
100043d4:	4151      	adcs	r1, r2
100043d6:	0840      	lsrs	r0, r0, #1
100043d8:	07ca      	lsls	r2, r1, #31
100043da:	4310      	orrs	r0, r2
100043dc:	0849      	lsrs	r1, r1, #1

100043de <dd_2>:
100043de:	b002      	add	sp, #8
100043e0:	4662      	mov	r2, ip
100043e2:	07d7      	lsls	r7, r2, #31
100043e4:	1092      	asrs	r2, r2, #2
100043e6:	4b08      	ldr	r3, [pc, #32]	; (10004408 <dd_4+0x6>)
100043e8:	18d2      	adds	r2, r2, r3
100043ea:	4b08      	ldr	r3, [pc, #32]	; (1000440c <dd_4+0xa>)
100043ec:	429a      	cmp	r2, r3
100043ee:	d203      	bcs.n	100043f8 <dd_3>
100043f0:	0512      	lsls	r2, r2, #20
100043f2:	1889      	adds	r1, r1, r2

100043f4 <dd_5>:
100043f4:	19c9      	adds	r1, r1, r7
100043f6:	bdf0      	pop	{r4, r5, r6, r7, pc}

100043f8 <dd_3>:
100043f8:	2000      	movs	r0, #0
100043fa:	2a00      	cmp	r2, #0
100043fc:	dc01      	bgt.n	10004402 <dd_4>
100043fe:	0039      	movs	r1, r7
10004400:	bdf0      	pop	{r4, r5, r6, r7, pc}

10004402 <dd_4>:
10004402:	3301      	adds	r3, #1
10004404:	0519      	lsls	r1, r3, #20
10004406:	e7f5      	b.n	100043f4 <dd_5>
10004408:	000003fd 	.word	0x000003fd
1000440c:	000007fe 	.word	0x000007fe

10004410 <double2uint_shim>:
10004410:	2200      	movs	r2, #0

10004412 <double2ufix_shim>:
10004412:	b500      	push	{lr}
10004414:	3220      	adds	r2, #32
10004416:	f000 f804 	bl	10004422 <double2ufix64_shim>
1000441a:	0008      	movs	r0, r1
1000441c:	bd00      	pop	{pc}
	...

10004420 <double2uint64_shim>:
10004420:	2200      	movs	r2, #0

10004422 <double2ufix64_shim>:
10004422:	150b      	asrs	r3, r1, #20
10004424:	d40a      	bmi.n	1000443c <ret_dzero>

10004426 <d2fix>:
10004426:	b510      	push	{r4, lr}
10004428:	4694      	mov	ip, r2
1000442a:	f000 f831 	bl	10004490 <dunpacks>
1000442e:	1414      	asrs	r4, r2, #16
10004430:	3401      	adds	r4, #1
10004432:	da00      	bge.n	10004436 <d2fix+0x10>
10004434:	2100      	movs	r1, #0
10004436:	17cb      	asrs	r3, r1, #31
10004438:	4c14      	ldr	r4, [pc, #80]	; (1000448c <d2fix_a+0x4a>)
1000443a:	4720      	bx	r4

1000443c <ret_dzero>:
1000443c:	2000      	movs	r0, #0
1000443e:	2100      	movs	r1, #0
10004440:	4770      	bx	lr

10004442 <d2fix_a>:
10004442:	4462      	add	r2, ip
10004444:	3a34      	subs	r2, #52	; 0x34
10004446:	d40c      	bmi.n	10004462 <d2fix_a+0x20>
10004448:	2a0c      	cmp	r2, #12
1000444a:	da07      	bge.n	1000445c <d2fix_a+0x1a>
1000444c:	0004      	movs	r4, r0
1000444e:	4091      	lsls	r1, r2
10004450:	4090      	lsls	r0, r2
10004452:	4252      	negs	r2, r2
10004454:	3220      	adds	r2, #32
10004456:	40d4      	lsrs	r4, r2
10004458:	4321      	orrs	r1, r4
1000445a:	bd10      	pop	{r4, pc}
1000445c:	43d8      	mvns	r0, r3
1000445e:	43d9      	mvns	r1, r3
10004460:	bd10      	pop	{r4, pc}
10004462:	3220      	adds	r2, #32
10004464:	d407      	bmi.n	10004476 <d2fix_a+0x34>
10004466:	460c      	mov	r4, r1
10004468:	4094      	lsls	r4, r2
1000446a:	4252      	negs	r2, r2
1000446c:	3220      	adds	r2, #32
1000446e:	4111      	asrs	r1, r2
10004470:	40d0      	lsrs	r0, r2
10004472:	4320      	orrs	r0, r4
10004474:	bd10      	pop	{r4, pc}
10004476:	0008      	movs	r0, r1
10004478:	17c9      	asrs	r1, r1, #31
1000447a:	3220      	adds	r2, #32
1000447c:	d403      	bmi.n	10004486 <d2fix_a+0x44>
1000447e:	4252      	negs	r2, r2
10004480:	3220      	adds	r2, #32
10004482:	4110      	asrs	r0, r2
10004484:	bd10      	pop	{r4, pc}
10004486:	0018      	movs	r0, r3
10004488:	0019      	movs	r1, r3
1000448a:	bd10      	pop	{r4, pc}
1000448c:	10004443 	.word	0x10004443

10004490 <dunpacks>:
10004490:	0d0a      	lsrs	r2, r1, #20
10004492:	0fcc      	lsrs	r4, r1, #31
10004494:	1e53      	subs	r3, r2, #1
10004496:	051b      	lsls	r3, r3, #20
10004498:	1ac9      	subs	r1, r1, r3
1000449a:	0552      	lsls	r2, r2, #21
1000449c:	d303      	bcc.n	100044a6 <l60_1>
1000449e:	43c9      	mvns	r1, r1
100044a0:	4240      	negs	r0, r0
100044a2:	d300      	bcc.n	100044a6 <l60_1>
100044a4:	3101      	adds	r1, #1

100044a6 <l60_1>:
100044a6:	0d52      	lsrs	r2, r2, #21
100044a8:	d003      	beq.n	100044b2 <l60_2>
100044aa:	1c53      	adds	r3, r2, #1
100044ac:	0adb      	lsrs	r3, r3, #11
100044ae:	d007      	beq.n	100044c0 <l60_3>
100044b0:	1b12      	subs	r2, r2, r4

100044b2 <l60_2>:
100044b2:	2000      	movs	r0, #0
100044b4:	0064      	lsls	r4, r4, #1
100044b6:	1c61      	adds	r1, r4, #1
100044b8:	0789      	lsls	r1, r1, #30
100044ba:	1289      	asrs	r1, r1, #10
100044bc:	3a80      	subs	r2, #128	; 0x80
100044be:	0312      	lsls	r2, r2, #12

100044c0 <l60_3>:
100044c0:	4b01      	ldr	r3, [pc, #4]	; (100044c8 <l60_3+0x8>)
100044c2:	1ad2      	subs	r2, r2, r3
100044c4:	4770      	bx	lr
100044c6:	0000      	.short	0x0000
100044c8:	000003ff 	.word	0x000003ff

100044cc <__wrap___aeabi_lmul>:
100044cc:	4351      	muls	r1, r2
100044ce:	4343      	muls	r3, r0
100044d0:	18c9      	adds	r1, r1, r3
100044d2:	468c      	mov	ip, r1
100044d4:	0c11      	lsrs	r1, r2, #16
100044d6:	b283      	uxth	r3, r0
100044d8:	434b      	muls	r3, r1
100044da:	b410      	push	{r4}
100044dc:	0c04      	lsrs	r4, r0, #16
100044de:	4361      	muls	r1, r4
100044e0:	b292      	uxth	r2, r2
100044e2:	b280      	uxth	r0, r0
100044e4:	4350      	muls	r0, r2
100044e6:	4362      	muls	r2, r4
100044e8:	041c      	lsls	r4, r3, #16
100044ea:	0c1b      	lsrs	r3, r3, #16
100044ec:	1900      	adds	r0, r0, r4
100044ee:	bc10      	pop	{r4}
100044f0:	4159      	adcs	r1, r3
100044f2:	0413      	lsls	r3, r2, #16
100044f4:	0c12      	lsrs	r2, r2, #16
100044f6:	18c0      	adds	r0, r0, r3
100044f8:	4151      	adcs	r1, r2
100044fa:	4461      	add	r1, ip
100044fc:	4770      	bx	lr
	...

10004500 <__aeabi_float_init>:
10004500:	b570      	push	{r4, r5, r6, lr}
10004502:	2313      	movs	r3, #19
10004504:	781d      	ldrb	r5, [r3, #0]
10004506:	482a      	ldr	r0, [pc, #168]	; (100045b0 <__aeabi_float_init+0xb0>)
10004508:	f7ff f958 	bl	100037bc <rom_data_lookup>
1000450c:	0004      	movs	r4, r0
1000450e:	2d01      	cmp	r5, #1
10004510:	d011      	beq.n	10004536 <__aeabi_float_init+0x36>
10004512:	2d01      	cmp	r5, #1
10004514:	dd09      	ble.n	1000452a <__aeabi_float_init+0x2a>
10004516:	1ea3      	subs	r3, r4, #2
10004518:	781b      	ldrb	r3, [r3, #0]
1000451a:	009b      	lsls	r3, r3, #2
1000451c:	2b7f      	cmp	r3, #127	; 0x7f
1000451e:	dd40      	ble.n	100045a2 <__aeabi_float_init+0xa2>
10004520:	2280      	movs	r2, #128	; 0x80
10004522:	0021      	movs	r1, r4
10004524:	4823      	ldr	r0, [pc, #140]	; (100045b4 <__aeabi_float_init+0xb4>)
10004526:	f000 f88b 	bl	10004640 <__wrap___aeabi_memcpy>
1000452a:	4823      	ldr	r0, [pc, #140]	; (100045b8 <__aeabi_float_init+0xb8>)
1000452c:	f7ff f93e 	bl	100037ac <rom_func_lookup>
10004530:	4b22      	ldr	r3, [pc, #136]	; (100045bc <__aeabi_float_init+0xbc>)
10004532:	6018      	str	r0, [r3, #0]
10004534:	bd70      	pop	{r4, r5, r6, pc}
10004536:	2254      	movs	r2, #84	; 0x54
10004538:	0001      	movs	r1, r0
1000453a:	481e      	ldr	r0, [pc, #120]	; (100045b4 <__aeabi_float_init+0xb4>)
1000453c:	f000 f880 	bl	10004640 <__wrap___aeabi_memcpy>
10004540:	4b1f      	ldr	r3, [pc, #124]	; (100045c0 <__aeabi_float_init+0xc0>)
10004542:	881a      	ldrh	r2, [r3, #0]
10004544:	4b1f      	ldr	r3, [pc, #124]	; (100045c4 <__aeabi_float_init+0xc4>)
10004546:	429a      	cmp	r2, r3
10004548:	d11c      	bne.n	10004584 <__aeabi_float_init+0x84>
1000454a:	23a7      	movs	r3, #167	; 0xa7
1000454c:	019b      	lsls	r3, r3, #6
1000454e:	881a      	ldrh	r2, [r3, #0]
10004550:	4b1d      	ldr	r3, [pc, #116]	; (100045c8 <__aeabi_float_init+0xc8>)
10004552:	429a      	cmp	r2, r3
10004554:	d116      	bne.n	10004584 <__aeabi_float_init+0x84>
10004556:	4b1d      	ldr	r3, [pc, #116]	; (100045cc <__aeabi_float_init+0xcc>)
10004558:	881a      	ldrh	r2, [r3, #0]
1000455a:	4b1d      	ldr	r3, [pc, #116]	; (100045d0 <__aeabi_float_init+0xd0>)
1000455c:	429a      	cmp	r2, r3
1000455e:	d111      	bne.n	10004584 <__aeabi_float_init+0x84>
10004560:	4b1c      	ldr	r3, [pc, #112]	; (100045d4 <__aeabi_float_init+0xd4>)
10004562:	881a      	ldrh	r2, [r3, #0]
10004564:	2394      	movs	r3, #148	; 0x94
10004566:	019b      	lsls	r3, r3, #6
10004568:	429a      	cmp	r2, r3
1000456a:	d10b      	bne.n	10004584 <__aeabi_float_init+0x84>
1000456c:	4b1a      	ldr	r3, [pc, #104]	; (100045d8 <__aeabi_float_init+0xd8>)
1000456e:	881a      	ldrh	r2, [r3, #0]
10004570:	4b1a      	ldr	r3, [pc, #104]	; (100045dc <__aeabi_float_init+0xdc>)
10004572:	429a      	cmp	r2, r3
10004574:	d106      	bne.n	10004584 <__aeabi_float_init+0x84>
10004576:	4b1a      	ldr	r3, [pc, #104]	; (100045e0 <__aeabi_float_init+0xe0>)
10004578:	681a      	ldr	r2, [r3, #0]
1000457a:	4b1a      	ldr	r3, [pc, #104]	; (100045e4 <__aeabi_float_init+0xe4>)
1000457c:	429a      	cmp	r2, r3
1000457e:	d101      	bne.n	10004584 <__aeabi_float_init+0x84>
10004580:	2315      	movs	r3, #21
10004582:	e007      	b.n	10004594 <__aeabi_float_init+0x94>
10004584:	4818      	ldr	r0, [pc, #96]	; (100045e8 <__aeabi_float_init+0xe8>)
10004586:	f7fe f851 	bl	1000262c <panic>
1000458a:	0099      	lsls	r1, r3, #2
1000458c:	4817      	ldr	r0, [pc, #92]	; (100045ec <__aeabi_float_init+0xec>)
1000458e:	4a09      	ldr	r2, [pc, #36]	; (100045b4 <__aeabi_float_init+0xb4>)
10004590:	5088      	str	r0, [r1, r2]
10004592:	3301      	adds	r3, #1
10004594:	2b1f      	cmp	r3, #31
10004596:	d9f8      	bls.n	1000458a <__aeabi_float_init+0x8a>
10004598:	4a14      	ldr	r2, [pc, #80]	; (100045ec <__aeabi_float_init+0xec>)
1000459a:	4b06      	ldr	r3, [pc, #24]	; (100045b4 <__aeabi_float_init+0xb4>)
1000459c:	621a      	str	r2, [r3, #32]
1000459e:	61da      	str	r2, [r3, #28]
100045a0:	e7b7      	b.n	10004512 <__aeabi_float_init+0x12>
100045a2:	4b13      	ldr	r3, [pc, #76]	; (100045f0 <__aeabi_float_init+0xf0>)
100045a4:	4a13      	ldr	r2, [pc, #76]	; (100045f4 <__aeabi_float_init+0xf4>)
100045a6:	2142      	movs	r1, #66	; 0x42
100045a8:	4813      	ldr	r0, [pc, #76]	; (100045f8 <__aeabi_float_init+0xf8>)
100045aa:	f7fd ffa5 	bl	100024f8 <__assert_func>
100045ae:	46c0      	nop			; (mov r8, r8)
100045b0:	00004653 	.word	0x00004653
100045b4:	200005f8 	.word	0x200005f8
100045b8:	0000334c 	.word	0x0000334c
100045bc:	200005f4 	.word	0x200005f4
100045c0:	000029ee 	.word	0x000029ee
100045c4:	00000fc4 	.word	0x00000fc4
100045c8:	00000dc2 	.word	0x00000dc2
100045cc:	00002b96 	.word	0x00002b96
100045d0:	0000b5c0 	.word	0x0000b5c0
100045d4:	00002b18 	.word	0x00002b18
100045d8:	00002acc 	.word	0x00002acc
100045dc:	0000b510 	.word	0x0000b510
100045e0:	00002cfc 	.word	0x00002cfc
100045e4:	6487ed51 	.word	0x6487ed51
100045e8:	10005854 	.word	0x10005854
100045ec:	100045fd 	.word	0x100045fd
100045f0:	10005c44 	.word	0x10005c44
100045f4:	10005cdc 	.word	0x10005cdc
100045f8:	10005c78 	.word	0x10005c78

100045fc <float_table_shim_on_use_helper>:
100045fc:	b507      	push	{r0, r1, r2, lr}
100045fe:	4660      	mov	r0, ip
10004600:	2800      	cmp	r0, #0
10004602:	d100      	bne.n	10004606 <float_table_shim_on_use_helper+0xa>
10004604:	be00      	bkpt	0x0000
10004606:	8801      	ldrh	r1, [r0, #0]
10004608:	0a0a      	lsrs	r2, r1, #8
1000460a:	3002      	adds	r0, #2
1000460c:	2adf      	cmp	r2, #223	; 0xdf
1000460e:	d1fa      	bne.n	10004606 <float_table_shim_on_use_helper+0xa>
10004610:	b2c9      	uxtb	r1, r1
10004612:	0882      	lsrs	r2, r0, #2
10004614:	d304      	bcc.n	10004620 <float_table_shim_on_use_helper+0x24>
10004616:	8802      	ldrh	r2, [r0, #0]
10004618:	8840      	ldrh	r0, [r0, #2]
1000461a:	0400      	lsls	r0, r0, #16
1000461c:	4310      	orrs	r0, r2
1000461e:	e000      	b.n	10004622 <float_table_shim_on_use_helper+0x26>
10004620:	6800      	ldr	r0, [r0, #0]
10004622:	4a02      	ldr	r2, [pc, #8]	; (1000462c <float_table_shim_on_use_helper+0x30>)
10004624:	5050      	str	r0, [r2, r1]
10004626:	9003      	str	r0, [sp, #12]
10004628:	bd07      	pop	{r0, r1, r2, pc}
1000462a:	0000      	.short	0x0000
1000462c:	200005f8 	.word	0x200005f8

10004630 <__aeabi_mem_init>:
10004630:	4801      	ldr	r0, [pc, #4]	; (10004638 <__aeabi_mem_init+0x8>)
10004632:	2104      	movs	r1, #4
10004634:	4b01      	ldr	r3, [pc, #4]	; (1000463c <__aeabi_mem_init+0xc>)
10004636:	4718      	bx	r3
10004638:	200002f0 	.word	0x200002f0
1000463c:	100037cd 	.word	0x100037cd

10004640 <__wrap___aeabi_memcpy>:
10004640:	4b01      	ldr	r3, [pc, #4]	; (10004648 <__wrap___aeabi_memcpy+0x8>)
10004642:	685b      	ldr	r3, [r3, #4]
10004644:	4718      	bx	r3
10004646:	0000      	.short	0x0000
10004648:	200002f0 	.word	0x200002f0

1000464c <stdio_out_chars_no_crlf>:
1000464c:	b510      	push	{r4, lr}
1000464e:	0003      	movs	r3, r0
10004650:	0008      	movs	r0, r1
10004652:	0011      	movs	r1, r2
10004654:	681b      	ldr	r3, [r3, #0]
10004656:	4798      	blx	r3
10004658:	bd10      	pop	{r4, pc}
	...

1000465c <stdio_out_chars_crlf>:
1000465c:	b5f8      	push	{r3, r4, r5, r6, r7, lr}
1000465e:	0007      	movs	r7, r0
10004660:	000d      	movs	r5, r1
10004662:	0016      	movs	r6, r2
10004664:	7d43      	ldrb	r3, [r0, #21]
10004666:	2b00      	cmp	r3, #0
10004668:	d002      	beq.n	10004670 <stdio_out_chars_crlf+0x14>
1000466a:	2400      	movs	r4, #0
1000466c:	2000      	movs	r0, #0
1000466e:	e00c      	b.n	1000468a <stdio_out_chars_crlf+0x2e>
10004670:	6803      	ldr	r3, [r0, #0]
10004672:	0011      	movs	r1, r2
10004674:	0028      	movs	r0, r5
10004676:	4798      	blx	r3
10004678:	e02d      	b.n	100046d6 <stdio_out_chars_crlf+0x7a>
1000467a:	7d3b      	ldrb	r3, [r7, #20]
1000467c:	e010      	b.n	100046a0 <stdio_out_chars_crlf+0x44>
1000467e:	2102      	movs	r1, #2
10004680:	4815      	ldr	r0, [pc, #84]	; (100046d8 <stdio_out_chars_crlf+0x7c>)
10004682:	683b      	ldr	r3, [r7, #0]
10004684:	4798      	blx	r3
10004686:	1c60      	adds	r0, r4, #1
10004688:	3401      	adds	r4, #1
1000468a:	42b4      	cmp	r4, r6
1000468c:	da14      	bge.n	100046b8 <stdio_out_chars_crlf+0x5c>
1000468e:	2c00      	cmp	r4, #0
10004690:	ddf3      	ble.n	1000467a <stdio_out_chars_crlf+0x1e>
10004692:	192b      	adds	r3, r5, r4
10004694:	3b01      	subs	r3, #1
10004696:	781b      	ldrb	r3, [r3, #0]
10004698:	3b0d      	subs	r3, #13
1000469a:	425a      	negs	r2, r3
1000469c:	4153      	adcs	r3, r2
1000469e:	b2db      	uxtb	r3, r3
100046a0:	5d2a      	ldrb	r2, [r5, r4]
100046a2:	2a0a      	cmp	r2, #10
100046a4:	d1f0      	bne.n	10004688 <stdio_out_chars_crlf+0x2c>
100046a6:	2b00      	cmp	r3, #0
100046a8:	d1ee      	bne.n	10004688 <stdio_out_chars_crlf+0x2c>
100046aa:	42a0      	cmp	r0, r4
100046ac:	dae7      	bge.n	1000467e <stdio_out_chars_crlf+0x22>
100046ae:	1a21      	subs	r1, r4, r0
100046b0:	1828      	adds	r0, r5, r0
100046b2:	683b      	ldr	r3, [r7, #0]
100046b4:	4798      	blx	r3
100046b6:	e7e2      	b.n	1000467e <stdio_out_chars_crlf+0x22>
100046b8:	42b0      	cmp	r0, r6
100046ba:	da03      	bge.n	100046c4 <stdio_out_chars_crlf+0x68>
100046bc:	1a31      	subs	r1, r6, r0
100046be:	1828      	adds	r0, r5, r0
100046c0:	683b      	ldr	r3, [r7, #0]
100046c2:	4798      	blx	r3
100046c4:	2e00      	cmp	r6, #0
100046c6:	dd06      	ble.n	100046d6 <stdio_out_chars_crlf+0x7a>
100046c8:	19ad      	adds	r5, r5, r6
100046ca:	3d01      	subs	r5, #1
100046cc:	782b      	ldrb	r3, [r5, #0]
100046ce:	3b0d      	subs	r3, #13
100046d0:	425a      	negs	r2, r3
100046d2:	4153      	adcs	r3, r2
100046d4:	753b      	strb	r3, [r7, #20]
100046d6:	bdf8      	pop	{r3, r4, r5, r6, r7, pc}
100046d8:	10005d6c 	.word	0x10005d6c

100046dc <stdio_stack_buffer_flush>:
100046dc:	b570      	push	{r4, r5, r6, lr}
100046de:	0005      	movs	r5, r0
100046e0:	6803      	ldr	r3, [r0, #0]
100046e2:	2b00      	cmp	r3, #0
100046e4:	d016      	beq.n	10004714 <stdio_stack_buffer_flush+0x38>
100046e6:	4b0c      	ldr	r3, [pc, #48]	; (10004718 <stdio_stack_buffer_flush+0x3c>)
100046e8:	681c      	ldr	r4, [r3, #0]
100046ea:	e005      	b.n	100046f8 <stdio_stack_buffer_flush+0x1c>
100046ec:	0029      	movs	r1, r5
100046ee:	c904      	ldmia	r1!, {r2}
100046f0:	0020      	movs	r0, r4
100046f2:	f7ff ffb3 	bl	1000465c <stdio_out_chars_crlf>
100046f6:	6924      	ldr	r4, [r4, #16]
100046f8:	2c00      	cmp	r4, #0
100046fa:	d009      	beq.n	10004710 <stdio_stack_buffer_flush+0x34>
100046fc:	6823      	ldr	r3, [r4, #0]
100046fe:	2b00      	cmp	r3, #0
10004700:	d0f9      	beq.n	100046f6 <stdio_stack_buffer_flush+0x1a>
10004702:	4b06      	ldr	r3, [pc, #24]	; (1000471c <stdio_stack_buffer_flush+0x40>)
10004704:	681b      	ldr	r3, [r3, #0]
10004706:	2b00      	cmp	r3, #0
10004708:	d0f0      	beq.n	100046ec <stdio_stack_buffer_flush+0x10>
1000470a:	42a3      	cmp	r3, r4
1000470c:	d1f3      	bne.n	100046f6 <stdio_stack_buffer_flush+0x1a>
1000470e:	e7ed      	b.n	100046ec <stdio_stack_buffer_flush+0x10>
10004710:	2300      	movs	r3, #0
10004712:	602b      	str	r3, [r5, #0]
10004714:	bd70      	pop	{r4, r5, r6, pc}
10004716:	46c0      	nop			; (mov r8, r8)
10004718:	200004dc 	.word	0x200004dc
1000471c:	200004e0 	.word	0x200004e0

10004720 <stdio_buffered_printer>:
10004720:	b570      	push	{r4, r5, r6, lr}
10004722:	0005      	movs	r5, r0
10004724:	000c      	movs	r4, r1
10004726:	680b      	ldr	r3, [r1, #0]
10004728:	2b80      	cmp	r3, #128	; 0x80
1000472a:	d005      	beq.n	10004738 <stdio_buffered_printer+0x18>
1000472c:	6821      	ldr	r1, [r4, #0]
1000472e:	1c4b      	adds	r3, r1, #1
10004730:	6023      	str	r3, [r4, #0]
10004732:	1864      	adds	r4, r4, r1
10004734:	7125      	strb	r5, [r4, #4]
10004736:	bd70      	pop	{r4, r5, r6, pc}
10004738:	0008      	movs	r0, r1
1000473a:	f7ff ffcf 	bl	100046dc <stdio_stack_buffer_flush>
1000473e:	e7f5      	b.n	1000472c <stdio_buffered_printer+0xc>

10004740 <stdout_serialize_begin>:
10004740:	b510      	push	{r4, lr}
10004742:	f7fd f90f 	bl	10001964 <time_us_64>
10004746:	0002      	movs	r2, r0
10004748:	1e0b      	subs	r3, r1, #0
1000474a:	db0b      	blt.n	10004764 <stdout_serialize_begin+0x24>
1000474c:	480d      	ldr	r0, [pc, #52]	; (10004784 <stdout_serialize_begin+0x44>)
1000474e:	2100      	movs	r1, #0
10004750:	1812      	adds	r2, r2, r0
10004752:	414b      	adcs	r3, r1
10004754:	2b00      	cmp	r3, #0
10004756:	db0b      	blt.n	10004770 <stdout_serialize_begin+0x30>
10004758:	2b00      	cmp	r3, #0
1000475a:	db0d      	blt.n	10004778 <stdout_serialize_begin+0x38>
1000475c:	480a      	ldr	r0, [pc, #40]	; (10004788 <stdout_serialize_begin+0x48>)
1000475e:	f000 fabb 	bl	10004cd8 <__mutex_try_enter_block_until_veneer>
10004762:	bd10      	pop	{r4, pc}
10004764:	4b09      	ldr	r3, [pc, #36]	; (1000478c <stdout_serialize_begin+0x4c>)
10004766:	4a0a      	ldr	r2, [pc, #40]	; (10004790 <stdout_serialize_begin+0x50>)
10004768:	213f      	movs	r1, #63	; 0x3f
1000476a:	480a      	ldr	r0, [pc, #40]	; (10004794 <stdout_serialize_begin+0x54>)
1000476c:	f7fd fec4 	bl	100024f8 <__assert_func>
10004770:	2201      	movs	r2, #1
10004772:	4252      	negs	r2, r2
10004774:	4b08      	ldr	r3, [pc, #32]	; (10004798 <stdout_serialize_begin+0x58>)
10004776:	e7ef      	b.n	10004758 <stdout_serialize_begin+0x18>
10004778:	4b04      	ldr	r3, [pc, #16]	; (1000478c <stdout_serialize_begin+0x4c>)
1000477a:	4a05      	ldr	r2, [pc, #20]	; (10004790 <stdout_serialize_begin+0x50>)
1000477c:	213f      	movs	r1, #63	; 0x3f
1000477e:	4805      	ldr	r0, [pc, #20]	; (10004794 <stdout_serialize_begin+0x54>)
10004780:	f7fd feba 	bl	100024f8 <__assert_func>
10004784:	000f4240 	.word	0x000f4240
10004788:	20000320 	.word	0x20000320
1000478c:	10005034 	.word	0x10005034
10004790:	10005d54 	.word	0x10005d54
10004794:	10005050 	.word	0x10005050
10004798:	7fffffff 	.word	0x7fffffff

1000479c <stdout_serialize_end>:
1000479c:	b510      	push	{r4, lr}
1000479e:	4802      	ldr	r0, [pc, #8]	; (100047a8 <stdout_serialize_end+0xc>)
100047a0:	f000 fa82 	bl	10004ca8 <__mutex_exit_veneer>
100047a4:	bd10      	pop	{r4, pc}
100047a6:	46c0      	nop			; (mov r8, r8)
100047a8:	20000320 	.word	0x20000320

100047ac <stdio_put_string>:
100047ac:	b5f0      	push	{r4, r5, r6, r7, lr}
100047ae:	46ce      	mov	lr, r9
100047b0:	4647      	mov	r7, r8
100047b2:	b580      	push	{r7, lr}
100047b4:	b083      	sub	sp, #12
100047b6:	0006      	movs	r6, r0
100047b8:	000d      	movs	r5, r1
100047ba:	4690      	mov	r8, r2
100047bc:	001c      	movs	r4, r3
100047be:	f7ff ffbf 	bl	10004740 <stdout_serialize_begin>
100047c2:	4681      	mov	r9, r0
100047c4:	1c6b      	adds	r3, r5, #1
100047c6:	d005      	beq.n	100047d4 <stdio_put_string+0x28>
100047c8:	2c00      	cmp	r4, #0
100047ca:	d008      	beq.n	100047de <stdio_put_string+0x32>
100047cc:	4f19      	ldr	r7, [pc, #100]	; (10004834 <stdio_put_string+0x88>)
100047ce:	4b1a      	ldr	r3, [pc, #104]	; (10004838 <stdio_put_string+0x8c>)
100047d0:	681c      	ldr	r4, [r3, #0]
100047d2:	e007      	b.n	100047e4 <stdio_put_string+0x38>
100047d4:	0030      	movs	r0, r6
100047d6:	f000 fa35 	bl	10004c44 <strlen>
100047da:	0005      	movs	r5, r0
100047dc:	e7f4      	b.n	100047c8 <stdio_put_string+0x1c>
100047de:	4f17      	ldr	r7, [pc, #92]	; (1000483c <stdio_put_string+0x90>)
100047e0:	e7f5      	b.n	100047ce <stdio_put_string+0x22>
100047e2:	6924      	ldr	r4, [r4, #16]
100047e4:	2c00      	cmp	r4, #0
100047e6:	d017      	beq.n	10004818 <stdio_put_string+0x6c>
100047e8:	6823      	ldr	r3, [r4, #0]
100047ea:	2b00      	cmp	r3, #0
100047ec:	d0f9      	beq.n	100047e2 <stdio_put_string+0x36>
100047ee:	4b14      	ldr	r3, [pc, #80]	; (10004840 <stdio_put_string+0x94>)
100047f0:	681b      	ldr	r3, [r3, #0]
100047f2:	2b00      	cmp	r3, #0
100047f4:	d001      	beq.n	100047fa <stdio_put_string+0x4e>
100047f6:	42a3      	cmp	r3, r4
100047f8:	d1f3      	bne.n	100047e2 <stdio_put_string+0x36>
100047fa:	002a      	movs	r2, r5
100047fc:	0031      	movs	r1, r6
100047fe:	0020      	movs	r0, r4
10004800:	47b8      	blx	r7
10004802:	4643      	mov	r3, r8
10004804:	2b00      	cmp	r3, #0
10004806:	d0ec      	beq.n	100047e2 <stdio_put_string+0x36>
10004808:	466b      	mov	r3, sp
1000480a:	1dd9      	adds	r1, r3, #7
1000480c:	230a      	movs	r3, #10
1000480e:	700b      	strb	r3, [r1, #0]
10004810:	2201      	movs	r2, #1
10004812:	0020      	movs	r0, r4
10004814:	47b8      	blx	r7
10004816:	e7e4      	b.n	100047e2 <stdio_put_string+0x36>
10004818:	464b      	mov	r3, r9
1000481a:	2b00      	cmp	r3, #0
1000481c:	d107      	bne.n	1000482e <stdio_put_string+0x82>
1000481e:	1e6b      	subs	r3, r5, #1
10004820:	419d      	sbcs	r5, r3
10004822:	b2e8      	uxtb	r0, r5
10004824:	b003      	add	sp, #12
10004826:	bcc0      	pop	{r6, r7}
10004828:	46b9      	mov	r9, r7
1000482a:	46b0      	mov	r8, r6
1000482c:	bdf0      	pop	{r4, r5, r6, r7, pc}
1000482e:	f7ff ffb5 	bl	1000479c <stdout_serialize_end>
10004832:	e7f4      	b.n	1000481e <stdio_put_string+0x72>
10004834:	1000464d 	.word	0x1000464d
10004838:	200004dc 	.word	0x200004dc
1000483c:	1000465d 	.word	0x1000465d
10004840:	200004e0 	.word	0x200004e0

10004844 <stdio_set_driver_enabled>:
10004844:	4a09      	ldr	r2, [pc, #36]	; (1000486c <stdio_set_driver_enabled+0x28>)
10004846:	e001      	b.n	1000484c <stdio_set_driver_enabled+0x8>
10004848:	3310      	adds	r3, #16
1000484a:	001a      	movs	r2, r3
1000484c:	6813      	ldr	r3, [r2, #0]
1000484e:	2b00      	cmp	r3, #0
10004850:	d008      	beq.n	10004864 <stdio_set_driver_enabled+0x20>
10004852:	4283      	cmp	r3, r0
10004854:	d1f8      	bne.n	10004848 <stdio_set_driver_enabled+0x4>
10004856:	2900      	cmp	r1, #0
10004858:	d107      	bne.n	1000486a <stdio_set_driver_enabled+0x26>
1000485a:	6903      	ldr	r3, [r0, #16]
1000485c:	6013      	str	r3, [r2, #0]
1000485e:	2300      	movs	r3, #0
10004860:	6103      	str	r3, [r0, #16]
10004862:	e002      	b.n	1000486a <stdio_set_driver_enabled+0x26>
10004864:	2900      	cmp	r1, #0
10004866:	d000      	beq.n	1000486a <stdio_set_driver_enabled+0x26>
10004868:	6010      	str	r0, [r2, #0]
1000486a:	4770      	bx	lr
1000486c:	200004dc 	.word	0x200004dc

10004870 <stdio_flush>:
10004870:	b510      	push	{r4, lr}
10004872:	4b06      	ldr	r3, [pc, #24]	; (1000488c <stdio_flush+0x1c>)
10004874:	681c      	ldr	r4, [r3, #0]
10004876:	e001      	b.n	1000487c <stdio_flush+0xc>
10004878:	4798      	blx	r3
1000487a:	6924      	ldr	r4, [r4, #16]
1000487c:	2c00      	cmp	r4, #0
1000487e:	d003      	beq.n	10004888 <stdio_flush+0x18>
10004880:	6863      	ldr	r3, [r4, #4]
10004882:	2b00      	cmp	r3, #0
10004884:	d1f8      	bne.n	10004878 <stdio_flush+0x8>
10004886:	e7f8      	b.n	1000487a <stdio_flush+0xa>
10004888:	bd10      	pop	{r4, pc}
1000488a:	46c0      	nop			; (mov r8, r8)
1000488c:	200004dc 	.word	0x200004dc

10004890 <__wrap_puts>:
10004890:	b570      	push	{r4, r5, r6, lr}
10004892:	0005      	movs	r5, r0
10004894:	f000 f9d6 	bl	10004c44 <strlen>
10004898:	0004      	movs	r4, r0
1000489a:	2300      	movs	r3, #0
1000489c:	2201      	movs	r2, #1
1000489e:	0001      	movs	r1, r0
100048a0:	0028      	movs	r0, r5
100048a2:	f7ff ff83 	bl	100047ac <stdio_put_string>
100048a6:	f7ff ffe3 	bl	10004870 <stdio_flush>
100048aa:	0020      	movs	r0, r4
100048ac:	bd70      	pop	{r4, r5, r6, pc}
	...

100048b0 <__wrap_vprintf>:
100048b0:	b570      	push	{r4, r5, r6, lr}
100048b2:	b0a2      	sub	sp, #136	; 0x88
100048b4:	0004      	movs	r4, r0
100048b6:	000e      	movs	r6, r1
100048b8:	f7ff ff42 	bl	10004740 <stdout_serialize_begin>
100048bc:	0005      	movs	r5, r0
100048be:	2300      	movs	r3, #0
100048c0:	9301      	str	r3, [sp, #4]
100048c2:	0033      	movs	r3, r6
100048c4:	0022      	movs	r2, r4
100048c6:	a901      	add	r1, sp, #4
100048c8:	4808      	ldr	r0, [pc, #32]	; (100048ec <__wrap_vprintf+0x3c>)
100048ca:	f7fe ff57 	bl	1000377c <vfctprintf>
100048ce:	0004      	movs	r4, r0
100048d0:	a801      	add	r0, sp, #4
100048d2:	f7ff ff03 	bl	100046dc <stdio_stack_buffer_flush>
100048d6:	f7ff ffcb 	bl	10004870 <stdio_flush>
100048da:	2d00      	cmp	r5, #0
100048dc:	d102      	bne.n	100048e4 <__wrap_vprintf+0x34>
100048de:	0020      	movs	r0, r4
100048e0:	b022      	add	sp, #136	; 0x88
100048e2:	bd70      	pop	{r4, r5, r6, pc}
100048e4:	f7ff ff5a 	bl	1000479c <stdout_serialize_end>
100048e8:	e7f9      	b.n	100048de <__wrap_vprintf+0x2e>
100048ea:	46c0      	nop			; (mov r8, r8)
100048ec:	10004721 	.word	0x10004721

100048f0 <__wrap_printf>:
100048f0:	b40f      	push	{r0, r1, r2, r3}
100048f2:	b500      	push	{lr}
100048f4:	b083      	sub	sp, #12
100048f6:	a904      	add	r1, sp, #16
100048f8:	c901      	ldmia	r1!, {r0}
100048fa:	9101      	str	r1, [sp, #4]
100048fc:	f7ff ffd8 	bl	100048b0 <__wrap_vprintf>
10004900:	b003      	add	sp, #12
10004902:	bc08      	pop	{r3}
10004904:	b004      	add	sp, #16
10004906:	4718      	bx	r3

10004908 <stdio_init_all>:
10004908:	b510      	push	{r4, lr}
1000490a:	f000 f8f9 	bl	10004b00 <stdio_uart_init>
1000490e:	2001      	movs	r0, #1
10004910:	bd10      	pop	{r4, pc}
	...

10004914 <stdio_uart_out_chars>:
10004914:	b5f0      	push	{r4, r5, r6, r7, lr}
10004916:	b083      	sub	sp, #12
10004918:	0005      	movs	r5, r0
1000491a:	000e      	movs	r6, r1
1000491c:	2400      	movs	r4, #0
1000491e:	e00f      	b.n	10004940 <stdio_uart_out_chars+0x2c>
10004920:	466b      	mov	r3, sp
10004922:	1dd9      	adds	r1, r3, #7
10004924:	230d      	movs	r3, #13
10004926:	700b      	strb	r3, [r1, #0]
10004928:	2000      	movs	r0, #0
1000492a:	2800      	cmp	r0, #0
1000492c:	d116      	bne.n	1000495c <stdio_uart_out_chars+0x48>
1000492e:	6993      	ldr	r3, [r2, #24]
10004930:	069b      	lsls	r3, r3, #26
10004932:	d4fc      	bmi.n	1000492e <stdio_uart_out_chars+0x1a>
10004934:	780b      	ldrb	r3, [r1, #0]
10004936:	6013      	str	r3, [r2, #0]
10004938:	3001      	adds	r0, #1
1000493a:	3101      	adds	r1, #1
1000493c:	e7f5      	b.n	1000492a <stdio_uart_out_chars+0x16>
1000493e:	3401      	adds	r4, #1
10004940:	42b4      	cmp	r4, r6
10004942:	da19      	bge.n	10004978 <stdio_uart_out_chars+0x64>
10004944:	4b0d      	ldr	r3, [pc, #52]	; (1000497c <stdio_uart_out_chars+0x68>)
10004946:	681a      	ldr	r2, [r3, #0]
10004948:	5d2f      	ldrb	r7, [r5, r4]
1000494a:	4b0d      	ldr	r3, [pc, #52]	; (10004980 <stdio_uart_out_chars+0x6c>)
1000494c:	18d3      	adds	r3, r2, r3
1000494e:	4259      	negs	r1, r3
10004950:	414b      	adcs	r3, r1
10004952:	005b      	lsls	r3, r3, #1
10004954:	490b      	ldr	r1, [pc, #44]	; (10004984 <stdio_uart_out_chars+0x70>)
10004956:	5e5b      	ldrsh	r3, [r3, r1]
10004958:	42bb      	cmp	r3, r7
1000495a:	d0e1      	beq.n	10004920 <stdio_uart_out_chars+0xc>
1000495c:	466b      	mov	r3, sp
1000495e:	1dd9      	adds	r1, r3, #7
10004960:	700f      	strb	r7, [r1, #0]
10004962:	2000      	movs	r0, #0
10004964:	2800      	cmp	r0, #0
10004966:	d1ea      	bne.n	1000493e <stdio_uart_out_chars+0x2a>
10004968:	6993      	ldr	r3, [r2, #24]
1000496a:	069b      	lsls	r3, r3, #26
1000496c:	d4fc      	bmi.n	10004968 <stdio_uart_out_chars+0x54>
1000496e:	780b      	ldrb	r3, [r1, #0]
10004970:	6013      	str	r3, [r2, #0]
10004972:	3001      	adds	r0, #1
10004974:	3101      	adds	r1, #1
10004976:	e7f5      	b.n	10004964 <stdio_uart_out_chars+0x50>
10004978:	b003      	add	sp, #12
1000497a:	bdf0      	pop	{r4, r5, r6, r7, pc}
1000497c:	20000710 	.word	0x20000710
10004980:	bffc8000 	.word	0xbffc8000
10004984:	2000070c 	.word	0x2000070c

10004988 <stdio_uart_in_chars>:
10004988:	b5f0      	push	{r4, r5, r6, r7, lr}
1000498a:	b083      	sub	sp, #12
1000498c:	0006      	movs	r6, r0
1000498e:	000f      	movs	r7, r1
10004990:	2500      	movs	r5, #0
10004992:	e004      	b.n	1000499e <stdio_uart_in_chars+0x16>
10004994:	466b      	mov	r3, sp
10004996:	3307      	adds	r3, #7
10004998:	781b      	ldrb	r3, [r3, #0]
1000499a:	702b      	strb	r3, [r5, #0]
1000499c:	0025      	movs	r5, r4
1000499e:	42bd      	cmp	r5, r7
100049a0:	da15      	bge.n	100049ce <stdio_uart_in_chars+0x46>
100049a2:	4b17      	ldr	r3, [pc, #92]	; (10004a00 <stdio_uart_in_chars+0x78>)
100049a4:	681a      	ldr	r2, [r3, #0]
100049a6:	6993      	ldr	r3, [r2, #24]
100049a8:	2410      	movs	r4, #16
100049aa:	0021      	movs	r1, r4
100049ac:	4019      	ands	r1, r3
100049ae:	421c      	tst	r4, r3
100049b0:	d10d      	bne.n	100049ce <stdio_uart_in_chars+0x46>
100049b2:	1c6c      	adds	r4, r5, #1
100049b4:	1975      	adds	r5, r6, r5
100049b6:	466b      	mov	r3, sp
100049b8:	1dd8      	adds	r0, r3, #7
100049ba:	2900      	cmp	r1, #0
100049bc:	d1ea      	bne.n	10004994 <stdio_uart_in_chars+0xc>
100049be:	6993      	ldr	r3, [r2, #24]
100049c0:	06db      	lsls	r3, r3, #27
100049c2:	d4fc      	bmi.n	100049be <stdio_uart_in_chars+0x36>
100049c4:	6813      	ldr	r3, [r2, #0]
100049c6:	7003      	strb	r3, [r0, #0]
100049c8:	3101      	adds	r1, #1
100049ca:	3001      	adds	r0, #1
100049cc:	e7f5      	b.n	100049ba <stdio_uart_in_chars+0x32>
100049ce:	4b0d      	ldr	r3, [pc, #52]	; (10004a04 <stdio_uart_in_chars+0x7c>)
100049d0:	681b      	ldr	r3, [r3, #0]
100049d2:	2b00      	cmp	r3, #0
100049d4:	d00c      	beq.n	100049f0 <stdio_uart_in_chars+0x68>
100049d6:	4b0a      	ldr	r3, [pc, #40]	; (10004a00 <stdio_uart_in_chars+0x78>)
100049d8:	681a      	ldr	r2, [r3, #0]
100049da:	2350      	movs	r3, #80	; 0x50
100049dc:	6393      	str	r3, [r2, #56]	; 0x38
100049de:	0011      	movs	r1, r2
100049e0:	3134      	adds	r1, #52	; 0x34
100049e2:	6b53      	ldr	r3, [r2, #52]	; 0x34
100049e4:	2238      	movs	r2, #56	; 0x38
100049e6:	401a      	ands	r2, r3
100049e8:	2380      	movs	r3, #128	; 0x80
100049ea:	015b      	lsls	r3, r3, #5
100049ec:	430b      	orrs	r3, r1
100049ee:	601a      	str	r2, [r3, #0]
100049f0:	2d00      	cmp	r5, #0
100049f2:	d002      	beq.n	100049fa <stdio_uart_in_chars+0x72>
100049f4:	0028      	movs	r0, r5
100049f6:	b003      	add	sp, #12
100049f8:	bdf0      	pop	{r4, r5, r6, r7, pc}
100049fa:	3d03      	subs	r5, #3
100049fc:	e7fa      	b.n	100049f4 <stdio_uart_in_chars+0x6c>
100049fe:	46c0      	nop			; (mov r8, r8)
10004a00:	20000710 	.word	0x20000710
10004a04:	2000046c 	.word	0x2000046c

10004a08 <on_uart_rx>:
10004a08:	b510      	push	{r4, lr}
10004a0a:	4b06      	ldr	r3, [pc, #24]	; (10004a24 <on_uart_rx+0x1c>)
10004a0c:	681b      	ldr	r3, [r3, #0]
10004a0e:	2b00      	cmp	r3, #0
10004a10:	d006      	beq.n	10004a20 <on_uart_rx+0x18>
10004a12:	4a05      	ldr	r2, [pc, #20]	; (10004a28 <on_uart_rx+0x20>)
10004a14:	6812      	ldr	r2, [r2, #0]
10004a16:	2100      	movs	r1, #0
10004a18:	6391      	str	r1, [r2, #56]	; 0x38
10004a1a:	4a04      	ldr	r2, [pc, #16]	; (10004a2c <on_uart_rx+0x24>)
10004a1c:	6810      	ldr	r0, [r2, #0]
10004a1e:	4798      	blx	r3
10004a20:	bd10      	pop	{r4, pc}
10004a22:	46c0      	nop			; (mov r8, r8)
10004a24:	2000046c 	.word	0x2000046c
10004a28:	20000710 	.word	0x20000710
10004a2c:	20000470 	.word	0x20000470

10004a30 <stdio_uart_set_chars_available_callback>:
10004a30:	b570      	push	{r4, r5, r6, lr}
10004a32:	0004      	movs	r4, r0
10004a34:	000e      	movs	r6, r1
10004a36:	4b1c      	ldr	r3, [pc, #112]	; (10004aa8 <stdio_uart_set_chars_available_callback+0x78>)
10004a38:	681b      	ldr	r3, [r3, #0]
10004a3a:	4a1c      	ldr	r2, [pc, #112]	; (10004aac <stdio_uart_set_chars_available_callback+0x7c>)
10004a3c:	1898      	adds	r0, r3, r2
10004a3e:	4242      	negs	r2, r0
10004a40:	4150      	adcs	r0, r2
10004a42:	3014      	adds	r0, #20
10004a44:	0005      	movs	r5, r0
10004a46:	2c00      	cmp	r4, #0
10004a48:	d003      	beq.n	10004a52 <stdio_uart_set_chars_available_callback+0x22>
10004a4a:	4a19      	ldr	r2, [pc, #100]	; (10004ab0 <stdio_uart_set_chars_available_callback+0x80>)
10004a4c:	6812      	ldr	r2, [r2, #0]
10004a4e:	2a00      	cmp	r2, #0
10004a50:	d006      	beq.n	10004a60 <stdio_uart_set_chars_available_callback+0x30>
10004a52:	2c00      	cmp	r4, #0
10004a54:	d019      	beq.n	10004a8a <stdio_uart_set_chars_available_callback+0x5a>
10004a56:	4b16      	ldr	r3, [pc, #88]	; (10004ab0 <stdio_uart_set_chars_available_callback+0x80>)
10004a58:	601c      	str	r4, [r3, #0]
10004a5a:	4b16      	ldr	r3, [pc, #88]	; (10004ab4 <stdio_uart_set_chars_available_callback+0x84>)
10004a5c:	601e      	str	r6, [r3, #0]
10004a5e:	bd70      	pop	{r4, r5, r6, pc}
10004a60:	4915      	ldr	r1, [pc, #84]	; (10004ab8 <stdio_uart_set_chars_available_callback+0x88>)
10004a62:	f7fb ffd1 	bl	10000a08 <irq_set_exclusive_handler>
10004a66:	2101      	movs	r1, #1
10004a68:	0028      	movs	r0, r5
10004a6a:	f7fb ffbd 	bl	100009e8 <irq_set_enabled>
10004a6e:	4b0e      	ldr	r3, [pc, #56]	; (10004aa8 <stdio_uart_set_chars_available_callback+0x78>)
10004a70:	681a      	ldr	r2, [r3, #0]
10004a72:	2350      	movs	r3, #80	; 0x50
10004a74:	6393      	str	r3, [r2, #56]	; 0x38
10004a76:	0011      	movs	r1, r2
10004a78:	3134      	adds	r1, #52	; 0x34
10004a7a:	6b53      	ldr	r3, [r2, #52]	; 0x34
10004a7c:	2238      	movs	r2, #56	; 0x38
10004a7e:	401a      	ands	r2, r3
10004a80:	2380      	movs	r3, #128	; 0x80
10004a82:	015b      	lsls	r3, r3, #5
10004a84:	430b      	orrs	r3, r1
10004a86:	601a      	str	r2, [r3, #0]
10004a88:	e7e5      	b.n	10004a56 <stdio_uart_set_chars_available_callback+0x26>
10004a8a:	4a09      	ldr	r2, [pc, #36]	; (10004ab0 <stdio_uart_set_chars_available_callback+0x80>)
10004a8c:	6812      	ldr	r2, [r2, #0]
10004a8e:	2a00      	cmp	r2, #0
10004a90:	d0e1      	beq.n	10004a56 <stdio_uart_set_chars_available_callback+0x26>
10004a92:	2200      	movs	r2, #0
10004a94:	639a      	str	r2, [r3, #56]	; 0x38
10004a96:	2100      	movs	r1, #0
10004a98:	0028      	movs	r0, r5
10004a9a:	f7fb ffa5 	bl	100009e8 <irq_set_enabled>
10004a9e:	4906      	ldr	r1, [pc, #24]	; (10004ab8 <stdio_uart_set_chars_available_callback+0x88>)
10004aa0:	0028      	movs	r0, r5
10004aa2:	f7fb ffdb 	bl	10000a5c <irq_remove_handler>
10004aa6:	e7d6      	b.n	10004a56 <stdio_uart_set_chars_available_callback+0x26>
10004aa8:	20000710 	.word	0x20000710
10004aac:	bffc8000 	.word	0xbffc8000
10004ab0:	2000046c 	.word	0x2000046c
10004ab4:	20000470 	.word	0x20000470
10004ab8:	10004a09 	.word	0x10004a09

10004abc <stdio_uart_init_full>:
10004abc:	b570      	push	{r4, r5, r6, lr}
10004abe:	000d      	movs	r5, r1
10004ac0:	001c      	movs	r4, r3
10004ac2:	4b0d      	ldr	r3, [pc, #52]	; (10004af8 <stdio_uart_init_full+0x3c>)
10004ac4:	6018      	str	r0, [r3, #0]
10004ac6:	2a00      	cmp	r2, #0
10004ac8:	da0b      	bge.n	10004ae2 <stdio_uart_init_full+0x26>
10004aca:	2c00      	cmp	r4, #0
10004acc:	da0e      	bge.n	10004aec <stdio_uart_init_full+0x30>
10004ace:	4b0a      	ldr	r3, [pc, #40]	; (10004af8 <stdio_uart_init_full+0x3c>)
10004ad0:	6818      	ldr	r0, [r3, #0]
10004ad2:	0029      	movs	r1, r5
10004ad4:	f7fd fb14 	bl	10002100 <uart_init>
10004ad8:	2101      	movs	r1, #1
10004ada:	4808      	ldr	r0, [pc, #32]	; (10004afc <stdio_uart_init_full+0x40>)
10004adc:	f7ff feb2 	bl	10004844 <stdio_set_driver_enabled>
10004ae0:	bd70      	pop	{r4, r5, r6, pc}
10004ae2:	2102      	movs	r1, #2
10004ae4:	0010      	movs	r0, r2
10004ae6:	f7fb fe75 	bl	100007d4 <gpio_set_function>
10004aea:	e7ee      	b.n	10004aca <stdio_uart_init_full+0xe>
10004aec:	2102      	movs	r1, #2
10004aee:	0020      	movs	r0, r4
10004af0:	f7fb fe70 	bl	100007d4 <gpio_set_function>
10004af4:	e7eb      	b.n	10004ace <stdio_uart_init_full+0x12>
10004af6:	46c0      	nop			; (mov r8, r8)
10004af8:	20000710 	.word	0x20000710
10004afc:	20000300 	.word	0x20000300

10004b00 <stdio_uart_init>:
10004b00:	b510      	push	{r4, lr}
10004b02:	4b06      	ldr	r3, [pc, #24]	; (10004b1c <stdio_uart_init+0x1c>)
10004b04:	781b      	ldrb	r3, [r3, #0]
10004b06:	4b06      	ldr	r3, [pc, #24]	; (10004b20 <stdio_uart_init+0x20>)
10004b08:	781b      	ldrb	r3, [r3, #0]
10004b0a:	21e1      	movs	r1, #225	; 0xe1
10004b0c:	2301      	movs	r3, #1
10004b0e:	2200      	movs	r2, #0
10004b10:	0249      	lsls	r1, r1, #9
10004b12:	4804      	ldr	r0, [pc, #16]	; (10004b24 <stdio_uart_init+0x24>)
10004b14:	f7ff ffd2 	bl	10004abc <stdio_uart_init_full>
10004b18:	bd10      	pop	{r4, pc}
10004b1a:	46c0      	nop			; (mov r8, r8)
10004b1c:	10005e88 	.word	0x10005e88
10004b20:	10005e8c 	.word	0x10005e8c
10004b24:	40034000 	.word	0x40034000

10004b28 <core1_trampoline>:
10004b28:	bd03      	pop	{r0, r1, pc}

10004b2a <core1_wrapper>:
10004b2a:	b510      	push	{r4, lr}
10004b2c:	0004      	movs	r4, r0
10004b2e:	f7fc f8e3 	bl	10000cf8 <irq_init_priorities>
10004b32:	47a0      	blx	r4
10004b34:	bd10      	pop	{r4, pc}

10004b36 <multicore_fifo_push_blocking>:
10004b36:	23d0      	movs	r3, #208	; 0xd0
10004b38:	061b      	lsls	r3, r3, #24
10004b3a:	6d1b      	ldr	r3, [r3, #80]	; 0x50
10004b3c:	079b      	lsls	r3, r3, #30
10004b3e:	d5fa      	bpl.n	10004b36 <multicore_fifo_push_blocking>
10004b40:	23d0      	movs	r3, #208	; 0xd0
10004b42:	061b      	lsls	r3, r3, #24
10004b44:	6558      	str	r0, [r3, #84]	; 0x54
10004b46:	bf40      	sev
10004b48:	4770      	bx	lr

10004b4a <multicore_fifo_pop_blocking>:
10004b4a:	e000      	b.n	10004b4e <multicore_fifo_pop_blocking+0x4>
10004b4c:	bf20      	wfe
10004b4e:	23d0      	movs	r3, #208	; 0xd0
10004b50:	061b      	lsls	r3, r3, #24
10004b52:	6d1b      	ldr	r3, [r3, #80]	; 0x50
10004b54:	07db      	lsls	r3, r3, #31
10004b56:	d5f9      	bpl.n	10004b4c <multicore_fifo_pop_blocking+0x2>
10004b58:	23d0      	movs	r3, #208	; 0xd0
10004b5a:	061b      	lsls	r3, r3, #24
10004b5c:	6d98      	ldr	r0, [r3, #88]	; 0x58
10004b5e:	4770      	bx	lr

10004b60 <multicore_launch_core1_raw>:
10004b60:	b5f0      	push	{r4, r5, r6, r7, lr}
10004b62:	b087      	sub	sp, #28
10004b64:	0004      	movs	r4, r0
10004b66:	000d      	movs	r5, r1
10004b68:	0017      	movs	r7, r2
10004b6a:	200f      	movs	r0, #15
10004b6c:	f7fb ff20 	bl	100009b0 <irq_is_enabled>
10004b70:	0006      	movs	r6, r0
10004b72:	2100      	movs	r1, #0
10004b74:	200f      	movs	r0, #15
10004b76:	f7fb ff37 	bl	100009e8 <irq_set_enabled>
10004b7a:	2300      	movs	r3, #0
10004b7c:	9300      	str	r3, [sp, #0]
10004b7e:	9301      	str	r3, [sp, #4]
10004b80:	3301      	adds	r3, #1
10004b82:	9302      	str	r3, [sp, #8]
10004b84:	9703      	str	r7, [sp, #12]
10004b86:	9504      	str	r5, [sp, #16]
10004b88:	9405      	str	r4, [sp, #20]
10004b8a:	2500      	movs	r5, #0
10004b8c:	e000      	b.n	10004b90 <multicore_launch_core1_raw+0x30>
10004b8e:	2500      	movs	r5, #0
10004b90:	00ab      	lsls	r3, r5, #2
10004b92:	466a      	mov	r2, sp
10004b94:	589c      	ldr	r4, [r3, r2]
10004b96:	2c00      	cmp	r4, #0
10004b98:	d012      	beq.n	10004bc0 <multicore_launch_core1_raw+0x60>
10004b9a:	0020      	movs	r0, r4
10004b9c:	f7ff ffcb 	bl	10004b36 <multicore_fifo_push_blocking>
10004ba0:	f7ff ffd3 	bl	10004b4a <multicore_fifo_pop_blocking>
10004ba4:	4284      	cmp	r4, r0
10004ba6:	d1f2      	bne.n	10004b8e <multicore_launch_core1_raw+0x2e>
10004ba8:	3501      	adds	r5, #1
10004baa:	2d05      	cmp	r5, #5
10004bac:	d9f0      	bls.n	10004b90 <multicore_launch_core1_raw+0x30>
10004bae:	0031      	movs	r1, r6
10004bb0:	200f      	movs	r0, #15
10004bb2:	f7fb ff19 	bl	100009e8 <irq_set_enabled>
10004bb6:	b007      	add	sp, #28
10004bb8:	bdf0      	pop	{r4, r5, r6, r7, pc}
10004bba:	23d0      	movs	r3, #208	; 0xd0
10004bbc:	061b      	lsls	r3, r3, #24
10004bbe:	6d9b      	ldr	r3, [r3, #88]	; 0x58
10004bc0:	23d0      	movs	r3, #208	; 0xd0
10004bc2:	061b      	lsls	r3, r3, #24
10004bc4:	6d1b      	ldr	r3, [r3, #80]	; 0x50
10004bc6:	07db      	lsls	r3, r3, #31
10004bc8:	d4f7      	bmi.n	10004bba <multicore_launch_core1_raw+0x5a>
10004bca:	bf40      	sev
10004bcc:	e7e5      	b.n	10004b9a <multicore_launch_core1_raw+0x3a>
	...

10004bd0 <multicore_launch_core1_with_stack>:
10004bd0:	b510      	push	{r4, lr}
10004bd2:	000b      	movs	r3, r1
10004bd4:	0791      	lsls	r1, r2, #30
10004bd6:	d111      	bne.n	10004bfc <multicore_launch_core1_with_stack+0x2c>
10004bd8:	2103      	movs	r1, #3
10004bda:	438a      	bics	r2, r1
10004bdc:	189a      	adds	r2, r3, r2
10004bde:	0011      	movs	r1, r2
10004be0:	390c      	subs	r1, #12
10004be2:	6008      	str	r0, [r1, #0]
10004be4:	0010      	movs	r0, r2
10004be6:	3808      	subs	r0, #8
10004be8:	6003      	str	r3, [r0, #0]
10004bea:	3a04      	subs	r2, #4
10004bec:	4b06      	ldr	r3, [pc, #24]	; (10004c08 <multicore_launch_core1_with_stack+0x38>)
10004bee:	6013      	str	r3, [r2, #0]
10004bf0:	4b06      	ldr	r3, [pc, #24]	; (10004c0c <multicore_launch_core1_with_stack+0x3c>)
10004bf2:	689a      	ldr	r2, [r3, #8]
10004bf4:	4806      	ldr	r0, [pc, #24]	; (10004c10 <multicore_launch_core1_with_stack+0x40>)
10004bf6:	f7ff ffb3 	bl	10004b60 <multicore_launch_core1_raw>
10004bfa:	bd10      	pop	{r4, pc}
10004bfc:	4b05      	ldr	r3, [pc, #20]	; (10004c14 <multicore_launch_core1_with_stack+0x44>)
10004bfe:	4a06      	ldr	r2, [pc, #24]	; (10004c18 <multicore_launch_core1_with_stack+0x48>)
10004c00:	2176      	movs	r1, #118	; 0x76
10004c02:	4806      	ldr	r0, [pc, #24]	; (10004c1c <multicore_launch_core1_with_stack+0x4c>)
10004c04:	f7fd fc78 	bl	100024f8 <__assert_func>
10004c08:	10004b2b 	.word	0x10004b2b
10004c0c:	e000ed00 	.word	0xe000ed00
10004c10:	10004b29 	.word	0x10004b29
10004c14:	10005e2c 	.word	0x10005e2c
10004c18:	10005e48 	.word	0x10005e48
10004c1c:	10005dc8 	.word	0x10005dc8

10004c20 <multicore_launch_core1>:
10004c20:	b510      	push	{r4, lr}
10004c22:	4a06      	ldr	r2, [pc, #24]	; (10004c3c <multicore_launch_core1+0x1c>)
10004c24:	4b06      	ldr	r3, [pc, #24]	; (10004c40 <multicore_launch_core1+0x20>)
10004c26:	429a      	cmp	r2, r3
10004c28:	d305      	bcc.n	10004c36 <multicore_launch_core1+0x16>
10004c2a:	0011      	movs	r1, r2
10004c2c:	2280      	movs	r2, #128	; 0x80
10004c2e:	0112      	lsls	r2, r2, #4
10004c30:	f7ff ffce 	bl	10004bd0 <multicore_launch_core1_with_stack>
10004c34:	bd10      	pop	{r4, pc}
10004c36:	2101      	movs	r1, #1
10004c38:	4249      	negs	r1, r1
10004c3a:	e7f7      	b.n	10004c2c <multicore_launch_core1+0xc>
10004c3c:	20040800 	.word	0x20040800
10004c40:	20040000 	.word	0x20040000

10004c44 <strlen>:
10004c44:	b510      	push	{r4, lr}
10004c46:	0783      	lsls	r3, r0, #30
10004c48:	d00a      	beq.n	10004c60 <strlen+0x1c>
10004c4a:	0003      	movs	r3, r0
10004c4c:	2103      	movs	r1, #3
10004c4e:	e002      	b.n	10004c56 <strlen+0x12>
10004c50:	3301      	adds	r3, #1
10004c52:	420b      	tst	r3, r1
10004c54:	d005      	beq.n	10004c62 <strlen+0x1e>
10004c56:	781a      	ldrb	r2, [r3, #0]
10004c58:	2a00      	cmp	r2, #0
10004c5a:	d1f9      	bne.n	10004c50 <strlen+0xc>
10004c5c:	1a18      	subs	r0, r3, r0
10004c5e:	bd10      	pop	{r4, pc}
10004c60:	0003      	movs	r3, r0
10004c62:	6819      	ldr	r1, [r3, #0]
10004c64:	4a0c      	ldr	r2, [pc, #48]	; (10004c98 <strlen+0x54>)
10004c66:	4c0d      	ldr	r4, [pc, #52]	; (10004c9c <strlen+0x58>)
10004c68:	188a      	adds	r2, r1, r2
10004c6a:	438a      	bics	r2, r1
10004c6c:	4222      	tst	r2, r4
10004c6e:	d10f      	bne.n	10004c90 <strlen+0x4c>
10004c70:	6859      	ldr	r1, [r3, #4]
10004c72:	4a09      	ldr	r2, [pc, #36]	; (10004c98 <strlen+0x54>)
10004c74:	3304      	adds	r3, #4
10004c76:	188a      	adds	r2, r1, r2
10004c78:	438a      	bics	r2, r1
10004c7a:	4222      	tst	r2, r4
10004c7c:	d108      	bne.n	10004c90 <strlen+0x4c>
10004c7e:	6859      	ldr	r1, [r3, #4]
10004c80:	4a05      	ldr	r2, [pc, #20]	; (10004c98 <strlen+0x54>)
10004c82:	3304      	adds	r3, #4
10004c84:	188a      	adds	r2, r1, r2
10004c86:	438a      	bics	r2, r1
10004c88:	4222      	tst	r2, r4
10004c8a:	d0f1      	beq.n	10004c70 <strlen+0x2c>
10004c8c:	e000      	b.n	10004c90 <strlen+0x4c>
10004c8e:	3301      	adds	r3, #1
10004c90:	781a      	ldrb	r2, [r3, #0]
10004c92:	2a00      	cmp	r2, #0
10004c94:	d1fb      	bne.n	10004c8e <strlen+0x4a>
10004c96:	e7e1      	b.n	10004c5c <strlen+0x18>
10004c98:	fefefeff 	.word	0xfefefeff
10004c9c:	80808080 	.word	0x80808080

10004ca0 <_fini>:
10004ca0:	b5f8      	push	{r3, r4, r5, r6, r7, lr}
10004ca2:	46c0      	nop			; (mov r8, r8)
10004ca4:	0000      	movs	r0, r0
	...

10004ca8 <__mutex_exit_veneer>:
10004ca8:	b401      	push	{r0}
10004caa:	4802      	ldr	r0, [pc, #8]	; (10004cb4 <__mutex_exit_veneer+0xc>)
10004cac:	4684      	mov	ip, r0
10004cae:	bc01      	pop	{r0}
10004cb0:	4760      	bx	ip
10004cb2:	bf00      	nop
10004cb4:	200001c9 	.word	0x200001c9

10004cb8 <____aeabi_ldiv0_veneer>:
10004cb8:	b401      	push	{r0}
10004cba:	4802      	ldr	r0, [pc, #8]	; (10004cc4 <____aeabi_ldiv0_veneer+0xc>)
10004cbc:	4684      	mov	ip, r0
10004cbe:	bc01      	pop	{r0}
10004cc0:	4760      	bx	ip
10004cc2:	bf00      	nop
10004cc4:	20000215 	.word	0x20000215

10004cc8 <____aeabi_idiv0_veneer>:
10004cc8:	b401      	push	{r0}
10004cca:	4802      	ldr	r0, [pc, #8]	; (10004cd4 <____aeabi_idiv0_veneer+0xc>)
10004ccc:	4684      	mov	ip, r0
10004cce:	bc01      	pop	{r0}
10004cd0:	4760      	bx	ip
10004cd2:	bf00      	nop
10004cd4:	20000215 	.word	0x20000215

10004cd8 <__mutex_try_enter_block_until_veneer>:
10004cd8:	b401      	push	{r0}
10004cda:	4802      	ldr	r0, [pc, #8]	; (10004ce4 <__mutex_try_enter_block_until_veneer+0xc>)
10004cdc:	4684      	mov	ip, r0
10004cde:	bc01      	pop	{r0}
10004ce0:	4760      	bx	ip
10004ce2:	bf00      	nop
10004ce4:	20000195 	.word	0x20000195

Disassembly of section .data:

200000c0 <mutex_try_enter>:
200000c0:	0003      	movs	r3, r0
200000c2:	6800      	ldr	r0, [r0, #0]
200000c4:	f3ef 8c10 	mrs	ip, PRIMASK
200000c8:	b672      	cpsid	i
200000ca:	6802      	ldr	r2, [r0, #0]
200000cc:	2a00      	cmp	r2, #0
200000ce:	d0fc      	beq.n	200000ca <mutex_try_enter+0xa>
200000d0:	f3bf 8f5f 	dmb	sy
200000d4:	2204      	movs	r2, #4
200000d6:	569a      	ldrsb	r2, [r3, r2]
200000d8:	2a00      	cmp	r2, #0
200000da:	db0b      	blt.n	200000f4 <mutex_try_enter+0x34>
200000dc:	2900      	cmp	r1, #0
200000de:	d010      	beq.n	20000102 <mutex_try_enter+0x42>
200000e0:	600a      	str	r2, [r1, #0]
200000e2:	2000      	movs	r0, #0
200000e4:	681b      	ldr	r3, [r3, #0]
200000e6:	f3bf 8f5f 	dmb	sy
200000ea:	2200      	movs	r2, #0
200000ec:	601a      	str	r2, [r3, #0]
200000ee:	f38c 8810 	msr	PRIMASK, ip
200000f2:	4770      	bx	lr
200000f4:	22d0      	movs	r2, #208	; 0xd0
200000f6:	0612      	lsls	r2, r2, #24
200000f8:	7812      	ldrb	r2, [r2, #0]
200000fa:	b252      	sxtb	r2, r2
200000fc:	711a      	strb	r2, [r3, #4]
200000fe:	2001      	movs	r0, #1
20000100:	e7f0      	b.n	200000e4 <mutex_try_enter+0x24>
20000102:	2000      	movs	r0, #0
20000104:	e7ee      	b.n	200000e4 <mutex_try_enter+0x24>
	...

20000108 <mutex_enter_block_until>:
20000108:	b5f8      	push	{r3, r4, r5, r6, r7, lr}
2000010a:	46ce      	mov	lr, r9
2000010c:	4647      	mov	r7, r8
2000010e:	b580      	push	{r7, lr}
20000110:	0004      	movs	r4, r0
20000112:	0017      	movs	r7, r2
20000114:	4698      	mov	r8, r3
20000116:	6803      	ldr	r3, [r0, #0]
20000118:	2b00      	cmp	r3, #0
2000011a:	d020      	beq.n	2000015e <mutex_enter_block_until+0x56>
2000011c:	23d0      	movs	r3, #208	; 0xd0
2000011e:	061b      	lsls	r3, r3, #24
20000120:	781b      	ldrb	r3, [r3, #0]
20000122:	b25b      	sxtb	r3, r3
20000124:	4699      	mov	r9, r3
20000126:	6826      	ldr	r6, [r4, #0]
20000128:	f3ef 8c10 	mrs	ip, PRIMASK
2000012c:	b672      	cpsid	i
2000012e:	6835      	ldr	r5, [r6, #0]
20000130:	2d00      	cmp	r5, #0
20000132:	d0fc      	beq.n	2000012e <mutex_enter_block_until+0x26>
20000134:	f3bf 8f5f 	dmb	sy
20000138:	2504      	movs	r5, #4
2000013a:	5765      	ldrsb	r5, [r4, r5]
2000013c:	2d00      	cmp	r5, #0
2000013e:	db14      	blt.n	2000016a <mutex_enter_block_until+0x62>
20000140:	6823      	ldr	r3, [r4, #0]
20000142:	f3bf 8f5f 	dmb	sy
20000146:	2200      	movs	r2, #0
20000148:	601a      	str	r2, [r3, #0]
2000014a:	f38c 8810 	msr	PRIMASK, ip
2000014e:	0038      	movs	r0, r7
20000150:	4641      	mov	r1, r8
20000152:	f000 f861 	bl	20000218 <__best_effort_wfe_or_timeout_veneer>
20000156:	2800      	cmp	r0, #0
20000158:	d0e5      	beq.n	20000126 <mutex_enter_block_until+0x1e>
2000015a:	2000      	movs	r0, #0
2000015c:	e00f      	b.n	2000017e <mutex_enter_block_until+0x76>
2000015e:	4b0a      	ldr	r3, [pc, #40]	; (20000188 <mutex_enter_block_until+0x80>)
20000160:	4a0a      	ldr	r2, [pc, #40]	; (2000018c <mutex_enter_block_until+0x84>)
20000162:	2185      	movs	r1, #133	; 0x85
20000164:	480a      	ldr	r0, [pc, #40]	; (20000190 <mutex_enter_block_until+0x88>)
20000166:	f000 f85f 	bl	20000228 <____assert_func_veneer>
2000016a:	464b      	mov	r3, r9
2000016c:	7123      	strb	r3, [r4, #4]
2000016e:	6823      	ldr	r3, [r4, #0]
20000170:	f3bf 8f5f 	dmb	sy
20000174:	2200      	movs	r2, #0
20000176:	601a      	str	r2, [r3, #0]
20000178:	f38c 8810 	msr	PRIMASK, ip
2000017c:	2001      	movs	r0, #1
2000017e:	bcc0      	pop	{r6, r7}
20000180:	46b9      	mov	r9, r7
20000182:	46b0      	mov	r8, r6
20000184:	bdf8      	pop	{r3, r4, r5, r6, r7, pc}
20000186:	46c0      	nop			; (mov r8, r8)
20000188:	10005020 	.word	0x10005020
2000018c:	100050f8 	.word	0x100050f8
20000190:	10004fcc 	.word	0x10004fcc

20000194 <mutex_try_enter_block_until>:
20000194:	b570      	push	{r4, r5, r6, lr}
20000196:	b082      	sub	sp, #8
20000198:	0006      	movs	r6, r0
2000019a:	0015      	movs	r5, r2
2000019c:	001c      	movs	r4, r3
2000019e:	a901      	add	r1, sp, #4
200001a0:	f7ff ff8e 	bl	200000c0 <mutex_try_enter>
200001a4:	2800      	cmp	r0, #0
200001a6:	d107      	bne.n	200001b8 <mutex_try_enter_block_until+0x24>
200001a8:	9b01      	ldr	r3, [sp, #4]
200001aa:	b25b      	sxtb	r3, r3
200001ac:	22d0      	movs	r2, #208	; 0xd0
200001ae:	0612      	lsls	r2, r2, #24
200001b0:	7812      	ldrb	r2, [r2, #0]
200001b2:	b252      	sxtb	r2, r2
200001b4:	4293      	cmp	r3, r2
200001b6:	d101      	bne.n	200001bc <mutex_try_enter_block_until+0x28>
200001b8:	b002      	add	sp, #8
200001ba:	bd70      	pop	{r4, r5, r6, pc}
200001bc:	002a      	movs	r2, r5
200001be:	0023      	movs	r3, r4
200001c0:	0030      	movs	r0, r6
200001c2:	f7ff ffa1 	bl	20000108 <mutex_enter_block_until>
200001c6:	e7f7      	b.n	200001b8 <mutex_try_enter_block_until+0x24>

200001c8 <mutex_exit>:
200001c8:	b510      	push	{r4, lr}
200001ca:	6802      	ldr	r2, [r0, #0]
200001cc:	f3ef 8110 	mrs	r1, PRIMASK
200001d0:	b672      	cpsid	i
200001d2:	6813      	ldr	r3, [r2, #0]
200001d4:	2b00      	cmp	r3, #0
200001d6:	d0fc      	beq.n	200001d2 <mutex_exit+0xa>
200001d8:	f3bf 8f5f 	dmb	sy
200001dc:	2304      	movs	r3, #4
200001de:	56c3      	ldrsb	r3, [r0, r3]
200001e0:	2b00      	cmp	r3, #0
200001e2:	db0a      	blt.n	200001fa <mutex_exit+0x32>
200001e4:	23ff      	movs	r3, #255	; 0xff
200001e6:	7103      	strb	r3, [r0, #4]
200001e8:	6803      	ldr	r3, [r0, #0]
200001ea:	f3bf 8f5f 	dmb	sy
200001ee:	2200      	movs	r2, #0
200001f0:	601a      	str	r2, [r3, #0]
200001f2:	f381 8810 	msr	PRIMASK, r1
200001f6:	bf40      	sev
200001f8:	bd10      	pop	{r4, pc}
200001fa:	4b03      	ldr	r3, [pc, #12]	; (20000208 <mutex_exit+0x40>)
200001fc:	4a03      	ldr	r2, [pc, #12]	; (2000020c <mutex_exit+0x44>)
200001fe:	21b4      	movs	r1, #180	; 0xb4
20000200:	4803      	ldr	r0, [pc, #12]	; (20000210 <mutex_exit+0x48>)
20000202:	f000 f811 	bl	20000228 <____assert_func_veneer>
20000206:	46c0      	nop			; (mov r8, r8)
20000208:	100050b4 	.word	0x100050b4
2000020c:	100050ec 	.word	0x100050ec
20000210:	10004fcc 	.word	0x10004fcc

20000214 <__aeabi_idiv0>:
20000214:	4770      	bx	lr
20000216:	46c0      	nop			; (mov r8, r8)

20000218 <__best_effort_wfe_or_timeout_veneer>:
20000218:	b401      	push	{r0}
2000021a:	4802      	ldr	r0, [pc, #8]	; (20000224 <__best_effort_wfe_or_timeout_veneer+0xc>)
2000021c:	4684      	mov	ip, r0
2000021e:	bc01      	pop	{r0}
20000220:	4760      	bx	ip
20000222:	bf00      	nop
20000224:	10001811 	.word	0x10001811

20000228 <____assert_func_veneer>:
20000228:	b401      	push	{r0}
2000022a:	4802      	ldr	r0, [pc, #8]	; (20000234 <____assert_func_veneer+0xc>)
2000022c:	4684      	mov	ip, r0
2000022e:	bc01      	pop	{r0}
20000230:	4760      	bx	ip
20000232:	bf00      	nop
20000234:	100024f9 	.word	0x100024f9

20000238 <digit_pins>:
20000238:	00000018 00000019                       ........

20000240 <segment_pins>:
20000240:	00000010 00000011 00000012 00000013     ................
20000250:	00000014 00000015 00000016 00000017     ................

20000260 <striped_spin_lock_num>:
20000260:	00000010                                ....

20000264 <irq_handler_chain_slots>:
20000264:	00000000 	.word	0x00000000
20000268:	00010000 	.word	0x00010000
	...
20000274:	00020000 	.word	0x00020000
	...
20000280:	00030000 	.word	0x00030000
	...
2000028c:	00ff0000 	.word	0x00ff0000
20000290:	00000000 	.word	0x00000000

20000294 <irq_handler_chain_first_slot>:
20000294:	b501      	push	{r0, lr}
20000296:	6848      	ldr	r0, [r1, #4]
20000298:	3101      	adds	r1, #1
2000029a:	468e      	mov	lr, r1
2000029c:	4700      	bx	r0

2000029e <irq_handler_chain_remove_tail>:
2000029e:	4670      	mov	r0, lr
200002a0:	3809      	subs	r0, #9
200002a2:	4901      	ldr	r1, [pc, #4]	; (200002a8 <irq_handler_chain_remove_tail+0xa>)
200002a4:	4788      	blx	r1
200002a6:	bd01      	pop	{r0, pc}
200002a8:	10000c09 	.word	0x10000c09

200002ac <default_alarm_pool>:
200002ac:	200002c4 00000000 20000340 2000049c     ... ....@.. ... 
	...

200002c4 <default_alarm_pool_heap>:
200002c4:	200004ac 00000000 00000000 00000010     ... ............
	...

200002e0 <aeabi_bits_funcs>:
200002e0:	00003350 	.word	0x00003350
200002e4:	0000334c 	.word	0x0000334c
200002e8:	00003354 	.word	0x00003354
200002ec:	00003352 	.word	0x00003352

200002f0 <aeabi_bits_funcs_end>:
200002f0:	0000534d 	.word	0x0000534d
200002f4:	0000434d 	.word	0x0000434d
200002f8:	00003453 	.word	0x00003453
200002fc:	00003443 	.word	0x00003443

20000300 <stdio_uart>:
20000300:	10004915 00000000 10004989 10004a31     .I.......I..1J..
20000310:	00000000 00000100                       ........

20000318 <malloc_mutex>:
	...

20000320 <print_mutex>:
	...

20000328 <__mutex_array_end>:
20000328:	10004631 	.word	0x10004631
2000032c:	1000379d 	.word	0x1000379d
20000330:	10003e9d 	.word	0x10003e9d
20000334:	10004501 	.word	0x10004501

20000338 <__frame_dummy_init_array_entry>:
20000338:	100002e5                                ....
