:020000041000EA
:1000000000B5324B212058609868022188439860DF
:10001000D860186158612E4B002199600221596106
:100020000121F02299502B49196001219960352056
:1000300000F044F80222904214D00621196600F024
:1000400034F8196E01211966002018661A6600F04E
:100050002CF8196E196E196E052000F02FF8012189
:100060000842F9D1002199601B49196000215960AB
:100070001A491B48016001219960EB211966A021F2
:10008000196600F012F800219960164914480160C1
:100090000121996001BC002800D000471248134993
:1000A000086003C880F30888084703B5996A0420EC
:1000B0000142FBD001200142F8D103BD02B5186610
:1000C0001866FFF7F2FF186E186E02BD00000240BE
:1000D000000000180000070000035F00212200005C
:1000E000F4000018222000A00001001008ED00E03C
:1000F00000000000000000000000000074B24E7A12
:1001000000200420F7010010C3010010C5010010F9
:10011000C1010010C1010010C1010010C101001097
:10012000C1010010C1010010C1010010C701001081
:10013000C1010010C1010010C9010010CB01001065
:10014000CD010010CD010010CD010010CD01001037
:10015000CD010010CD010010CD010010CD01001027
:10016000CD010010CD010010CD010010CD01001017
:10017000CD010010CD010010CD010010CD01001007
:10018000CD010010CD010010CD010010CD010010F7
:10019000CD010010CD010010CD010010CD010010E7
:1001A000CD010010CD010010CD010010CD010010D7
:1001B000CD010010CD010010CD010010CD010010C7
:1001C00000BE00BE00BE00BE00BE00BEEFF3058054
:1001D000103800BEF2EB8871588B0010788B00103D
:1001E0003402001090A31AE700201F49086006C8D7
:1001F00081F3088810471D48006800282FD10DA4FE
:100200000ECC002902D000F012F8F9E71849194A7B
:10021000002000E001C19142FCD1174988471749ED
:1002200088471749884700BEFDE701C901C29A42C5
:10023000FBD37047788B0010C0000020B00C00206A
:100240006897001000000420000004206897001048
:10025000001004200010042000000000704709482E
:1002600003F01EFC0047000008ED00E0000000D095
:10027000B00C0020401A002029280010710800103E
:10028000E52700105756000006005250ABB36053EC
:100290006084001006005250861C03027084001017
:1002A000060052505422A29D7C840010050052503A
:1002B000DE65F46868970010F8B5C04610B5064CC6
:1002C0002378002B07D1054B002B02D0044800E017
:1002D00000BF0123237010BDC00D002000000000EE
:1002E00050730010044B10B5002B03D00349044891
:1002F00000E000BF10BDC04600000000C40D00209B
:100300005073001010B5040001F034FD002903DB28
:1003100020606160200010BD024B034A3F2103486A
:1003200002F064FA50730010447400106C730010F3
:1003300030B593B04422114901A804F001FB002418
:100340000BE0A20001ABD558280000F0E7FA01232A
:10035000AB40D022120653620134102CF1D90F2089
:1003600000F0DCFAD0231B06802212029A620022DF
:1003700001210F2000F0B8FA13B030BDE473001073
:1003800030B589B0092800D9002001A9114B4433A8
:100390000A0032CB32C232CB32C21B681360002358
:1003A00003E0D02109068A610133062B0FDC9A0095
:1003B00001A95458C100091A074A5218D15C0122F8
:1003C000A2400029EDD0D02109064A61ECE709B02E
:1003D00030BDC046E47300105C74001010B588B0E6
:1003E00001A90C4B44330A0013CB13C213CB13C225
:1003F0001B681360002308E0990001AA89580122B4
:100400008A40D02109068A610133062BF4DD08B049
:1004100010BDC046E4730010F0B5DE4657464E46A8
:100420004546E0B5804692469B4609A8007884463A
:100430000AA800780BAC27780CAC26780DAC257890
:100440000EAC24784346002B4AD0D0231B06984696
:100450000423994643464A465A61002949D0D0218F
:10046000090608234B615346002B47D0D0221206C1
:10047000102151615B46002B45D0D0231B06202262
:100480005A616346002B43D0D0231B0640225A6199
:10049000002842D0D0231B0680225A61002F41D071
:1004A000D0231B068022D2005A61002E40D0D023D8
:1004B0001B06802212015A61002D3FD0D0231B065B
:1004C000802252015A61002C3ED0D0231B0680228C
:1004D00092015A61F0BCBB46B246A946A046F0BDA7
:1004E000D0231B0698460423994643464A469A6100
:1004F000B3E7D021090608238B61B4E7D0221206A6
:1005000010219161B6E7D0231B0620229A61B8E73B
:10051000D0231B0640229A61BAE7D0231B06802213
:100520009A61BBE7D0231B068022D2009A61BCE708
:10053000D0231B06802212019A61BDE7D0231B063F
:10054000802252019A61BEE7D0231B0680229201CD
:100550009A61BFE710B5D0231B065B681B0401D569
:10056000002010BD142001F051FBD0231B065B6856
:100570001B0401D50020F4E7064B01221A7002E0AB
:100580000A2001F043FBD0231B065B681B04F7D550
:100590000120E6E7341A0020F0B587B00122059269
:1005A00000230493039302920193009301330021EB
:1005B0000020FFF731FF1E4B1B78002B33D00A249D
:1005C0000EE0D02636068027BF01B761FA256D0000
:1005D000280001F01BFB7761280001F017FB013CAC
:1005E000002C09DBE0B2FFF7CBFE032CE9DDFA209B
:1005F000800001F00BFBF2E7FFF7F0FE002405940A
:100600000123049303940293019400940122002196
:100610000020FFF701FFFA20C00001F0F7FA044BB9
:100620001C7007B0F0BD034801F0F0FAE6E7C046E1
:100630003B1A00201027000000B587B0824B1A78C3
:10064000042A00D9F8E09300804AD3589F4600233B
:1006500005930122049203930292019300930133C4
:1006600000210020FFF7D8FE794B1B78002B05D026
:10067000784B01221A70764B00221A7001F07AFB37
:1006800002000B1E17DB744908684968121A8B4177
:10069000002B05DC00D0CFE0704B9A4200D8CBE0B5
:1006A000694B01221A7001F065FB002909DB6A4BD6
:1006B00018605960C0E06A4B6A4A3F216A4802F0FC
:1006C00095F8674B674A3F21674802F08FF800238F
:1006D0000593012204920393029201930093013344
:1006E000002201210020FFF797FE01F043FB0200EA
:1006F0000B1E17DB584908684968121A8B41002BFA
:1007000005DC00D098E0594B9A4200D894E04E4B5B
:1007100002221A7001F02EFB002909DB4E4B1860F3
:10072000596089E04E4B4F4A3F214F4802F05EF836
:100730004B4B4C4A3F214C4802F058F8002305939C
:10074000012204920393029201920093002200215D
:100750000120FFF761FE3E4B1B78002B05D03D4B7F
:1007600001221A703A4B00221A7001F003FB0200BA
:100770000B1E15DB384908684968121A8B41002B9B
:1007800003DC59D1354B9A4256D92F4B03221A70AC
:1007900001F0F0FA002909DB2F4B186059604BE09B
:1007A0002F4B304A3F21304802F020F82C4B2D4A85
:1007B0003F212D4802F01AF80022059201230493EC
:1007C0000392029301920093002300210120FFF77E
:1007D00023FE01F0CFFA02000B1E15DB1E4908684C
:1007E0004968121A8B41002B03DC25D11F4B9A421A
:1007F00022D9154B04221A7001F0BCFA002909DB3A
:10080000154B1860596017E0154B164A3F211648E2
:1008100001F0ECFF124B134A3F21134801F0E6FFB1
:10082000FFF7BAFE084B00221A7001F0A3FA002964
:1008300004DB094B1860596007B000BD084B094A3A
:100840003F21094801F0D2FF361A0020D073001072
:10085000341A00203B1A0020B80D00203F4B4C00FA
:1008600050730010447400106C7300107F841E00DD
:1008700000B589B004F0C8F9FFF75AFD06A8FFF7E4
:1008800041FD0C4B0699079A19605A6000230593A5
:1008900001220492039302920193009301330021F9
:1008A0000020FFF7B9FDFFF799FDFFF753FEFFF7B3
:1008B000C3FEFAE7B80D002010B58300084A94463D
:1008C00063441C6840226240C024144080225201CC
:1008D00013431C60C000034B9C466044416010BD44
:1008E00004C001400040014080000B4B9C46604426
:1008F00000290DD00823002A0CD0042213430268DB
:1009000053400C2213408022520110430360704771
:100910000023F0E70022F1E704C0014010B50123F5
:100920008340D0221206936293610521FFF7C4FF32
:1009300010BD0000034B1B6802201840431E984165
:10094000C0B2704700C00640EFF3108072B6034B90
:100950001B68002BFBD0BFF35F8F70472C0100D0CA
:10096000BFF35F8F024B00221A6080F3108870473C
:100970002C0100D0F8B506000C001500FFF7E4FFCD
:10098000E308F718F15C07222240012393400B4251
:1009900005D1DBB20B433B70FFF7E2FFF8BD21004E
:1009A000280001F0BDFFF0B583B0060001911400EE
:1009B0001F00FFF7C9FF00E00134BC420CD8E30878
:1009C000F518F35C0721214001228A401A42F3D135
:1009D000D2B21A432A7001E001246442FFF7C0FF3B
:1009E000002C02DB200003B0F0BD019B002BF9D0EE
:1009F000089801F095FF0000002307E0054A9A18C7
:100A00009200BFF35F8F0021116001331F2BF5D9D6
:100A10007047C04640000034054A1078431CDBB2E2
:100A20001370172B02D9130010221A707047C0469A
:100A3000B00B002000B583B00100044B00931F23CE
:100A400018220348FFF7AFFF03B000BDA4740010E5
:100A500038130020074B9B68103080001950BFF3FB
:100A60005F8FBFF35F8F044B0021196082F3108802
:100A70007047C04600ED00E0240100D010B5091A0F
:100A8000081F0A4B9C466144094A914208D8C30793
:100A900006D440104005400D064B184380B210BDEF
:100AA000054B064AA321064801F0A0FEFC07000002
:100AB000FE0F000000E0FFFFC07400104C77001034
:100AC000F074001010B5091A04394C08090B08D14C
:100AD0004905490D064A11430180064B23434380D3
:100AE00010BD054B054AAB21054801F07FFEC0460D
:100AF00000F0FFFF00F8FFFF4C750010207700109A
:100B0000F074001001238340034A10681840431E0C
:100B10009841C0B27047C04600E100E0002904D00F
:100B2000034B1860034B18607047034B1860FBE7DA
:100B300080E200E000E100E080E100E010B5012388
:100B400083401800FFF7EAFF10BD00000123834037
:100B5000014A13607047C04600E200E0024B9B6808
:100B600010308000C058704700ED00E010B5FFF76E
:100B7000F5FF002805D0054BC01A2F2803D8012007
:100B800010BD0020FCE70020FAE7C046B40B0020AF
:100B900070B504000D00EFF3108672B60C4B1B68A5
:100BA000002BFBD0BFF35F8F2000FFF7D7FF094B6F
:100BB000984201D0A84205D1320029002000FFF759
:100BC00049FF70BD044B054A8621054801F00EFE21
:100BD000240100D0CD0100105C750010807700105A
:100BE000F0740010F0B5DE4657464E464546E0B577
:100BF00089B0814601911500EFF3108A72B6744BEB
:100C00001B68002BFBD0BFF35F8F724B0027DF57B1
:100C1000002F40DB7C00E419A4006F482418062252
:100C2000A2566C4B1A706D4B9A684B4610339B0062
:100C3000D35898461E001B1A2F2B38D9684B98455D
:100C40002FD105AE674B33807B009B46D8198000BF
:100C5000614B9846404402306349FFF70FFF7080B4
:100C6000624BB380FF23B371F571019B07935F441F
:100C7000BF0047440ECE0EC701231C43A046524678
:100C800041464846FFF7E6FE09B0F0BCBB46B24617
:100C9000A946A046F0BD564B564AD721564801F00A
:100CA000A5FD564B534ADE21534801F09FFDC0433A
:100CB00040440C2102F048FF002912D101239E4339
:100CC000B34633000026DA79AA4211D906215956D3
:100CD00000290CDB4A00521892001E003E4B9B1864
:100CE000F1E7474B434AEA21434801F07FFD1E00EC
:100CF000002E3AD005AB434A1A80813A5A80062327
:100D0000F3560293002B17DA3F4805AB9B469880B9
:100D1000029A9A71DD71019A0792301D2100FFF746
:100D2000ADFEB080B7717B00DB199B002A4FFF1826
:100D30005B4607CB07C7A2E77800C0198000264BA7
:100D4000C0180430321DB388D90A1C2907D15B05AD
:100D50005915023149005118FFF790FED5E72B4B8A
:100D60002B4AB121244801F041FD05AE1D4B3380D3
:100D70007B000293D8198000174A90460200424433
:100D80000392901C1849FFF779FE7080039A101D9A
:100D90005946FFF773FEB0801E4B5A464146521A21
:100DA000524153431B0DB371F571019A0792029B97
:100DB0009C466744BF0047440ECE0EC7114B5A46AF
:100DC0001380813B538001231C43A04657E7C04654
:100DD000240100D0371A0020B40B002000ED00E001
:100DE000CD01001000A1FFFFE40B002001BDFFFFBB
:100DF0009475001068770010F0740010BC75001036
:100E0000E47500100148000001BD00005876001094
:100E100058770010AAAA0000F0B5CE46474680B524
:100E200083B006000D00EFF3108872B6564B1B68B6
:100E3000002BFBD0BFF35F8F544B9A683400103403
:100E4000A300D758524B9F4207D0AF4200D198E041
:100E50000197504BFB1A2F2B09D94246390030001D
:100E6000FFF7F8FD03B0C0BCB946B046F0BD300096
:100E7000FFF748FE814600213000FFF75FFEBFF319
:100E80005F8FEFF30581002901D08C4211D101233E
:100E9000019C9C430022A368AB4212D00622A256BA
:100EA000002A0DDB53009B189B002200394CE418EC
:100EB000F1E73621384B394AFF31394801F096FCC9
:100EC0002200AB4256D106256557002D38DB6B005A
:100ED0005B199A002F4B9B189A68A260DA79E2712D
:100EE00006229A56A2719B795BB2002B0FDA2D482D
:100EF000A0806B005B199B00264AD3182A4A117800
:100F00009971157049463000FFF718FEA5E7201DBE
:100F10006B005B199B001F4A9B181A1D9B88D90AFE
:100F20001C2907D15B055B15023359005118FFF7E7
:100F3000A5FDDDE71D4B1E4AB121194801F056FC05
:100F4000002912D1002A0ED0FF239371194B9380F0
:100F5000154A1378A371184B0E49641A6441634310
:100F60001B0D1370CEE70A4FF2E7201D1349FFF760
:100F7000A9FDC7E76A21124B084AFF31084801F072
:100F800035FC034F69E7C046240100D000ED00E0C6
:100F9000CD010010B40B00207076001038770010DF
:100FA000F074001001BD0000371A002058760010C0
:100FB0005877001001BDFFFFAAAA0000EE0B002029
:100FC000A476001070B5012101432E4BCB1A2F2BB4
:100FD00028D8EFF30583002B2BD0EFF3108C72B6DB
:100FE000294A1268002AFBD0BFF35F8F274A04000A
:100FF000244D641B64416243120D54B2244A92682A
:101000009B00D2588A421BD00022032A32D85300B8
:101010009B189B001B49CB189B795BB2A3421FD046
:101020000132F2E7C7211B4B1B4A49001B4801F064
:10103000DDFB92211A4B184AFF31184801F0D6FB0C
:10104000134A92681749D150174B1A7882711C7055
:10105000BFF35F8F0C4B00221A608CF3108870BDB9
:101060000D005300991889006918FF268E710F4AE8
:101070008A80E9E7D1210E4B074A4900074801F071
:10108000B5FBC046B40B0020240100D0AAAA000082
:1010900000ED00E0AC76001004770010F074001052
:1010A000D4760010CD010010371A002001BDFFFFDB
:1010B000E07600100022044B02E0044902C3013232
:1010C000072AFAD97047C04600E400E0808080809B
:1010D00000B583B00100064B0093052300220548AC
:1010E000FFF761FC002801DB1F23181A03B000BDC5
:1010F000E87600103D1A0020024B9C4661448900AE
:10110000016070474000003410B50400FFF784FC14
:1011100001002000FFF7F0FFFF232371BFF35F8F73
:1011200010BD10B50400FFF777FC01002000FFF7A9
:10113000E3FFFF23237100236371BFF35F8F10BDB3
:10114000034B9C46614489000160BFF35F8F704789
:101150004000003410B504000120FFF76BFC0100D3
:101160002000FFF7EDFF10BD70B505000C00080072
:1011700000F0DCFE0949200000F01CFEFFF74CFCEB
:10118000074B9C466044800068602C75D0231B068A
:101190001B786B75A400034BE55070BDAD140010B7
:1011A00040000034E81700200A4B1A68EFF3108162
:1011B00072B61368002BFCD0BFF35F8F054B1B6822
:1011C000BFF35F8F00221A6081F3108840BF0020B8
:1011D00000217047041A002010B5002922D00368AE
:1011E0001B7B99421ED8174B9C46614409018368BA
:1011F0009C4661440C684968002A19D003681B7B2F
:101200009A4215D883680F488446624412019A189E
:1012100010685368020001208B4201D80ED00020D4
:10122000C0B210BD084B094A3C21094801F0DEFA62
:10123000054B064A3C21064801F0D8FAA242EFD8F5
:10124000EDE7C046FFFFFF0FE8780010687B001055
:101250009478001010B500291ED0037B99421BD84A
:101260004B005B18033B0468A4466344002919D073
:10127000002A1DD0914221D0002A25D0047BA24211
:1012800022D804685000801803382018817019781B
:1012900000291FD11A7010BD104B114A6821114846
:1012A00001F0A4FA104B114A6F310E4801F09EFA7A
:1012B0000F4B0E4A70210B4801F098FA0D4B0B4A68
:1012C0007121084801F092FA044B054A682105484B
:1012D00001F08CFA41701A70DDE7C0460C790010FD
:1012E000D47B00102879001090790010B07B00109A
:1012F0009C790010A879001070B506000D0014004C
:10130000002914D0002A14D08068736898470028F8
:1013100006D0220029003000FFF79CFF280007E0DC
:101320002A0021003000FFF795FF200000E01000A8
:1013300070BD0800FCE70000F0B583B00500009226
:1013400001930AAB1C780BAB1F78002C26D00368E6
:101350005A7B944207D10123002B19D1002C3BD199
:10136000200003B0F0BD002C0CD01A7B944209D8A9
:101370001A6863001B19033BD3189B78002BEBD032
:101380000123E9E73E4B3F4A68213F4801F02EFA2E
:101390003E4B3F4A67213F4801F028FA03689C7B97
:1013A000002CDBD012D01A7B94420FD862001219A5
:1013B000033A19688C46624451789973002900D128
:1013C000D9730023937053701370C7E72C4B2D4AC9
:1013D00068212D4801F00AFA002C3AD02B681B7BBB
:1013E0009C4236D82C4BE3181B01AA6894466344F0
:1013F000009A1A60019A5A60089A9A60099ADA600B
:101400002E68002C2BD030D0337B9C422DD863002B
:101410001B19033B32689446634400229A705A7049
:101420001A70717B22003000FFF766FF70738442F0
:1014300000D095E7287D009A019B00F003FD061E71
:1014400001D0002F17D00C9B002B00D188E71E7015
:1014500086E7124B124A3C210E4801F0C7F9114BA6
:10146000114AA521084801F0C1F9054B054A682138
:10147000054801F0BBF92868210000F01BFFE2E7F6
:101480000C790010D47B001028790010C07900106E
:10149000E07B001094780010FFFFFF0FE878001049
:1014A000687B001090780010C47B0010F0B5DE4619
:1014B00057464E464546E0B58BB009900023089349
:1014C0008200B54BD658370052E0B44BB44A3F21A6
:1014D000B44801F08BF9B44BB44A3C21B44801F054
:1014E00085F9002901D1002869D10021404600F08A
:1014F000D7FEA04219D12A686B6806920793AB68A1
:101500009846EB689A464346002B14D0002C18D01E
:101510003B681B7B9C4214D8631EFA68D35C08931B
:101520001B0218433861002015E0A24BA24A8E210D
:101530009F4801F05BF9A14B9F4A92219C4801F022
:1015400055F9994B9E4A4121994801F04FF90023E2
:101550009A46984600207B68BFF35F8F00221A608E
:1015600086F310884346002B32D1002800D10CE1CD
:1015700000F000FC02000B1EA7DB002000210690FB
:1015800007917868EFF3108672B601680029FCD0E5
:10159000BFF35F8F396888464C7B002CD7D09AD038
:1015A000097B8C4297D8874965182D01B9688C460C
:1015B000654428686968801A9941002991DD2A6884
:1015C0006B68099800F03EFC00239A469846C2E7F3
:1015D000089B1B022343994651461800C04705004B
:1015E0000E007A68EFF3108B72B6136859424B41C4
:1015F000D9B2002BF9D1BFF35F8F002E1EDB002E76
:1016000046DD3B69002B47D04B456DD100F0B2FB66
:1016100002000B1E6EDB52197341002B70DB002B96
:1016200072DB002104910131039102945146019132
:10163000414600913800FFF77FFE4CE03B69002BEC
:10164000DDD04B4514D1069A079B521BB341002BAA
:1016500014DB002B16DB002104910131039102946D
:1016600051460191414600913800FFF765FE32E096
:10167000554B514AA1214E4801F0B8F8012252427F
:10168000524BE6E7454B464A3F21464801F0AEF84B
:10169000002E01D1002DB4D13B68002C50D05A7BD4
:1016A000944237D1012100294AD1DA7B002A4DD159
:1016B0009A7B002A03D1DA7B002A5AD19C73DC730F
:1016C000002C5CD03B681B7B9C4258D8FA68013CDC
:1016D000135D0133135500233B617A68BFF35F8FBD
:1016E00013608BF3108843E7374B334AA42130480B
:1016F00001F07CF8294B2A4A3F212A4801F076F86C
:1017000001225242314B8AE7244B254A3F2125488A
:1017100001F06CF8002C0DD01A7B94420AD86200BC
:101720001219033A1868844662449278002ABAD0A3
:101730000121B8E7264B274A6821274801F056F8CF
:10174000264B274AF621244801F050F8002A0AD0F7
:10175000197B8A4207D851008A18033A19688C46C7
:1017600062445470A4E71A4B1A4A68211A4801F0DF
:101770003DF81C4B1A4AFB21174801F037F80A4B79
:101780000F4A41210A4801F031F80BB0F0BCBB46CA
:10179000B246A946A046F0BDE817002050730010DD
:1017A000347B00106C730010E8780010687B001028
:1017B00094780010E87900104C7B0010007A00103B
:1017C0008C7B0010FFFFFF0F0C7A0010FFFFFF7FE4
:1017D0000C790010D47B001028790010487A001092
:1017E000A07B00106C7A001010B50C4B5B68002BCE
:1017F00004D00A210A48FFF77FFC10BD074C2300E4
:10180000084A1021206800F05BFC032000F0A6FAD3
:1018100003212000FFF7A8FCEBE7C046FC0B0020EB
:10182000041A0020D911001010B5064B5B68002B7C
:1018300001D0044810BD044B044A5E21044800F066
:10184000D5FFC046FC0B0020807A0010747B00108E
:1018500094780010F0B5DE4657464E464546E0B552
:101860008BB0804616001F00149B9A46159B994624
:1018700016AB1B789B461F2302AA944663440022A2
:101880001A702BE0002809D042461268127B904261
:1018900004D8421E4146C9688A5C41E0404B414A37
:1018A0004121414800F0A2FF07984CE0361BAF41B0
:1018B000002F07DB002F11DA3C4B3D4A3F213D480A
:1018C00000F094FF012676423B4FF3E7374B384A4E
:1018D0003F21384800F08AFF002F4FDB43465A680B
:1018E000EFF3108472B6136859424B41D9B2079195
:1018F000002BF8D1BFF35F8F1F3302AA94466344D5
:1019000004930023039302934B46019353460093A1
:1019100032003B004046FFF70FFD031EB2D102002C
:1019200041464968BFF35F8F00250D6084F310883E
:10193000002B29D01F2302A98C4663441B78002B5F
:10194000B2D112021043002B20D05B46002B1DD0D9
:101950004946D04704000D0003000B431DD0002969
:10196000A4DB00F007FA06000F1EAFDB36196F414B
:10197000002FB1DA012676420F4FADE70B4B0C4A30
:101980003F210C4800F032FF012040420BB0F0BC78
:10199000BB46B246A946A046F0BD0798F6E7C0464A
:1019A000E87800108C7B00109478001050730010C1
:1019B000347B00106C730010FFFFFF7FF8B504004C
:1019C000002900D162E04268EFF3108572B6136817
:1019D00058424341D8B2002BF9D1BFF35F8FCBB24D
:1019E0002268567BB3421BD10120002848D02069D1
:1019F00088422BD0090AC9B2002B2ED02068007B68
:101A000083422AD8581EE668305C88422BD00020DA
:101A10006368BFF35F8F00221A6085F31088F8BDFA
:101A2000002B0DD0167BB3420AD85E00F618033E99
:101A30001768BC466644B678002ED6D00120D4E79D
:101A4000134B144A6821144800F0D0FE2C21134B8C
:101A5000134AFF31134800F0C9FE134B134A4121CA
:101A6000104800F0C3FE1900100000F023FC00280D
:101A7000CED199210E4B0A4A49000A4800F0B6FE21
:101A800023698B42C4D100232361C1E70020C6E74C
:101A90000C790010D47B001028790010A47A001073
:101AA0001C7B001094780010E87800108C7B0010EC
:101AB000C87A0010407D7047F0B587B006000F006F
:101AC000EFF30583002B1FD106246442E517A41908
:101AD0007D418D4202D803D1844201D900240025E2
:101AE000002D14DB0494059500F044F902000B1E50
:101AF00013DBA41A9D41002D17DC14D030003900EF
:101B000000F044F907B0F0BD234800F009FF234B73
:101B1000234A3F21234800F069FE204B204A3F2101
:101B2000204800F063FE002CE8D0FFF77DFE002384
:101B3000029301931C4B0093049A059BFFF78AFEC6
:101B4000002818DADAE7002300E00023002BD5D1C3
:101B5000164B1A68EFF3108172B61368002BFCD095
:101B6000BFF35F8F114B1B68BFF35F8F00221A60BA
:101B700081F3108820BF0499059A0D4B5B6A9A4245
:101B8000E3D80B48806A884203D29A42DBD0012313
:101B9000DCE70123DAE7C046CC7A0010507300106E
:101BA000347B00106C730010A9110010041A00207F
:101BB0000040054070B504000D0000F0DBF80200A5
:101BC0000B1E0ADB200029008018594100290ADB7E
:101BD00000290CDBFFF770FF70BD084B084A3F215E
:101BE000084800F003FE012040420749F0E7034B9C
:101BF000034A3F21034800F0F9FDC046507300102E
:101C0000347B00106C730010FFFFFF7F10B5FA22C9
:101C100092000023002102F0D3FDFFF7CBFF10BD9F
:101C200070B584B005000C00EFF30583002B1ED1C6
:101C3000FFF7FAFD002302930193224B00932A0041
:101C40002300FFF707FE061E23DD20BFFFF7ECFD94
:101C50003100FFF7B3FE1C4B5B6A9C422DD81A4A39
:101C6000926AAA422CD29C4225D0012026E0164B33
:101C70005B6A994209D8144A926A824207D2994211
:101C800001D001201AE0002018E0002016E0012019
:101C900014E00D4B5B6A9C4209D80B4A926AAA4237
:101CA00007D29C4201D0012008E0002006E000207D
:101CB00004E0012002E0002000E0002004B070BD3C
:101CC0000120FBE7A91100100040054070B5EFF3BB
:101CD00005801038EFF3108C72B61A4B1B68002B7E
:101CE000FBD0BFF35F8F01221300834016494B6383
:101CF00016490B60164909780C00C440224214D0E2
:101D0000114A546A8200134D5259944206D38200FC
:101D1000114C125999430E4B197007E00A4A031DE2
:101D20009B0099589950002200E00022BFF35F8F7A
:101D3000044B002119608CF31088002A00D09047D2
:101D400070BDC046280100D0004005403C700540F1
:101D50003C1A0020101A00202012002010B50100AB
:101D6000024A0348FEF706FE10BDC046F87B00108D
:101D7000351A0020044B5B6A034A906A1900536AC3
:101D80009942F9D17047C04600400540084B5B6A54
:101D900001E0074B5B6A8B42FBD301E0044B5B6ABB
:101DA0008B4203D1024B9B6A8342F7D37047C046F4
:101DB0000040054070B504000D00EFF3108672B6C8
:101DC0001B4B1B68002BFBD0BFF35F8F002D1CD07B
:101DD0002000FEF7C3FE174B83420BD019002000F2
:101DE000FEF7D6FE01212000FEF7A8FE0123A34046
:101DF000114A1360A400114BE550BFF35F8F0C4BE9
:101E000000221A6086F3108870BDA2000B4B0021DF
:101E1000D1500122A2400A490B7893430B70054927
:101E20002000FEF7F9FF00212000FEF787FEE4E71F
:101E3000280100D0CD1C0010386005402012002081
:101E40003C1A0020F0B5DE4600B584B00400150051
:101E500001921E000293FFF78DFF03958E4202D878
:101E60004ED185424CD9EFF3108B72B6274B1B68CD
:101E7000002BFBD0BFF35F8F254A17780125A540C3
:101E8000EBB23B431370234B5D63221D920001991B
:101E9000D150A2002049029850501B6A2B4212D107
:101EA0001C4B1B6C2B4208D00020BFF35F8F174BDD
:101EB00000221A608BF3108823E0184B184AC521C2
:101EC000184800F093FCFFF755FF8E4214D802D15A
:101ED000039B834210D80E4B1B78BB420ED00D4B98
:101EE0001D625D631F2004400123A3400E4A13605E
:101EF000074B1F701E38D8E70020D6E70120D4E733
:101F0000012004B080BCBB46F0BDC046280100D013
:101F10003C1A002000400540101A00201C7C0010D4
:101F2000A07C0010407C001080E200E0EFF3108CF9
:101F300072B60B4B1B68002BFBD0BFF35F8F0123E6
:101F40008340084A136208490A789A430A70BFF32B
:101F50005F8F034B00221A608CF310887047C046D5
:101F6000280100D0004005403C1A002010B500298F
:101F70001ED0037B99421BD84B005B18033B0468BF
:101F8000A4466344002919D0002A1DD0914221D0D3
:101F9000002A25D0047BA24222D804685000801871
:101FA000033820188170197800291FD11A7010BDCC
:101FB000104B114A6821114800F018FC104B114ACF
:101FC0006F310E4800F012FC0F4B0E4A70210B4887
:101FD00000F00CFC0D4B0B4A7121084800F006FC88
:101FE000044B054A6821054800F000FC41701A7056
:101FF000DDE7C0460C790010C47D00102879001080
:1020000090790010B07D00109C790010A879001024
:1020100070B506000D001400002914D0002A14D059
:10202000806873689847002806D022002900300095
:10203000FFF79CFF280007E02A0021003000FFF78F
:1020400095FF200000E0100070BD0800FCE70000D4
:1020500010B50023437301338373037BC3730123E0
:10206000027B9A4214D9002B0CD0027B934209D8F0
:102070005A00D218033A01688C4662440133DBB23D
:102080005370EDE70B4B0C4A68210C4800F0AEFB97
:10209000002A09D0924207D8016853009A18033ADF
:1020A0008A180023537010BD024B034A682103486D
:1020B00000F09CFB0C790010C47D00102879001002
:1020C00010B5017342608360FFF7C2FF10BD0000CE
:1020D00070B50400081E00D170BD002934D0237BE8
:1020E000994231D84B005B18033B22689446634405
:1020F0005A78002AF0D02DD0237B9A422AD8530058
:102100009B18033B21688C4663445D78002159701D
:10211000002825D0237B984222D843001B18033B7C
:1021200021688C4663440021597001002000FFF7AC
:102130006FFF060029002000FFF7CAFF02003100F0
:102140002000FFF765FFC7E7084B094A68210948E7
:1021500000F04CFB054B064A6821064800F046FBA0
:10216000024B034A6821034800F040FB0C79001041
:10217000C47D00102879001070B505000C00160011
:1021800000292FD034D0037B994231D84B005B1803
:10219000033B0268944663445A78002A2ED19A7809
:1021A000002A31D11978FFF793FF0300002E0AD0DF
:1021B000EA7B002A2ED1AA7B002A03D1EA7B002ADF
:1021C0003BD1AC73EC73002B3DD1002C4FD02B7B5B
:1021D0009C424CD82B6861000C19033C1C1900234D
:1021E000637070BD254B264A3821264800F0FEFA60
:1021F000254B264A6821264800F0F8FA254B204A4C
:102200003A21204800F0F2FA234B1D4A3B211D4899
:1022100000F0ECFA002A0AD0297B8A4207D8510044
:102220008A18033A29688C4662445470C3E7164BF7
:10223000164A6821164800F0D9FA184B104A422174
:10224000104800F0D3FA002B0BD02A7B934208D819
:1022500043001B18033B2A689446634400229A708B
:10226000B3E7094B094A6821094800F0BFFA064B59
:10227000064A6821064800F0B9FAC046BC7C001046
:102280009C7D0010C47C00100C790010C47D0010EF
:1022900028790010187D0010407D00106C7A001025
:1022A00070B504000A00457B2900FFF765FF6073E5
:1022B000280070BD70B50400002967D0437B8B42B5
:1022C0000ED0002911D0037B99420ED84B005B1829
:1022D000033B0268D0188378002B0CD1002056E015
:1022E0000121FFF7DDFF012051E0294B294A682138
:1022F000294800F07BFA002B20D0227B93421DD886
:102300005A00D318033B2268D2182568EB5C8B4235
:102310001AD0002B1BD0227B934218D85A00D31816
:10232000033B2268D21853788B4216D0002BF0D191
:102330001A4B1B4A6B211B4800F058FA144B154AE4
:102340006821154800F052FA4378137007E0104BEB
:10235000104A6821104800F049FA4378537000236E
:102360008370437001222000FFF706FF0200617BAB
:10237000814205D02000FFF74BFE6073012006E08C
:10238000094B074A7121074800F030FA002070BD60
:102390000C790010C47D001028790010E076001040
:1023A000847D0010C47C0010647D0010F8B5DE460A
:1023B00057464E464546E0B505000F0092460A9A3C
:1023C000934250D31A0E91461E020A9A00233000FF
:1023D000494601F0F7FB80466C006419A400304BBD
:1023E0009C4664446368834200D260602B1FDBB26A
:1023F0009B46012B3DD9C0239B0123438022120120
:102400001A60AB00274A9958002907D0506901F09B
:102410009BFB431C5800C0180338FDD253465A0199
:1024200023685A40E0231A4080235B0123431A604B
:102430005A46012A28D980239B0123438022120176
:102440001A6043466360424600233000494601F06B
:10245000B9FBAD00134B58510120F0BCBB46B2464E
:10246000A946A046F8BD104B104A3321104800F091
:10247000BDF9012FBFD1C0239B01234303221A6062
:10248000A368DB07FCD5C9E72168794003220A402D
:102490001A60A2680123BB401342FAD0CBE7C046C2
:1024A000008000403C130020D07D0010447E0010CE
:1024B000E47D001030B583B00C2000F00BF9FEF77E
:1024C00039FA00280DD0002304E099002D4A2E4847
:1024D00088500133092BF8D92A4B2C4A5A6203B091
:1024E00030BD2B4B00229A6700F066F9294B012280
:1024F0001A60274B5B6C012BFBD1274B03221A6020
:10250000234B9B6B012BFBD1013300930433234AF4
:102510000121234800F04EF805230093214A0121B0
:10252000214800F047F8214B0093002202210420AB
:10253000FFF73CFF1E4D00952B00002201210520D6
:10254000FFF734FF104C00942300002200210720E5
:10255000FFF72CFF00942300002200210820FFF742
:1025600025FF0A4B00932300002200210920FFF7DA
:102570001DFF00952B00002200210620FFF716FF0B
:10258000ADE7C0463C130020006CDC021BB7000026
:10259000008000403CB0004030B00040002F68593F
:1025A00000800240008C864700C00240001BB7003C
:1025B00040597307F0B5C64600B504000E00170079
:1025C0001D00374801F0C0FA8046364BFA18364BEA
:1025D0009A4239D80100380001F0B6FA0200103AE8
:1025E00098235B009A4235D86B1E062B38D8069B81
:1025F000013B062B34D83F09474537D32D04069BB2
:102600001A0315432368002B36DB284B9C4244D029
:1026100080225201264B1A60264B1A60264B9B687B
:1026200011009943FAD12660A060231DC0229201B7
:102630001A43212313602368002BFCDAE56008238A
:10264000136080BCB846F0BD1C4B1D4A11211D48CB
:1026500000F0CCF81C4B1A4A19211A4800F0C6F8B1
:102660001A4B174A1C21174800F0C0F8184B144A9F
:102670002321144800F0BAF822683F231340B342E4
:10268000C3D1A3681B051B0D8342BED1E368EE22B4
:10269000D2021340AB42B8D1D3E780229201B9E70E
:1026A000001BB70080E84BD380F8A93200C002407D
:1026B00000E0004000F0004000C00040547E0010E8
:1026C000947F0010B47E0010107F00102C7F00104B
:1026D000787F001080239B000343014AD362704738
:1026E00000800540024B1A68024B5A607047C04692
:1026F000D81700200080054010B50200164B80203E
:10270000C0051860154B1648186000290AD0154BF3
:10271000E021C9041960002A09D1124B8022120657
:102720001A6010BD0C4BE021C9041960F3E7530196
:102730009B1A9800801800010B4B186080235B04E3
:10274000984202D3084B094A1A60FFF7CBFF054BAA
:102750008022D2051A60E4E700B00540082001405D
:10276000FCFF010000A00540D8170020FFFFFF007C
:1027700010B5030010000C4A8024E4051460002BFF
:102780000DD001221343094A094CD461094C5C4025
:102790001462516293620021FFF7AEFF10BD034B3C
:1027A0000022DA61F7E7C04600B00540008005402E
:1027B000D3C007B02D3FF84F064BAA2212011A6072
:1027C0002F22DA60044B054A1A60024B5B68002B2B
:1027D000FBDA7047004002400060024000B0FA009F
:1027E00000BEFDE710B5FFF7FBFF000010B582B09B
:1027F0000C001900002A0CD0084B002A0BD00192C3
:10280000009323000200064802F0F2F90120FFF7CE
:10281000E7FF044BF1E7034AF1E7C046A07F001051
:10282000B07F0010AC7F001070B52B4B2B4A1A60A4
:102830002B4B2C4A1A602C4B9A682A4B9343FAD1A3
:102840002A4C01E008CC9847294B9C42FAD3FFF769
:1028500031FE234B274A1A60234B9B68DB43DB0185
:10286000FAD1254B40229A675A671A67DA66234CD9
:1028700009E0234B234A87212348FFF7B7FF2000B5
:10288000FEF742FC0834214B9C4209D22368002BFE
:10289000F5D0012BEDD12000FEF743FC0834F2E720
:1028A0001B4CA1681B4DC022280002F049F8A5600E
:1028B000EFF30583002B00D000BEFEF79DF8FEF776
:1028C000F9FBFEF791FF144C01E008CC9847134B3D
:1028D0009C42FAD370BDC04600E00040BFCDFBFE75
:1028E00000F00040FE7F3C0000C00040980C00203B
:1028F000A80C0020FFFFFF0100F00140900C002019
:10290000E07F00107480001000800010980C002000
:1029100000ED00E000000020A80C0020B00C00201A
:102920000FB400B583B0084802F032F9049B002BC5
:1029300007D005A90191180002F03AF9034802F006
:1029400027F90120FFF74CFF608000107080001015
:10295000704710B5002802D00B684968984710BD31
:102960000100002007E083001B185B00501C08607A
:102970001078C01830380A681378303BDBB2092B66
:10298000F1D97047F0B5DE4657464E464546E0B5AC
:1029900083B093461F000C9B9A460D9C0E9B994654
:1029A0000F9B9B0703D0B8460F00060022E0019260
:1029B000A34688464E46B9460700B44207D2551C86
:1029C0004B4641462020B84701342A00F5E73D0038
:1029D0004F465C46019B9B46B1464646B84637008B
:1029E0002E0007E0013C551C5346185D4346390054
:1029F000B0472A00002CF5D135003E0047460F9B1A
:102A00009B0707D4100003B0F0BCBB46B246A946F2
:102A1000A046F0BDB0464E46B9462F005D46531B5A
:102A2000B342EFD2541C4B4641462020B847220007
:102A3000F5E7F0B5CE46474680B585B09446984652
:102A40000C9D0D9C0EAB1B789946109A119B129E03
:102A5000B7071CD4002B0CD0F7070AD54F46002F20
:102A600002D10C37374204D0013B02E030272F550A
:102A70000134944201D21F2CF8D9F70707D59C42A4
:102A800005D21F2C03D830272F550134F5E7F70660
:102A900015D5770505D4002C03D0944224D09C4250
:102AA00022D00F9A102A2BD00F9A102A30D00F9ACA
:102AB000022A35D01F2C02D830222A5501341F2C6F
:102AC00005D84A46002A31D02D222A5501340396D2
:102AD00002930194009543466246FFF753FF05B009
:102AE000C0BCB946B046F0BD621E012C06D00F9F97
:102AF000102F01D01400D4E7023CD2E71400D0E735
:102B0000B206D1D41F2CCFD878222A550134D1E770
:102B1000B206CCD51F2CCAD858222A550134C9E791
:102B20001F2CC7D860322A550134C3E7720703D57A
:102B30002B222A550134CAE73207C8D520222A554C
:102B40000134C4E7F0B5DE4657464E464546E0B58B
:102B500093B081468A46089209931CAB10CB1B7830
:102B60009B461E9D219B9846002C03D11023424674
:102B70009A4390468023DB0046461E4042461A4256
:102B800012D0002C22D000260EE03033D9B2771CB0
:102B90000AAB99552900200000F0D6FFAC4216D3AD
:102BA0001F2F14D83E0004002900200000F0CCFFA5
:102BB000CBB2092BE9D94246920605D54121C91865
:102BC000C9B20A39C9B2E2E76121F8E727004346F2
:102BD0000693209B05931F9B049303955B460293EA
:102BE00001970AAB0093099B089A51464846FFF7A4
:102BF00020FF13B0F0BCBB46B246A946A046F0BDCC
:102C0000F0B5DE4657464E464546E0B595B00890CD
:102C100009910A920B931E9E1F9C20AB1B789B462A
:102C2000229B9946239D269B9A463300234303D13A
:102C3000103352469A4392468023DB0057461F408A
:102C400052461A4219D0330023432DD0002714E0F6
:102C50003033DAB27B1C98460CABDA554A462B006F
:102C60003000210000F0AEFFA5421FD819D0434626
:102C70001F2B1BD8474606000C004A462B0030008D
:102C8000210000F09FFFD3B2092BE1D952469206F2
:102C900005D54122D218D2B20A3AD2B2DAE761227D
:102CA000F8E7B145E3D901E000239846534606937F
:102CB000259B0593249B04934B4603935B46029309
:102CC000434601930CAB00930B9B0A9A0999089811
:102CD000FFF7AFFE15B0F0BCBB46B246A946A04612
:102CE000F0BD0000F0B5DE4657464E464546E0B51D
:102CF00091B083468A460C9298461A9C08941B9D74
:102D0000099522002B002000290001F0E6F9002897
:102D100000D0E5E001225242D74B2000290001F00B
:102D2000D7F9002800D0DBE001225242D34B20002B
:102D3000290001F0B7F9002800D0D1E000220023DB
:102D4000089E3000099D290001F0ACF9002800D050
:102D5000DDE008980999069007918023DB001E9A10
:102D60001A400D921E9A1A4201D106231C9306980E
:102D7000079904000D000A000600024300D1D1E0CB
:102D8000080D4005400DBE4CA44660440A03120BDA
:102D9000BC4B13431F0001F0B3F9BB4ABB4B01F01E
:102DA0003EF9BB4ABB4B01F013F904000D000022B1
:102DB000B94B3000390001F002F9B84AB84B01F0C4
:102DC0002EF902000B002000290001F001F901F0AA
:102DD000AFF9814601F094F904000D00B14AB24BFD
:102DE00001F01DF90022B14B01F0F2F801F0A0F959
:102DF0000600AF4AAF4B2000290001F010F9040093
:102E00000D00300001F07CF9AB4AAC4B01F007F942
:102E100002000B002000290001F0D1F804000D0091
:102E200002000B0001F0FBF80A900B91A44BF31881
:102E300000261F0522002B002000290001F0C8F801
:102E40000E900F9122002B0000208021C90501F077
:102E5000B6F804000D0000229A4B0A980B9901F075
:102E6000C0F80022984B01F0B3F802000B000A985A
:102E70000B9901F0B6F80022944B01F0A9F802007A
:102E80000B000A980B9901F0ACF802000B0020002F
:102E9000290001F09DF802000B000E980F9901F037
:102EA000A0F80022774B01F093F832003B0001F0CC
:102EB000B6F806000F0004000D00069A079B01F00B
:102EC00007F9002830D001235B429C46E1440022F0
:102ED0007D4B3000390001F084F804000D0023E040
:102EE0001E9B04931D9B03931C9B0293089A099BB2
:102EF0000092019343460C9A5146584600F0FCF864
:102F000011B0F0BCBB46B246A946A046F0BD0023B6
:102F1000002406930794069680231B069C4665446E
:102F200007951AE7002399464B466333C62B1ED8F4
:102F300004261E9B1B0526D52B0023430FD0644A75
:102F4000644B0698079901F0BBF8002879D000225D
:102F5000614B0698079901F0A5F8002871D01C9BD9
:102F60004B4506DD4A46981A431E1C9303E005268E
:102F7000DFE700231C938023DB001E9A1A431E9276
:102F80000026002399461D9B9E4264D29F1B02236C
:102F90001E9A1A400A921E9A134202D0002E00D0A6
:102FA00000274B46002B07D022002B0006980799DC
:102FB00001F017F80690079100220023089809995C
:102FC00001F070F8002848D1444B1E9A1340049336
:102FD00003971C9B0293069B079C00930194434616
:102FE0000C9A5146584600F087F8002E00D187E72A
:102FF0001E9B9B063DD54525441C43460200514679
:103000002800D8474B46DA179B18534005220592F3
:10301000013E0496002203920A3202924A46D00FE1
:10302000019000934346220051465846FFF78AFD1F
:103030000A9B002B00D163E702005F460C9E1D9D9A
:1030400054E01C9B002B9ED00D9B002B9BD01C9B07
:10305000013B1C9397E7002799E7069C079D2200F8
:10306000290080200006844661440B0006920793E5
:10307000AAE76525C0E7C046FFFFEF7FFFFFEFFF30
:1030800001FCFFFF0000F03FFB799F501344D33F4A
:10309000B3C8608B288AC63F0000F83F61436F6366
:1030A000A787D23F71A379094F930A400000E03F00
:1030B0001655B5BBB16B0240EF39FAFE422EE63F22
:1030C000FF03000000002C400000244000001840D6
:1030D0002D431CEBE2361A3F80842E41FFF7FFFFA1
:1030E000541C434651462020B8472200931BAB4254
:1030F000F6D3100004E7C046F0B5DE4657464E460C
:103100004546E0B595B00690079193469946209FB5
:103110001E9A1F9B1000190000F0DFFF002831D11C
:1031200001225242BF4B1E981F9900F0BBFF00289E
:1031300037D101225242BC4B1E981F9900F0C8FFA4
:1031400000283DD10022B94B1E981F9900F0C0FF06
:10315000002850D10022B64B1E981F9900F0A2FF04
:10316000002848D1002200231E981F9900F09AFFE2
:10317000002850D100239846229B5B0500D4B6E07E
:10318000002458E0229B0393219B02930323019385
:10319000A84B00934B465A4607990698FFF7F2FB57
:1031A0000EE1229B0393219B029304230193A24BE4
:1031B00000934B465A4607990698FFF7E3FBFFE05A
:1031C0000423229A1A4022990B4210D09B4B002ACA
:1031D0000FD0042222990391219902910192009328
:1031E0004B465A4607990698FFF7CCFBE8E0944B0C
:1031F000EDE70322EEE7229B0493219B03930297C2
:103200001E9B1F9C009301944B465A4607990698B3
:10321000FFF768FDD4E01E9A1F9B0020002100F0FC
:10322000CEFE1E901F9101239846A5E70CAB3022DD
:103230001A55013F01341F2C01D8092FF6D81E98CA
:103240001F9900F075FF050000F05AFF02000B0007
:103250001E981F9900F0B3FEFA007A4B9B181A686B
:103260005B680A920B9300F0DAFE0890099100F077
:1032700083FF060000F040FF02000B000898099948
:1032800000F09DFE0890099100226F4B00F020FF96
:1032900000282ED00136300000F02EFF02000B0077
:1032A0000A980B9900F004FF002801D00135002690
:1032B000002F2CD1280000F023FF02000B001E98E5
:1032C0001F9900F07CFE06000F0000225E4B00F00C
:1032D000E9FE002846D100225B4B3000390000F0A7
:1032E000F7FE00283ED1EB073CD501353AE0062732
:1032F00046E70022544B0898099900F0D3FE0028B5
:10330000D6D1002E01D0F307D2D50136D0E7AA4698
:103310001F2C11D8013F0A21300000F015FC651C5C
:1033200030310CAB19550A21300000F00DFC092E8C
:103330000ED906002C00EBE755461F2C0CD87B1E3F
:10334000002F09D00CAA302111551F000134F4E7D9
:103350002B0055461C00F0E71F2C03D80CAB2E2287
:103360001A5501341F2C10D80A21280000F0C4FB84
:10337000661C30310CAB19550A21280000F0BCFB4B
:10338000051E01D03400EDE734000323229A1340D8
:10339000012B1CD01F2C06D84346002B32D00CAB7F
:1033A0002D221A550134229B0393219B02930194F1
:1033B0000CAB00934B465A4607990698FFF7E2FA82
:1033C00015B0F0BCBB46B246A946A046F0BD219B55
:1033D000002B13D04346002B02D10C3313420FD0E5
:1033E000219B013B2193190003E00CAB30221A55BD
:1033F00001348C42CED21F2CF7D9CBE72199F8E7C4
:103400002199F6E7229B5B0704D50CAB2B221A55BA
:103410000134C8E7229B1B07C5D50CAB20221A55E7
:103420000134C0E7FFFFEFFFFFFFEF7F65CDCD4128
:1034300065CDCDC190800010948000108880001070
:1034400084800010808200100000E03FF0B5DE466E
:1034500057464E464546E0B593B082468B46904669
:103460001193002900D1EBE200275546119B1878F3
:10347000002800D1E7E2252809D07C1C43463A0009
:103480005946A847119B013311932700EEE70133FA
:1034900011930024119A11780B00203BD8B2102808
:1034A00003D88300D048C3589F460B00303BDBB2A3
:1034B000092B2CD92A292FD000230A93119B1A7883
:1034C0002E2A39D000239A46119A1378683BD9B234
:1034D000122976D88B00C549CB589F4601231C433F
:1034E00001321192D6E702231C4301321192D1E737
:1034F00004231C4301321192CCE708231C43013200
:103500001192C7E710231C4301321192C2E711A8A0
:10351000FFF726FA0A90D1E71C9B1A1D1C92186827
:10352000002804DB0A90119B01331193C6E70223A4
:103530001C4343420A93F6E78022D20014435A1CEC
:1035400011925A781300303BDBB2092B04D92A2A96
:1035500007D000239A46B7E711A8FFF701FA824681
:10356000B2E71C9B1A1D1C921868002804DB8246D7
:10357000119B01331193A7E70020F8E780235B003C
:103580002343511C119152786C2A01D01C0018E081
:10359000C0239B001C430131119112E0802323437F
:1035A000511C11915278682A01D01C0009E0C023F7
:1035B0001C430131119104E080235B001C43013264
:1035C0001192119B18780300253BDAB2532A00D9D7
:1035D0002CE29300864AD3589F4680239B001C43CD
:1035E00001321192EDE780235B001C4301321192FE
:1035F000E7E7782809D0582838D06F2838D06228D3
:1036000038D010239C430A2600E01026582833D0D7
:10361000692803D0642801D00C229443630501D5A6
:103620000122944369282AD0642828D0A30500D514
:103630009FE0E30500D5B8E0630600D4CAE01C9A19
:10364000111D1C911168FF220A4005940A9B0493E6
:1036500053460393029600230193009243463A0097
:1036600059462800FFF76EFA070027E01026CDE73D
:103670000826CBE70226C9E720221443C8E7A305A2
:1036800020D4E30550D4630666D51C9A111D1C9105
:103690001168FF220A40D317D118594005940A9B9C
:1036A0000493534603930296D20F0192009143462E
:1036B0003A0059462800FFF745FA0700119B0133ED
:1036C0001193D3E61C9BDA1D07218A4311000831B0
:1036D0001C91116853689C46DB170C930D930C9A50
:1036E0000D9B100048400E90624653400F930E9879
:1036F0000F990C9A0D9B801A99410E900F91089486
:103700000A9B07935346069304960023059363464A
:10371000DA0F02920090019143463A005946280080
:10372000FFF76EFA0700C9E71C9A111D1C91126879
:10373000D317D118594005940A9B04935346039319
:103740000296D20F0192009143463A005946280052
:10375000FFF7F8F90700B1E7230605D51C9A111DFC
:103760001C910023D25E96E71C9A111D1C911268D1
:1037700091E71C9BDA1D07218A43110008311C9137
:1037800008940A9B079353460693049600230593D7
:103790000293136854680093019443463A005946D3
:1037A0002800FFF72DFA070088E71C9A111D1C91CD
:1037B00005940A9B049353460393029600230193B6
:1037C0001368009343463A0059462800FFF7BAF9B8
:1037D000070073E723060DD51C9A111D1C91126872
:1037E0001204120C31E7C0469C800010E0800010EB
:1037F0002C8100101C9A111D1C91126825E7462887
:103800001AD01C9B0733072293431A0008321C92DC
:1038100004940A9A0392524602925C681B680093D1
:10382000019443463A0059462800FFF765FC07001B
:10383000119B0133119319E620231C43E1E767280C
:1038400001D0472802D180231B011C43452801D009
:10385000472801D120231C431C9B07330722934395
:103860001A0008321C9204940A9A03925246029259
:103870005C681B680093019443463A00594628004F
:10388000FFF730FA0700119B01331193EEE5022395
:103890001A002240924623421FD001241C9B1A1D6D
:1038A0001C927A1C9146187843463A005946A8471C
:1038B0005346002B16D1119B013311934F46D5E58A
:1038C000561C434659462020B847230032005C1C52
:1038D0009D42F5D83D001700E0E701233A002F0094
:1038E0000A9DF4E74A46A9460A9D06E0571C43464E
:1038F00059462020C84734003A00661CA542F5D836
:103900004D469146D7E71C9B1A1D1C921B68994691
:103910005346002B00D1013B4E4601E00136130017
:103920003278002A02D05A1E002BF7D14B46F21AE9
:1039300010928023DB0026001E401C4203D052451B
:1039400001D95346109302231A0022400B922342BE
:1039500005D03A0037004C46A946554620E03A00CB
:10396000109B5F46B3462E0006E0551C43463900C7
:103970002020B04723002A005C1C0A999942F4D801
:1039800035005E46BB46109437004C46A946554666
:1039900006E01D000134561C43465946C847320014
:1039A0002078002804D0002FF4D06B1E002DF0D119
:1039B00017004D460B9B002B03D1119B0133119334
:1039C00054E50A9F109B06E0561C434659462020AA
:1039D000A847230032005C1C9F42F5D81700ECE793
:1039E00021231C431C9B1A1D1C921B6800930594E9
:1039F0000823049353460393102302930023019357
:103A000043463A0059462800FFF79CF80700119BEF
:103A1000013311932AE57C1C43463A005946252080
:103A2000A847119B0133119327001FE57C1C4346D7
:103A30003A005946A847119B01331193270015E519
:103A40000A4B9A4610E5AA46474502D343465A1EFA
:103A500000E03A00434659460020D047380013B0F2
:103A6000F0BCBB46B246A946A046F0BD51290010A5
:103A700000B585B0029003910121009313004A42E2
:103A800002A90248FFF7E2FC05B000BD532900106F
:103A900001480421014B1847300C0020C13A0010A6
:103AA00010B5010018231B8814221088984710BDF8
:103AB00010B5010018231B8816221088984710BDE6
:103AC000F0B5C64600B507000E0000250123984654
:103AD00000E00135B5420AD2AC003C192068FFF77E
:103AE000DFFF20600028F4D100239846F1E740462C
:103AF00080BCB846F0BD0000124A936F9B0815D2F7
:103B00009066D166002905D0FFE7FFE7FFE7516F18
:103B1000106F704704B580210906C2175140002874
:103B200000D0C84303F0BCFB002104BDF0B5146E07
:103B3000556E576F166FFFF7E3FF146655665767AC
:103B40001667F0BD000000D0114A936F9B0813D296
:103B500010665166002905D0FFE7FFE7FFE7516FC8
:103B6000106F704704B5002801D00020C04303F057
:103B700097FB002104BDC046F0B5146E556E576F1B
:103B8000166FFFF7E5FF1466556657671667F0BDB9
:103B9000000000D094464A4A926F9208624601D2D1
:103BA00028E0C046F0B5464E346E756E776F366FBE
:103BB00000F020F89446424A146655665767166727
:103BC0006246F0BD94463E4A926F9208624601D228
:103BD00054E0C046F0B53A4E346E756E776F366F6E
:103BE00000F04CF89446364A1466556657671667D7
:103BF0006246F0BD002B24DB11D000293EDA00B56F
:103C0000C943404200D1013100F038F8C943404275
:103C100000D10131DB43524200D1013300BD002A03
:103C2000EBD1002801D1002905D00020C90FC90718
:103C300001D1C043410800B503F02AFB0022002354
:103C400000BD00B500290ADBDB43524200D101333D
:103C500000F014F8C943404200D1013100BDC9430E
:103C6000404200D10131DB43524200D1013300F028
:103C700005F8DB43524200D1013300BD002923D1B6
:103C8000002B18D1002A0CD0BC460D4F38667A663E
:103C900000210023FFE7FFE7FFE77A6F386F6746F1
:103CA0007047002801D00748010000B503F0F0FA82
:103CB0000022002300BD02000B00002000217047FD
:103CC000000000D0FFFFFFFF002B00D0BFE0130C6F
:103CD00028D1002AE7D080B4114F39667A66FFE711
:103CE000FFE730B4040C7B6F396F1B0423433B6642
:103CF0007A66FFE7FFE7FFE7C04684B27B6F3D6F60
:103D00001B0423433B667A66FFE7FFE7C0460023B8
:103D10002C042D0C7A6F386F00196941B0BC7047C4
:103D2000000000D0F0B594460025140E01D1120217
:103D30000835140F01D112010435940F01D19200FE
:103D40000235D40F01D152000135D40B0134254F77
:103D50007C66254C3C660E0C93B2FFE7FFE7FFE75D
:103D60003C6F6643360C7703BE467343DF0B5B0440
:103D7000C01AB941130C7343DB18C91ACE08664345
:103D8000360CB64493B273431F0F1B01C01AB941DE
:103D9000130C73431F0B1B05C01AB941860D8F020C
:103DA0003E436643360C092D24DB520A7243801AC7
:103DB0007703460A6643360C16235B1BDE40DF4062
:103DC000BF1964466643821B704604350633010002
:103DD000D940A840C01900D30131A24206D2002325
:103DE000F0BD0000000000D0FFFFFFFF121B0130FC
:103DF000F3D3F1E709277F1BFE406446A2B272436A
:103E0000801A00D20139220C7243130C1204821A58
:103E100099410B007046043513370100F940A84062
:103E2000801900D30131002B02D1A2420AD2F0BD89
:103E3000013000D30131121BFAD2013BF8D1A2426A
:103E400000D2F0BD013000D30131121BF7E7F0B50D
:103E50001C0C00D080E00CB400251C0A04D11B020D
:103E6000160E3343120208351C0B04D11B01160F2A
:103E70003343120104359C0B04D19B00960F33434E
:103E800092000235DC0B02D192185B4101351C0017
:103E9000971864410134464F7C66464C3C660E0CD4
:103EA000FFE7FFE7FFE7C0463C6F6643360C77034A
:103EB000BE4697B27743C01B00D20139C01B00D267
:103EC00001399FB27743C91BC91B170C77437E0486
:103ED000FF0B801BB941CE086643360C0C2D33DB3B
:103EE000B644120B1F053A431B0B97B27743C01B16
:103EF00000D201399FB27743C91B170C77433E04A8
:103F00003F0C801BB941860D8F023E436643292733
:103F10007F1BFE400C3D7746AF40BF1930BCA2B2BC
:103F2000ABB272437343801A9941220C7243130C53
:103F30001204801A994102000B000137001BA941AD
:103F4000F9D2781E0021F0BD0C277F1BFE4077467A
:103F50007F0BAF40FF19E0E700245D1C07D0144F32
:103F60007D663966FFE7FFE7FFE7FFE73C6F95B245
:103F70009EB265436643401BB141150C1E0C654360
:103F8000664336042F0C3E432D04401BB141994239
:103F900004D202000B0020000021F0BD01D19042AC
:103FA000F7D3801A994101349942F2D3F6E7000021
:103FB000000000D0FFFFFFFF48404140484018B4D8
:103FC0001B4B5B68FC46019308BD04DF9342001065
:103FD00018B4174B1B68FC46019308BD00DF9D42D7
:103FE00000109446134A926F920809D2624618B4A0
:103FF0000F4BDB68FC46019308BD0CDF55450010F4
:104000000C4AF0B5146E556E576F166F6246FFF787
:10401000EEFF084A1466556657671667F0BD18B478
:10402000034B9B68FC46019308BD08DFF943001071
:1040300000180020000000D0FFB550404240504022
:1040400059404B40594000E0FFB5154F4C00640DFE
:1040500003D0BC4204D10C0314D80020090D09057B
:104060005C00640D03D0BC4204D11C030AD80022BA
:104070001B0D1B0501264B4009D44B4003D58B4239
:1040800000D18242FFBD9942FCD19042FFBD0B435B
:10409000DB1803431343F5D0C9434918FFBD0000A3
:1040A000FF07000000B5FFF7CFFF804100BDC0460D
:1040B00000B5FFF7C9FF01D9002000BD012000BDF8
:1040C00000B5FFF7B9FF01D9002000BD012000BDF8
:1040D00000B5FFF7B1FF804100BD012040054A0057
:1040E000121804D85A00121801D800207047012075
:1040F00070470020704700000021002805D170475C
:10410000C1174840401AFAD0C90713B5064B1B68BF
:1041100098470CBC441CA2401005120B0349091B14
:1041200009051943114310BD001900201F040000A8
:1041300010B54C00620D8023D218DB00D21A5B054B
:104140007E2A10DD9E3A13DACC1709034908194379
:104150005242D140640001341532202A05DAD040A1
:104160000843604310BD002010BD0846604310BDE9
:10417000C80FC018013810BD18B4044B5B6AFC4668
:10418000019308BD24DF054700100000001800203F
:1041900070B513231C78012C14D0012C14DC022CD4
:1041A00002DC1F4A1F4B9A641F48FFF779FC1F4B24
:1041B000186070BD99001A481A4A885001331F2BA5
:1041C000F8D9EAE70023FAE71948FFF771FC050080
:1041D0001848FFF76DFC023803789B007F2B19DD30
:1041E000802229000F4800F0ABFB022CD7D1124BE4
:1041F0001A88B5231B029A4209D1104B1A88104B1A
:104200009A4204D10F4B1A880F4B9A42C7D0002014
:10421000FEF786FB0D4B0E4A32210E48FEF7E6FAFA
:1042200059420010001800204C33000000190020F3
:10423000534400005346000054380000D8380000B2
:10424000494600009C38000059460000D08200100A
:10425000888300102483001007B56046002800D131
:1042600000BE01880A0A0230DF2AFAD1C9B28208E8
:1042700004D3028840880004104300E00068024A2A
:104280005050039007BD0000001800200FB403BC7D
:104290000CBCF0B50124E407634000E0F0B50C0D60
:1042A000CF0F661E3605891B640503D3C943404200
:1042B00000D30131640D03D0661CF60A07D0E41B5D
:1042C00000207F00791C89078912803C24031D0D82
:1042D000DF0F6E1E36059B1B6D0503D3DB43524279
:1042E00000D301336D0D03D06E1CF60A07D0ED1B11
:1042F00000227F007B1C9B079B12803D2D032F1B00
:10430000661B58D4A446202E46DA20371400BC4041
:104310001D00BD40F24033412A4380185941CB0F64
:1043200005D0C943C0430022644250415141624616
:104330004D0D28D10D0D07D100281FD02419404163
:104340004941013A0D0DF9D0640006D3013000D384
:104350000131002C01D140084000013A0BD4941CDB
:10436000E40A04D112051144DB071944F0BDD90752
:10437000204B194300E0D9070020F0BD0029DDD112
:10438000002CDBD1F0BD0132C6074008CD07284321
:104390004908002EE1D0D9E73C2E29DA203E4037EB
:1043A0001400BC4000D00124F24014431A00BB406A
:1043B0001C43D317ACE7AC46202F08DA20360400A4
:1043C000B4400D00B540F84039412843A5E73C2FE3
:1043D0000CDA203F40360400B44000D00124F840FD
:1043E00004430800B1400C43C117EAE7100019006C
:1043F000002494E70000F07FF0B50C0D661E360532
:10440000891BE60A6405640D02D0651CED0A04D020
:10441000002001210905803C2403A4461C0D671ED1
:104420003F05DB1BE70A6405640D02D0651CED0A3D
:1044300004D0002201231B05803C24037740644400
:1044400097B484B296B27443070C7E43150C6F4345
:1044500080B26843361802D3012000043F183004AC
:10446000350C00197D41844688B29AB250430C0C39
:1044700062431F0C7C438EB27E43921902D3012605
:104480003604A4191604170C3618674101BC81B212
:104490009AB25143040C62431B0C5C4380B25843F4
:1044A000121802D30120000424181004130C401821
:1044B00063412D185E410020474106BC88B293B28B
:1044C00058430C0C6343120C544389B251435B189C
:1044D00002D301210904641819041A0C0918624155
:1044E0006D1856410020474118BCF902720D114366
:1044F000F0026A0D1043ED020A0D03D16D1940411F
:104500004941013B124E9B1B7600B3420ED26D0017
:1045100007D30130002671416646354301D140087A
:1045200040001B05C918E4072144F0BD0BDA013334
:1045300006D1013004D101314F0D01D04908F2E715
:10454000E1070020F0BD013631050020EBE7000057
:10455000FF030000F0B51C0D671E3F05DB1BE70ADB
:104560006405640D02D0661CF60A04D00022012303
:104570001B05803C2403D0252D060026F6432E661D
:104580001E096E66CE0FF619B44649004F0D02D0D3
:104590007E1CF60A03D000200021403F3F033E1B53
:1045A000B600B444013F7F05C91B49082E6F013690
:1045B00076089C02950D25437543ED137543AD13A5
:1045C00001356D10F603761B0CB4CC02450D2C435F
:1045D000A2B2B3B25A43270C7B43350C6F43A4B24B
:1045E0006C431B1902D3012424043F191C041D0C25
:1045F000A4187D4124196D41009A91B2ACB2614377
:10460000170C7C432B0C5F4392B25A43A41802D37D
:1046100001221204BF182204230C52187B41019C72
:104620006C431B19520ED9010A434401A01A81B2EE
:10463000B2B2514303145A43360C734387B27743E3
:10464000D617D21900277E4136049B191704160C81
:104650007F185E417316ED18F30100268033754113
:10466000A90F06D16400690AE8055B0A184309D25C
:104670002FE00422944480337541A90AA8059B0ABF
:10468000184326D3404149412404009A019B0D0060
:104690005543641B4343E41A95B286B27543170C25
:1046A0007E43030C5F4392B25A43B61802D30122F1
:1046B0001204BF183204330C52197B4152429C4100
:1046C000002C02D40022013051414008CA07104397
:1046D000490802B06246D7079210084BD218084B1F
:1046E0009A4203D212058918C919F0BD0020002A88
:1046F00001DC3900F0BD01331905F5E7FD030000C9
:10470000FE070000002200B5203200F004F8080087
:1047100000BD000000220B150AD410B5944600F02D
:1047200031F81414013400DA0021CB17144C20475F
:104730000020002170476244343A0CD40C2A07DA76
:1047400004009140904052422032D440214310BD99
:10475000D843D94310BD203207D40C46944052426E
:1047600020321141D040204310BD0800C91720322B
:1047700003D452422032104110BD1800190010BD60
:10478000374700100A0DCC0F531E1B05C91A5205DE
:1047900003D3C943404200D30131520D03D0531C0F
:1047A000DB0A07D0121B00206400611C89078912F4
:1047B000803A1203014BD21A70470000FF03000039
:1047C00051434343C9188C46110C83B24B4310B478
:1047D000040C614392B280B2504362431C041B0C30
:1047E000001910BC59411304120CC0185141614406
:1047F0007047000070B513231D782A48FFF758F959
:104800000400012D11D0012D09DDA31E1B789B0092
:104810007F2B40DD80222100234800F091F82348BF
:10482000FFF73EF9224B186070BD542201001E486C
:1048300000F086F81F4B1A881F4B9A421CD1A72301
:104840009B011A881D4B9A4216D11D4B1A881D4B8D
:104850009A4211D11C4B1A8894239B019A420BD186
:104860001A4B1A881A4B9A4206D11A4B1A681A4BDD
:104870009A4201D1152307E01848FEF751F8990034
:104880001748094A885001331F2BF8D9144A064BA0
:104890001A62DA61B7E7134B134A42211348FDF756
:1048A000A5FFC04653460000041900204C33000009
:1048B00000190020EE290000C40F0000C20D000006
:1048C000962B0000C0B50000182B0000CC2A000079
:1048D00010B50000FC2C000051ED8764AC7F001087
:1048E000F14800109C83001034840010D083001025
:1048F00007B56046002800D100BE01880A0A0230D0
:10490000DF2AFAD1C9B2820804D3028840880004A1
:10491000104300E00068024A5050039007BD0000B9
:104920000419002001480421014B1847400C0020C5
:10493000C13A0010014B1B6818470000400C0020D2
:10494000014B5B6818470000400C002010B50300C5
:10495000080011001B68984710BD0000F8B507005B
:104960000D001600437D002B02D0002400200CE037
:1049700003681100280098472DE03B7D10E00221DC
:1049800015483B689847601C0134B44214DA002C87
:10499000F3DD2B19013B1B780D3B5A425341DBB22F
:1049A0002A5D0A2AF0D1002BEED1A042E7DA211AC3
:1049B00028183B689847E2E7B04203DA311A281812
:1049C0003B689847002E06DDAD19013D2B780D3B65
:1049D0005A4253413B75F8BDC484001070B50500C0
:1049E0000368002B16D00C4B1C6805E0290004C995
:1049F0002000FFF7B3FF2469002C09D02368002BA7
:104A0000F9D0064B1B68002BF0D0A342F3D1EDE7A1
:104A100000232B6070BDC046CC130020D4130020AF
:104A200070B505000C000B68802B05D021684B1C6D
:104A300023606418257170BD0800FFF7CFFFF5E70C
:104A400010B5FDF797F902000B1E0BDB0D48002196
:104A500012184B41002B0BDB002B0DDB0A4802F038
:104A600047FC10BD094B0A4A3F210A48FDF7BEFE2C
:104A700001225242084BEFE7044B054A3F2105480B
:104A8000FDF7B4FE40420F00900C00205073001060
:104A9000AC8400106C730010FFFFFF7F10B502485C
:104AA00002F0EEFB10BDC046900C0020F0B5CE46E3
:104AB000474680B583B006000D0090461C00FFF706
:104AC000BFFF81466B1C05D0002C08D0194F1A4B34
:104AD0001C6807E0300002F099FB0500F4E7174F6F
:104AE000F5E72469002C17D02368002BF9D0144B6C
:104AF0001B68002B01D0A342F3D12A003100200013
:104B0000B8474346002BECD06B46D91D0A230B70E7
:104B100001222000B847E4E74B46002B07D16B1E6B
:104B20009D41E8B203B0C0BCB946B046F0BDFFF746
:104B3000B5FFF4E74D490010CC1300205D4900108B
:104B4000D4130020094A01E010331A001368002B27
:104B500008D08342F8D1002907D1036913600023EC
:104B6000036102E0002900D010607047CC130020E0
:104B700010B5064B1C6801E098472469002C03D04F
:104B80006368002BF8D1F8E710BDC046CC130020B5
:104B900070B5050002F03AFB040000230122010079
:104BA0002800FFF783FFFFF7E3FF200070BD000040
:104BB00070B5A2B004000E00FFF742FF050000230D
:104BC00001933300220001A90848FEF751FF0400B9
:104BD00001A8FFF703FFFFF7CBFF002D02D1200054
:104BE00022B070BDFFF75AFFF9E7C046214A001016
:104BF0000FB400B583B004A901C90191FFF7D8FF34
:104C000003B008BC04B0184710B500F037F910BD68
:104C100070470000014B00221A707047381A0020BC
:104C20004B79FF2B0CD18B79002B0BD1CB79012B3E
:104C30000AD1082A0AD98A78054B1A70092000E09F
:104C4000002070470020FCE70020FAE70020F8E78A
:104C5000381A00200120704770B504000D00034889
:104C6000FEF71EFF03002900200098475542000070
:104C700010B5012926D1117953791B020B43124932
:104C800009788B4201D000201DE05378012B03D01E
:104C9000022B10D0002016E09178D3781B02194324
:104CA000DB0506D54B0A012098407F231940FFF70A
:104CB000D3FF0020F9E7642200210020FDF758FD12
:104CC000012000E0012010BD381A002001230370EC
:104CD00000487047C884001010B50B78487800026F
:104CE00018438A7812041043CB781B06034396229C
:104CF000D200934200D010BD00210800FFF7ACFFA6
:104D0000024B1860024B19607047C04630130020F8
:104D10003413002010B5024B1878FBF717FF10BDB5
:104D2000391A002070B5134B1B68002B1DD0114B96
:104D30001968EFF3108372B60A68002AFCD0BFF33B
:104D40005F8F0C494B6000220B4802700968BFF36B
:104D50005F8F0A6083F3108800240025074B1878C2
:104D6000FBF7F4FE2000290070BDFA24A400002502
:104D7000F4E7C046E01700203A1A0020391A002054
:104D800010B584B000212D4802F092FA00283AD1E3
:104D90002B4B1B68002B3ED0294B1968EFF3108278
:104DA00072B60B68002BFCD0BFF35F8F24494A60BA
:104DB0002448037801246340DBB2012404700968AD
:104DC000BFF35F8F0020086082F31088002B22D091
:104DD000FCF72AFD0400FCF7CDFF02000B1E1CDBD4
:104DE000FA208000002112184B41002B1BDB002B06
:104DF0001DDB012102910021019113490091200046
:104E0000FCF728FD07E001200021404201F0F0F806
:104E10000A4802F035FA04B010BD0C4B0C4A3F2191
:104E20000C48FDF7E3FC012252420B4BDFE7074B36
:104E3000074A3F210748FDF7D9FCC046081A002061
:104E4000E01700203A1A0020254D00105073001082
:104E5000748500106C730010FFFFFF7F10B5054BC9
:104E60001868002804D0044B1968002200F0E6FD01
:104E700010BDC046301300203413002010B584B09C
:104E8000D0231B061C68FCF7CFFCFCF713FEA042E6
:104E90002AD1324B1B7801F093FD3148FCF734F9ED
:104EA0000120FCF715F9C0B22E4C20702E49FBF7FB
:104EB0006FFE20780121FBF741FE0520FBF756FE2F
:104EC000041E17D0002229490520FBF78BFEFBF7B3
:104ED000A3FD01002648FCF733F901212548FFF71F
:104EE00031FE200004B010BD234B244AB2212448D7
:104EF000FDF77CFCFCF798FC0400FCF73BFF02008C
:104F00000B1E1BDBFA208000002112184B41002BE6
:104F10001ADB002B1CDB01210291002101911949B0
:104F200000912000FCF796FCC443E40F0822002106
:104F30000F48FFF7FFFC002CD3D0CEE7124B134AEB
:104F40003F211348FDF752FC01225242114BE0E78A
:104F50000D4B0E4A3F210E48FDF748FC748B0010A4
:104F6000081A0020391A0020814D0010154D00103C
:104F7000E0170020500C0020A4760010648500107B
:104F8000E0840010254D001050730010748500104F
:104F90006C730010FFFFFF7F10B5002001F030FAA6
:104FA00010BD000070B505000C00FFF7F5FF0028EC
:104FB00045D0002001F046FA002843D0FCF7DAFE85
:104FC00002000B1E21DB2248002112184B41002B4E
:104FD00021DB002B23DB1F4802F08AF9002834D0A4
:104FE000FFF7DAFF002804D0002001F02BFA002898
:104FF0001BD101200021404200F0FAFF032464424B
:10500000144802F03DF9200070BD134B134A3F21B4
:105010001348FDF7EBFB01225242124BD9E70E4B2E
:105020000E4A3F210E48FDF7E1FB22002900002037
:1050300001F014FA041EE3D103246442E0E70324E0
:105040006442E0E703246442DDE703246442DAE7D4
:1050500040420F00081A00205073001074850010A1
:105060006C730010FFFFFF7FF0B5C64600B58046A9
:105070000C00FCF77FFE02000B1E0FDB37480021FF
:1050800012184B41002B0FDB002B11DB344802F0D0
:105090002FF9002812D180BCB846F0BD314B324AFE
:1050A0003F213248FDF7A2FB01225242304BEBE791
:1050B0002C4B2D4A3F212D48FDF798FBFFF76CFF45
:1050C000002849D12B4B002000211860596024484A
:1050D00002F0D6F8DFE701200021404200F088FF0F
:1050E000002001F0CFF9FFF757FF0028EFD0002094
:1050F00001F040FA002820D0A542E8DA661B002023
:1051000001F038FA0200864200DC3200002AE2D0C8
:1051100043465919002001F011FA06000120002130
:10512000404200F065FF002001F0ACF9AD19FCF73A
:1051300021FE104B18605960DEE7FCF71BFE0D4B9B
:105140001E685F680C4A002392197B419942BED8C1
:10515000D2D19042D0D9BAE70025CDE740420F0026
:10516000081A002050730010748500106C73001032
:10517000FFFFFF7FB00D002020A10700004870470F
:105180000C86001000487047B885001010B5040068
:10519000154B1B78002B0ED0002C11D1134B144A49
:1051A0005A80012301335B001BB2C02292001343DB
:1051B0000E48038010BD11210B4800F025F8EBE7E5
:1051C000052C0ED8A4000B4BE4580023122BE9D871
:1051D000E25C002AE6D00133590004484252DBB2B7
:1051E000F4E70020E6E7C046201A0020A4130020C0
:1051F000090400002086001010B5024800F034F8C1
:1052000010BDC046F817002010B5002901D00023BA
:105210000AE0114B114A1F311148FDF7E7FA00244B
:105220000DE03732C25401334A1E9A420FD90F2B78
:105230000DD85A080B4CA25CDC07F0D404242241A0
:1052400014000F222240092AEBDC3032EAE7C018B2
:105250000023037010BDC04638860010A4860010DD
:1052600040860010F817002070B588B0040004AD27
:10527000002604960922002105A8FFF75BFB009693
:105280000922002101A8FFF755FB4B232B700D22AB
:105290006946280001F0ECFF002304E05A1D69462E
:1052A0008A5CE2540133072BF8DD08B070BD0000C2
:1052B00002007F201040D209400080184001014BBD
:1052C000C0187047D813002010B5038B3F333F221E
:1052D0009343022915D0124C2268C260D318236070
:1052E0009C0610D10F4C6240634080246401A342AD
:1052F0000FD88906114380231B06194343681960A0
:1053000010BD5B00E7E7084B084A54210848FDF749
:105310006DFA084B054A56210548FDF767FAC04665
:10532000DC170020000010504C880010808900100D
:105330007C880010EC880010F8B505000E00140001
:10534000FFF7B6FF7F232B40EF0985707A427A4141
:1053500042700022C2700683C476012F0DD0DA009D
:1053600012498C4662448260826800211160002BE1
:1053700009D143600E4BC360F8BDDA000D498C467D
:1053800062448260F0E7012F09D0013BDB000A4A4A
:105390009446634443602100FFF796FFECE7013B2E
:1053A000DB00064A944663444360F4E784001050EF
:1053B00000011050800010500C00105008001050D8
:1053C00070B50C001500FFF773FF2A00210000F0F4
:1053D0000DF970BD10B5002804D101210520FBF79F
:1053E000ADFB10BDD521034B034A49000348FDF72F
:1053F000FDF9C04634890010708900107C880010C7
:1054000010B5002805D1002200218020FFF7D8FF29
:1054100010BDDB21024B034A49000348FDF7E6F9C2
:1054200034890010608900107C880010024B8022B3
:105430005202DA647047C0460020115070B5041E55
:1054400026D100F0ADF8164D0C23AB67FF221549AD
:105450000520FBF7C7FB402200211348FFF76AFA3B
:10546000002240210020FFF767FF0022402180201A
:10547000FFF762FF01F034FF01232B6480239B05BB
:10548000EB649023094AEA502000FFF7CFFF70BD7C
:105490008621074B074AFF310748FDF7A7F9C046A9
:1054A00000001150A1040020D813002010D00100EA
:1054B00034890010948900107C8800100B785B06FA
:1054C00002D14B78052B00D070478A78014B1A60C7
:1054D000FAE7C0460000115010B50C0000280DD1AD
:1054E000097963791B020B435B05590DE27892073A
:1054F000920FA078FFF720FF012010BDFC21034B85
:10550000034AFF310348FDF771F9C04634890010A2
:10551000508900107C88001010B501F0E1FE10BD2C
:1055200010B50400080011001A00002C03D1FFF789
:1055300047FF012010BD034B034A04490448FDF70F
:1055400055F9C04634890010408900100A02000055
:105550007C88001010B508004B0605D1CB09012B43
:105560000AD00222054B9A66FFF7A2FE80221201A2
:10557000002101F0DDFE10BD0122F3E700201150F3
:1055800010B508004B0600D110BDFFF791FE0023B7
:10559000C3700022014901F0CBFEF5E7FFF7FFFFE2
:1055A00010B580235B040C4A13600C4A13600C4B4B
:1055B0009A6880235B049343F9D10A4C9C22002112
:1055C0002000FFF7B7F98022520100210648FFF7BB
:1055D000B1F90923636710BD00E0004000F000400E
:1055E00000C00040000011500000105070B50400D1
:1055F0000D001600837E002B17D1A6820023E382C4
:105600000133A3762561200001F07AFE002804D042
:10561000094A902380218902D150200001F090FE98
:10562000002805D00123237770BD01F079FEE4E75F
:10563000200001F06DFEF7E70020115070B5050065
:1056400000240CE063001B19DA00184B1B689B1840
:10565000002B2AD05B68280098470134E4B2144B31
:105660001B78A34210D3134A002A0BD0A342E9D8D7
:10567000E31ADBB2002B18D15A00D218D2000E4B1D
:105680009B18E5E72300F5E70C4C5322002120008E
:10569000FFF750F9E01C1022FF21FFF74BF9200023
:1056A00013302022FF21FFF745F970BDDC0D0020EB
:1056B000311A0020CD4C0010408B00100411002046
:1056C00010B5FFF7BBFF00F0F1FD10BD70B5050090
:1056D0000C001600C86800F0F3FDE36832000121F9
:1056E0002800984770BD0000F0B5DE4657464E468C
:1056F000C0B582B000900139C8B2FFF743FD002861
:1057000000D18CE043789A46022B00D089E0C5791D
:105710006A11013B4B491A4014010A781027BA4319
:1057200022430A70AD112B405B01D2B22024A24368
:1057300013430B70060009368278C47824021443A0
:105740000419A64264D273780B2B09D001239B461F
:105750007378042B6CD1A31B9BB29946002525E0DE
:10576000F3789B463378F618F2E76F007F19FB0059
:10577000354A1768FF182BE02B0022E0BA68334B3C
:105780009A4234D1D34632E02E482B00019F3A0092
:105790003100133001F0A2F9BC4666442C4B1B7853
:1057A000AB42CED200203DE00135EDB2284B1B7854
:1057B000AB42F3D3274A002ADED0AB42D5D8EB1A4E
:1057C000DBB2002B36D15F00FB18DB00224FFF1845
:1057D000002F31D04A4631000098BB6898470190AD
:1057E0000828E1D98145DFD35B46012BC6D00022D2
:1057F0009345C9D9B3789B18DBB21249C918C97847
:10580000FF291BD10F49CB18DD700132D2B2EFE76F
:10581000124B002B14D000E000BF012002E000205A
:1058200000E0002002B0E0BCBB46B246A946F0BD95
:105830000020F7E70020F5E70020F3E70020F1E77C
:105840000120EFE704110020DC0D0020916600101C
:10585000311A0020CD4C0010408B001000000000D9
:1058600070B505000C00CB7888780F2B50D89A00C3
:105870002E498A589746FFF781FC02001223210027
:10588000280000F0D9FC44E0294B002B42D000E076
:1058900000BF021E40D08178C3781B020B43210059
:1058A000280000F0C9FC34E0022B09D0214B002B6A
:1058B00034D000E000BF0200002A05D1002028E01B
:1058C000FFF760FC0200F7E79178D3781B020B43E7
:1058D0002100280000F0B0FC1BE023796179090267
:1058E0001943FFF753FC021E1AD003782100280049
:1058F00000F0A2FC0DE0104B002B13D000E000BF25
:10590000021E11D003782100280000F095FC00E071
:10591000002070BD0020FCE70020FAE70020F8E737
:105920000020F6E70020F4E70020F2E7B48A001038
:10593000000000000000000000000000024B58784A
:10594000431E9841C0B2704704110020024B1878E2
:105950004007C00F7047C04604110020034B187861
:10596000FF38431E9841C0B27047C0468C0C0020DF
:1059700070B50400FFF7F2FF061E01D0300070BDC5
:10598000532200212348FEF7D5FF234D2800FBF7C3
:10599000BBFB224B1D60224D28001430FBF7DAFBC5
:1059A000280001F0F0FB1F4B1D601F4B002B04D0A3
:1059B0001E48FFF78BF91E4B186000250BE06B00AB
:1059C0005B19DA001A4B1B689B18002BD6D01B689A
:1059D00098470135EDB2154B1B78AB4210D3124AF4
:1059E000002A0BD0AB42EAD8EB1ADBB2002BC5D1B0
:1059F0005A00D218D2000F4B9B18E6E72B00F5E7B0
:105A00000D4B1C702000FFF719FD2000FFF7E2FC92
:105A10000126B3E704110020BC100020581100201B
:105A2000700C00205C110020CD4C0010311A0020B9
:105A3000DC0D0020408B00108C0C0020F0B585B0F0
:105A400007000E00150001AC0C2200212000FEF71B
:105A500071FF08236370029703962900200001F06C
:105A600037FC05B0F0BD000070B50C00094B1D7887
:105A70008B7870221A4201D0002070BD064B9978B5
:105A8000200000F0EFFF0028F7D021002800FFF7EA
:105A900023FDF2E78C0C002004110020F8B5CE465F
:105AA000474680B581460C0017001E00089B9846AB
:105AB000002504E0099A13702378E4180135AF42F9
:105AC00014DD6378052B16D1E1788907890FB1427F
:105AD00013D121004846FFF7C7FF002807D0A3785D
:105AE000DA09012AE6D042461370E5E70120C0BC7E
:105AF000B946B046F8BD0020F9E70020F7E70000FE
:105B000010B57F200840C9094000401830300449D2
:105B100008180330034B196800F05EFF10BDC04643
:105B2000041100205811002010B57F200840C90939
:105B3000400040183030044908180330034B1968FE
:105B400000F072FF10BDC046041100205811002063
:105B5000F8B5CE46474680B5194800787F250D40F8
:105B6000CE096F00174CE419A4193034E478E40727
:105B700004D50020C0BCB946B046F8BD114CE419AC
:105B8000A4193027B946A1444C46E4780127BC4605
:105B900067463C4327004C46E770FFF7C1FC0028EE
:105BA000E8D16D00074B5D19AE193036F37801224C
:105BB0009343F370F37803329343F370DAE7C0460C
:105BC0008C0C00200411002070B50F4B18787F2436
:105BD0000C40CD0962000D4B9B185B193033DB780C
:105BE0009B0700D570BDFFF7B5FC6300074CE418B8
:105BF00064193034E37802221343E370E37801221E
:105C00001343E370EEE7C0468C0C00200411002023
:105C100070B50F4B18787F240C40CD0962000D4BF6
:105C20009B185B193033DB789B0700D470BDFFF7FE
:105C3000A7FC6300074CE41864193034E3780222AF
:105C40009343E370E378013A9343E370EEE7C04691
:105C50008C0C0020041100207F220A40CB09520046
:105C600003498918C9183031C8788007C00F7047B8
:105C700004110020F0B5C64600B582B005000C0046
:105C8000002000F01DFB237860221340602B00D120
:105C900085E1402B0FD02278D206D20E012A00D106
:105CA000C9E0022A00D10FE1002A11D0002002B081
:105CB00080BCB846F0BDC74B002B00D171E1180085
:105CC00000F0FEFA22000121280000E000BFEEE70C
:105CD000202B0AD0002B00D06BE16378092B00D970
:105CE00069E19B00BC4AD3589F4623790F2B00D90A
:105CF00059E1BA4AD318DB78B94A002A05D0B94A23
:105D00001278934211D39B1ADBB2002B00D04CE1E6
:105D10005900CB18DB00B449C918002900D146E16D
:105D200022002800FFF7D2FCC1E75900CB18DB00A6
:105D3000AE4A1168C918F0E7200000F0C7FAA17850
:105D40002800FFF75DFBA54A137802210B4313706F
:105D50000120ACE7A14B5B786A4606321370012341
:105D60002100280000F068FA0120A0E7A6789B4BEC
:105D70005B78DBB2B34205D0984B5B78002B09D13E
:105D8000002E13D1954B5E702100280000F038FAE8
:105D900001208CE72800FFF7BFFB904FBB789846A7
:105DA0002800FFF74BFC4346BB70E9E731002800B1
:105DB000FFF79AFC0028E5D179E721002800FFF7DA
:105DC0004FFD74E7A278E3781B021343012B01D047
:105DD00000206CE7814A137808210B4313702100DF
:105DE000280000F00DFA012061E7A278E3781B0299
:105DF0001343012B01D0002059E7784A137808217A
:105E00008B4313702100280000F0FAF901204EE7BF
:105E1000724B1A785109920801230B4002210A4063
:105E200013436A460632138002232100280000F043
:105E300003FA01203BE723790F2B00D9BDE0674A25
:105E4000D318D978664B002B05D0664B1B78994246
:105E500028D3C91AC9B2002900D0B0E04B005B18A2
:105E6000DB006149C918002900D1AAE022002800FE
:105E7000FFF72CFC002800D019E7237860221A4293
:105E800000D014E763780A3B012B00D90FE700F03C
:105E900017FA63780A2B0CD02100280000F0B0F923
:105EA000012004E74B005B18DB00504A1168C91859
:105EB000D9E76B469A1D0023137001332100280097
:105EC00000F0BAF90120F2E621797F220A40CE09DA
:105ED0007020084277D15200404882189219D27C33
:105EE0003F48002805D03F480078824212D3121A5A
:105EF000D2B2002A15D15600B218D2003A4EB618C6
:105F0000002B10D0002E60D0220031002800FFF7B7
:105F1000DDFBCCE65600B218D20034480668B6184D
:105F2000EEE70026ECE76378012B12D0032B10D0AC
:105F3000002B01D00020BAE62800FFF78DFE6B464B
:105F40009A1D108002232100280000F075F901201D
:105F5000ADE6A778E27812023A4304D1012B1AD0B9
:105F60002800FFF731FE002E31D02200310028003A
:105F7000FFF7ACFB002000F0A3F9184A3423D35CF0
:105F8000DB07D80F002B00D091E62100280000F09D
:105F900037F901208BE62800FFF73AFEE3E70020FF
:105FA00085E6002083E6002081E600207FE60020D1
:105FB0007DE600207BE6002079E6002077E60020E1
:105FC00075E6002073E6002071E600206FE60120F0
:105FD0006DE6C04600000000F48A001004110020A5
:105FE000CD4C0010311A0020408B0010DC0D002039
:105FF00030B585B000F0E9FC002808D105B030BD0F
:1060000001AC2078FFF75CFB22795D4B9A705D4B09
:106010001C68210014316269EFF3108072B61368B6
:10602000002BFCD0BFF35F8F486001A9200001F076
:106030004DF86269A369BFF35F8F0021116083F39C
:1060400010880028DAD001AB5B78082BDFD89B00E2
:106050004D4AD3589F4601AB1878FFF731FB4B4BA5
:10606000002BD4D000E000BFD1E7454B1A780124C3
:1060700001210A431A703322995CA1439954995C17
:106080000420814399540132995CA1439954995C4D
:106090008143995401AB187802A9FFF7EBFD002862
:1060A000B5D101AC20780021FFF754FA2078802187
:1060B000FFF750FAABE701AB19797F220A40CC0910
:1060C00050002F4B1B181B193033D8780125A843DB
:1060D000D870D8780335A843D870002A1FD0520052
:1060E000274B9A181219D37C294A002A05D0294A2D
:1060F000127893421AD39B1ADBB2002B00D07DE7B3
:106100005A00D218D200244B9B18002B00D175E7FF
:106110001C6901A84279039B0078A04777E701A892
:106120004279039B007800F0DFF870E75A00D2183C
:10613000D2001A4B1B689B18E7E7114B1B78DB0753
:1061400000D464E7164B002B00D160E70C4B1878A5
:106150000007C00F00E000BF59E7094B1B78DB07C1
:1061600000D454E70F4B002B00D150E700E000BFF4
:106170004DE7029B002B00D149E70398984746E77B
:10618000041100205C1100201C8B00100000000096
:10619000CD4C0010311A0020408B0010DC0D002087
:1061A0000000000000000000F8B50500124B9F89B8
:1061B000DE89B91B89B20B1C402900D940239CB24F
:1061C0000D4B1B785BB2002B08DB0021B74211D0CE
:1061D0000A4A23002800FFF7BBFCF8BDB74201D1F3
:1061E0008021F3E7044B996822000448FEF7A8FBDE
:1061F0008021EBE70022ECE7A8100020C41000206B
:1062000070B506000C000B4D08222800FEF798FB25
:106210000023AB60EB81AB810023E356002B06DB50
:106220008021002300223000FFF792FC70BD002186
:10623000F7E7C046A8100020F0B5C64600B5804676
:106240000C0016001D00184F08223800FEF778FBDE
:10625000BE600023FB81A379E179090219430B1C7D
:10626000A94200D92B1C99B20F4A9381A279E379F4
:106270001B02134309D0002901D0002E12D0404642
:10628000FFF792FF80BCB846F0BD0023E356002B19
:1062900006DB8021002300224046FFF759FCF1E78E
:1062A0000021F7E70020EDE7A810002010B5142228
:1062B00000210248FEF73EFB10BDC046A81000209A
:1062C000014B18617047C046A810002010B50100AE
:1062D000044C08222000FEF733FB0023A360E38177
:1062E000A38110BDA810002070B505001C00C909CD
:1062F0002D4B1B78DB098B4211D0002C50D12B4B3E
:10630000002B02D02849FFF7D9F8274B1B69002B37
:1063100003D0254A032128009847012070BD224B55
:106320001B785BB2002B07DB1F4B9868002839D025
:1063300022001F49FEF704FBA2B21B49CB89D318E8
:106340009BB2CB818A6812198A60CA88934201D0B5
:106350003F2C21D8144B1B69002B05D0124A022177
:106360002800984700280DD00F4B1B785BB2002BFC
:1063700006DB8021002300222800FFF7E9FBCDE7A0
:106380000021F7E700212800FFF7E4F8802128002A
:10639000FFF7E0F80120C1E72800FFF705FFBDE7A0
:1063A0000020BBE70020B9E7A8100020BD54001072
:1063B000C410002070B5040005001035280000F05E
:1063C0006FFE3F2801D8002070BDE1780020FFF764
:1063D00097FB0028F8D0280000F062FE3F2808D97B
:1063E00092239B00E218E17840230020FFF7B0FBE6
:1063F000EAE7E1780020FFF797FB0020E4E70000E0
:1064000010B50400FFF79AFA00280CD10022002AE8
:1064100011D0B2239B0063430948C0180379DB07FE
:106420000BD5012008E0FFF791FA002801D10122E5
:10643000EDE70022EBE7002010BD0020FCE7C0469E
:10644000E00D002010B5B2239B0058431030024BE2
:10645000C01800F0F4FD10BDE00D002070B5B223AF
:106460009B005843064BC51892B21030C01800F07C
:106470004EFE04002800FFF79DFF200070BDC046BF
:10648000E00D002070B50500FFF758FA002804D190
:106490000023002B09D1002070BDFFF757FA002818
:1064A00001D10123F5E70023F3E7B224A4006C43F4
:1064B0002034214BE4180434200000F0C0FD0028F3
:1064C00001D10020E8E7B22292006A431A4B9B18E0
:1064D00099780020FFF714FB002801D10020DBE7AA
:1064E000B226B6006E43A2239B009C466644124B24
:1064F000F61840223100200000F009FE041E0ED0E4
:10650000B220800068430C4D2D18A978230032007A
:106510000020FFF71DFB00280CD02000BCE7B220B4
:1065200080006843044D2D18A9780020FFF7FCFA7D
:106530000020B1E70020AFE7E00D002070B50500B6
:10654000B224A40044432034094BE418043492B22A
:10655000200000F013FE0600200000F070FD3F2830
:1065600001D8300070BD2800FFF78CFFF9E7C04666
:10657000E00D002010B5B2239B0058432030034BA0
:10658000C018043000F08CFD10BDC046E00D0020A6
:10659000F0B5CE46474680B583B0B22292000021C6
:1065A0002848FEF7C7F90026002E04D003B0C0BC6F
:1065B000B946B046F0BD234FB224A40074433D1940
:1065C000FF236B71002398461F4AEA8001222A812B
:1065D000AB72EB7208232B7321003831C919F833E1
:1065E000994620001030C0194346009301334A46B3
:1065F00000F0E7FC21003931FF31C91920002030BB
:10660000C0190430012300934A4600F0DAFC8E23BF
:106610009B00E3189946B9444846FAF775FD43468E
:10662000EB614B462B6290239B009C466444E4192B
:106630002000FAF769FD2C6343466B630136F6B21E
:10664000B2E7C046E00D002000C2FFFF70B5002594
:10665000002D00D070BDB224A4006C430B4EA019D5
:1066600005220021FEF766F920001030801900F0A5
:106670008AFD2034A4190434200000F084FD012197
:10668000200000F09FFD0135EDB2E1E7E00D0020B4
:10669000F0B583B006004B79022B50D18B79022BD9
:1066A00051D10023002B08D00027002F4DD08B782C
:1066B0003B700C780C19092511E0B224A4005C434E
:1066C000254800198078002802D00133DBB2E9E7C1
:1066D000214FE719E9E721784D19ADB264186378C5
:1066E000242B01D19542F6D9052B09D06378042BD0
:1066F00002D163790A2B10D03800FFF75BFE1FE050
:1067000021003000FFF7B0F9002820D0A3787B707B
:1067100022785519ADB2A418E8E721784D19ADB229
:106720006118BB1C0193FB1C009302230222300062
:10673000FFF7B4F900280CD00E35ADB2DCE7002528
:10674000280003B0F0BD0025FAE70025F8E7002592
:10675000F6E70025F4E7C046E00D0020F8B5140088
:10676000127860231340202B00D07FE0444A00259C
:10677000002D00D07CE01678277963791B023B431B
:106780009E4206D00135EDB2B2239B009C46624486
:10679000EEE76378222B31D009D8202B11D0212BA2
:1067A00003D1012923D0012061E000205FE0232BE9
:1067B00005D1012949D003294CD0012057E0002000
:1067C00055E0012903D0032908D001204FE006320B
:1067D00007232100FFF730FD012048E0294B002B63
:1067E00048D0911D2800FEF777FA01203FE00632DD
:1067F00007232100FFF720FD012038E0012903D005
:10680000032906D0012032E02100FFF7F9FC012026
:106810002DE0A178E3781B020B4301201900014011
:106820000E005C08044013714B425941C9B2243236
:10683000100000F0C7FC144B002B1DD022003100CB
:10684000280000E000BF012011E02100FFF7D8FC84
:1068500001200CE00D4B002B10D0A378E178090249
:106860001943280000E000BF012000E00020F8BD2F
:106870000020FCE70120FAE70120F8E70120F6E715
:10688000E00D0020D94C00100000000000000000C6
:10689000F0B5D64600B582B001900F0000930024F9
:1068A000002C0ED0002C00D07CE0EB78BB4216D040
:1068B000AB78BB424DD00124200002B080BCBA4668
:1068C000F0BDB225AD006543394BED18EB78BB4206
:1068D000E8D0AB78BB42E5D00134E4B2E0E7102366
:1068E0009A46AA4492239B00E9186B461A885046A0
:1068F00000F044FC2F4B002B1BD06B79FF2B18D0E2
:10690000002600E00136009B9E4212D26A79AB1944
:10691000922189008C4663441B789A42F2D15046FA
:1069200000F0A2FB0028EDD16979200000E000BF53
:10693000E8E7214B002B04D0504600F095FB0028DF
:1069400003D02800FFF736FDB2E72000FEF786FAF5
:10695000F7E71A4B002B02D0200000E000BF200018
:10696000FFF790FD002801D00124A5E7280024307E
:1069700000F065FB002817D1009B002B16D09B066A
:1069800001D0012498E7A9780198FFF7B9F8041E0F
:1069900001D1012490E7A978002300220198FFF794
:1069A000D7F889E7002487E7012485E7012483E7F6
:1069B000E00D0020000000005D4E0010000000000F
:1069C00010B50020FEF7D4FF10BD10B5FEF7C6FFCE
:1069D000002800D0012010BD70B504000D00037820
:1069E000DB07DE0F002B1CD103785B071AD40121D3
:1069F0004942280000F064FC2378DB0704D42378A4
:106A00005B070CD5002600E00026002E03D023787B
:106A1000042213432370280000F032FC02E0012618
:106A2000F3E70026300070BD70B504000E000121B0
:106A30004942300000F044FC23785B070BD400256A
:106A4000002D03D02378042293432370300000F0FC
:106A500017FC280070BD2378DB0701D50025EFE780
:106A60000125EDE710B5047943791B0223435B054B
:106A70005B0DC2789207920F022A0FD0032A19D019
:106A8000012A01D0002010BD022904D0124A9A42E6
:106A90001AD30120F7E78022D200F8E7022903D0B9
:106AA000402B15D80120EEE78022920093420DD1B1
:106AB0000120E8E7022904D040229A420AD30120AB
:106AC000E1E78022D200F8E70020DCE70020DAE7E7
:106AD0000020D8E70020D6E7FF03000030B58A1871
:106AE00001E00C78091991420AD24C78052CF8D1B2
:106AF0008D787A342C4064000419ED096355F0E771
:106B000030BD03008A1890B2814202D85A009042E8
:106B100003DB5B009BB2C01A80B2704770B5050002
:106B20000800AC889A420BD3D11A89B200291ED032
:106B30008C4210D2944209D8131B9BB26B810AE09D
:106B4000D11A89B26600891989B2EFE7A21893B207
:106B5000F4E71B1B9BB29C42FBD92968EA885204CC
:106B6000520C5343C918FDF7EBFE012070BD002005
:106B7000FCE7F0B583B0060093080CE00B784D7885
:106B80002D021D438C7824042543CB781B062B4310
:106B9000336004313B005F1EBFB2002BEED10333E4
:106BA000100018401A4201D103B0F0BD0023019338
:106BB000020001A8FDF7C4FE019B3360F4E7F0B5C5
:106BC000DE4657464E464546E0B583B005008A4648
:106BD0000CA909788488E01A80B21C1B1419A4B28D
:106BE000EF887F047E0C07007743BFB27443A4B2E2
:106BF000A34673432C68A0469844002908D0012975
:106C00001AD003B0F0BCBB46B246A946A046F0BDC0
:106C1000904205D3724341465046FDF791FEF0E79E
:106C20003A0041465046FDF78BFE29683800504433
:106C30005A46FDF785FEE4E7904206D3724392B2CE
:106C400041465046FFF795FFDBE703233A009A439E
:106C5000914641465046FFF78CFF43464B44032183
:106C60003A000A400F4230D00421891A89B2081C28
:106C7000594500D95846C7B2FF2101405846441A29
:106C8000A1B28B460021019101A804E01A7802709C
:106C900001300A000133511EC9B2002AF6D1296819
:106CA00004E00A78027001301F0001317B1EDBB264
:106CB000002FF6D15346019A1A605B46002BA0D0F4
:106CC0005A465046FFF755FF9BE72968F5E7F0B5B0
:106CD000C64600B582B01E0008AB1B8809AC2778F9
:106CE00084889E420FD3F51AADB2002D1FD0AC425E
:106CF00005D2B44210D8331B9BB243812500954284
:106D00000FD315000DE0F51AADB2A8466500AC46EC
:106D100045466544ADB2E8E7A619B3B2EDE71B1BE3
:106D20009BB29C42FBD900972A00FFF748FF28003E
:106D300002B080BCB846F0BDF0B583B004000D00D1
:106D400016001F000069002803D00121494200F00D
:106D5000B7FA23899BB26289019700923200290019
:106D60002000FFF7B4FF0500618989B2A0882A00DE
:106D7000FFF7C7FE60812069002801D000F080FA8B
:106D8000280003B0F0BD70B582B01600950809E088
:106D90000B6803701D0A45701D0C85701B0EC370B7
:106DA000043025006C1EA4B2002DF1D10323320063
:106DB0001A401E4201D102B070BD0B68019301A9B7
:106DC000FDF7BEFDF7E7F0B5DE4657464E464546B1
:106DD000E0B583B005008A460CA90878AC88E11AB2
:106DE00089B21C1B1419A4B2EF887F047E0C0F001B
:106DF0007743BFB27443A4B2A34673432C68A04642
:106E00009844002808D001281AD003B0F0BCBB4633
:106E1000B246A946A046F0BD914205D37243514601
:106E20004046FDF78DFDF0E73A0051464046FDF73C
:106E300087FD2868390051445A46FDF781FDE4E793
:106E4000914206D3724392B251464046FFF79BFFF0
:106E5000DBE703233A009A43914651464046FFF749
:106E600092FF43464B4403213A000A400F422ED082
:106E70000421891A89B2081C594500D95846C7B25D
:106E8000FF2101405846441AA1B28B465146096879
:106E9000019101A904E00A781A700131020001335E
:106EA000501EC0B2002AF6D1286804E00A780270A9
:106EB00001311F0001307B1EDBB2002FF6D15B4693
:106EC000002BA2D05A465146FFF75DFF9DE7286888
:106ED000F5E7F0B585B006000391151E029300D1C9
:106EE0006DE0C068002803D00121494200F0E8F9B4
:106EF0003489A4B2718989B2F379DB091AD1B388D4
:106F00008C420FD3611A89B28B4211D95B1A9BB2A2
:106F10002F1C9D4200D91F1CBFB2002F47D0B28842
:106F2000230035E0611A89B25A00891889B2EBE76B
:106F30000023EDE7B788AF420ED8029B002B21D18A
:106F4000ED1BF3885B045A0C6A43039B9C469444F4
:106F5000634603930C00E0E78C420DD3631A9BB2A7
:106F60005B197A0093420FDB7A1B92B23800FFF76D
:106F7000C8FD04002F00D0E7631A9BB27A009B186B
:106F80009BB2EDE70C00C8E72F00C6E79B1A9BB247
:106F90009A42FBD9029A00923A0003993000FFF717
:106FA00012FFB0883A002100FFF7ABFD3081F06896
:106FB000002801D000F064F9380005B0F0BD1700DA
:106FC000FAE7F0B583B00400019116001D0008AB8C
:106FD0001F7880231B029A422DD8C068002803D056
:106FE0000121494200F06CF92069002803D00121F9
:106FF000494200F065F9019B2360A6806D046B0C8B
:10700000E288D20BD5031D43E580FB01E2797F279F
:1070100017401F43E771002363812381E068002844
:1070200001D000F02DF92069002806D000F028F9E1
:10703000012003B0F0BD0020FBE70120F9E78188C3
:1070400003899BB2428992B2934207D39B1A9BB2A7
:10705000081C994200D9181C80B270479B1A9BB239
:107060004A009B189BB2F3E7030000895B89C01AB2
:1070700043425841C0B27047818803899BB242891C
:1070800092B2934206D39B1A9BB200208B4240419E
:10709000C0B270479B1A9BB24A009B189BB2F4E7A0
:1070A000828803899BB2408980B2834206D31B1A2F
:1070B0009BB29A4208D9D31A98B270471B1A9BB256
:1070C00050001B189BB2F4E70020F6E770B50400EF
:1070D0000D000069002803D00121494200F0F0F8BA
:1070E000228992B263899BB229002000FFF716FD26
:1070F0000500618989B282B2A088FFF702FD608134
:107100002069002801D000F0BBF8280070BD10B540
:107110000023FFF711FE10BDF8B504000E00C06893
:10712000002803D00121494200F0CAF82589ADB2F8
:107130002000FFF7A1FF002802D0E779FF0916D051
:10714000A2882B0001E09B1A9BB29A42FBD9E288ED
:107150005204520C53432168C8183100FDF7F0FB6C
:10716000A08801222900FFF7CCFC20810127E068DC
:10717000002801D000F084F83800F8BD10B50023D5
:10718000FFF7A7FE10BD10B50400C068002803D0AB
:107190000121494200F094F82069002803D0012120
:1071A000494200F08DF8002363812381E0680028C4
:1071B00001D000F065F82069002801D000F060F8E7
:1071C000012010BD70B504000D00C068002803D078
:1071D0000121494200F074F82069002803D0012100
:1071E000494200F06DF8ED01E3797F211940294310
:1071F000E171E068002801D000F042F82069002821
:1072000001D000F03DF8012070BD000010B58307EB
:107210000AD00300032102E001330B4205D01A78A3
:10722000002AF9D1181A10BD030019680C4A0D4C38
:107230008A188A4322420FD15968094A04338A18AE
:107240008A43224208D15968054A04338A188A437E
:107250002242F1D000E001331A78002AFBD1E1E7A5
:10726000FFFEFEFE80808080F8B5C0460000000072
:1072700001B40248844601BC604700BFE50200201B
:1072800001B40248844601BC604700BF31020020BF
:1072900001B40248844601BC604700BF1D0B0020BA
:1072A00001B40248844601BC604700BF1D0B0020AA
:1072B00001B40248844601BC604700BFC100002001
:1072C00001B40248844601BC604700BFC9010020E8
:1072D00001B40248844601BC604700BF1D0900207C
:1072E00001B40248844601BC604700BFBD030020D2
:1072F00001B40248844601BC604700BF95010020EC
:1073000001B40248844601BC604700BF6D060020FE
:1073100001B40248844601BC604700BF4508002014
:1073200001B40248844601BC604700BFE107002069
:1073300001B40248844601BC604700BFED0700204D
:1073400001B40248844601BC604700BF9906002092
:1073500075735F73696E63655F626F6F74203C3D28
:1073600020494E5436345F4D41580000433A2F5067
:10737000726F6772616D2046696C65732F5261731D
:107380007062657272792050692F5069636F205363
:10739000444B2076312E352E312F7069636F2D735B
:1073A000646B2F7372632F636F6D6D6F6E2F7069D7
:1073B000636F5F626173652F696E636C7564652FBF
:1073C0007069636F2F74797065732E680000000018
:1073D0004E060010CE0600103C070010B807001043
:1073E000200800100200000003000000040000005C
:1073F0000500000006000000070000000A00000071
:107400000B0000000C0000000D0000001000000048
:107410001100000012000000130000001400000022
:107420001500000016000000100000001100000010
:1074300012000000130000001400000015000000FE
:10744000160000007570646174655F75735F736921
:107450006E63655F626F6F740000000001010101DF
:107460000101000001010000000001010001010014
:107470000101010101000001000101000001010101
:1074800000010100010101000101010101010101EF
:1074900000000000010101010101010101010100E1
:1074A000010100004E6F207370696E6C6F636B7327
:1074B0002061726520617661696C61626C650000B3
:1074C00064656C7461203E3D202D323034382026B6
:1074D000262064656C7461203C3D203230343620B7
:1074E000262620212864656C74612026203129001D
:1074F000433A2F50726F6772616D2046696C6573F5
:107500002F5261737062657272792050692F5069D1
:10751000636F2053444B2076312E352E312F706906
:10752000636F2D73646B2F7372632F7270325F639E
:107530006F6D6D6F6E2F68617264776172655F69E0
:1075400072712F6972712E6300000000212864653A
:107550006C7461203E3E2031317529006375727272
:10756000656E74203D3D205F5F756E68616E646C72
:1075700065645F757365725F697271207C7C2063DE
:10758000757272656E74203D3D2068616E646C6535
:10759000720000006972715F68616E6465725F639A
:1075A0006861696E5F667265655F736C6F745F6852
:1075B000656164203E3D2030000000007674616209
:1075C0006C655F68616E646C6572203D3D205F5F35
:1075D000756E68616E646C65645F757365725F6912
:1075E00072710000212828282875696E74707472E1
:1075F0005F7429767461626C655F68616E646C6546
:107600007229202D20282875696E747074725F7439
:10761000296972715F68616E646C65725F6368612D
:10762000696E5F736C6F747329202D203129257367
:10763000697A656F662873747275637420697271F4
:107640005F68616E646C65725F636861696E5F73C9
:107650006C6F74292900000030783163203D3D2093
:10766000282A696E7374293E3E313175000000008E
:1076700021657863657074696F6E207C7C20657805
:1076800063657074696F6E203D3D206E756D202BB3
:1076900020565441424C455F46495253545F49522B
:1076A0005100000066616C736500000069735F73D0
:1076B00068617265645F6972715F7261775F68614A
:1076C0006E646C657228736C6F745F68616E646C55
:1076D00065722900657863657074696F6E000000DB
:1076E000666F756E640000004E6F207573657220C2
:1076F000495251732061726520617661696C6162E3
:107700006C6500006972715F6164645F7461696CCB
:107710005F746F5F667265655F6C6973740000000B
:10772000696E736572745F6272616E63685F616EC9
:10773000645F6C696E6B00006972715F72656D6F7A
:1077400076655F68616E646C657200006D616B6583
:107750005F6272616E6368007265736F6C76655FFD
:107760006272616E636800006972715F6164645F78
:107770007368617265645F68616E646C6572000055
:107780006972715F7365745F6578636C7573697630
:10779000655F68616E646C6572000000746F74618F
:1077A0006C000000433A2F50726F6772616D204683
:1077B000696C65732F5261737062657272792050C3
:1077C000692F5069636F2053444B2076312E352E3C
:1077D000312F7069636F2D73646B2F7372632F6326
:1077E0006F6D6D6F6E2F7069636F5F73796E632F4E
:1077F0006D757465782E63006D74782D3E636F72BD
:10780000652E7370696E5F6C6F636B006C6F636B7A
:107810005F69735F6F776E65725F69645F76616CD5
:107820006964286D74782D3E6F776E65722900004B
:107830006D74782D3E656E7465725F636F756E74DE
:10784000000000006D757465785F657869740000EC
:107850006D757465785F656E7465725F626C6F6379
:107860006B5F756E74696C007570646174655F75CB
:10787000735F73696E63655F626F6F740000000011
:1078800072742D3E616C61726D5F6964203D3D20B4
:1078900069640000433A2F50726F6772616D204631
:1078A000696C65732F5261737062657272792050D2
:1078B000692F5069636F2053444B2076312E352E4B
:1078C000312F7069636F2D73646B2F7372632F6335
:1078D0006F6D6D6F6E2F7069636F5F74696D652F6B
:1078E00074696D652E630000696420262620696432
:1078F000203C3D20706F6F6C2D3E686561702D3EA1
:107900006D61785F6E6F64657300000069642026A6
:1079100026206964203C3D20686561702D3E6D61C4
:10792000785F6E6F64657300433A2F50726F6772B1
:10793000616D2046696C65732F5261737062657268
:1079400072792050692F5069636F2053444B207621
:10795000312E352E312F7069636F2D73646B2F7349
:1079600072632F636F6D6D6F6E2F7069636F5F75DC
:1079700074696C2F696E636C7564652F7069636FD1
:107980002F7574696C2F70686561702E6800000037
:10799000706172656E745F69640000006368696C91
:1079A000645F696400000000706172656E745F69F5
:1079B0006420213D206368696C645F696400000095
:1079C0002170685F636F6E7461696E735F6E6F6460
:1079D0006528706F6F6C2D3E686561702C20726534
:1079E0007573655F6964290072656D6F7665645FA4
:1079F0006964203D3D206E6578745F696400000015
:107A000063616C6C6261636B00000000706F6F6C8F
:107A10002D3E616C61726D5F696E5F70726F67722F
:107A2000657373203D3D206D616B655F7075626CA1
:107A300069635F69642869645F686967682C206EA0
:107A40006578745F696429006964202626202170A6
:107A5000685F636F6E7461696E735F6E6F646528D3
:107A6000686561702C2069642900000021686561E7
:107A7000702D3E667265655F7461696C5F69640054
:107A800064656661756C745F616C61726D5F706F67
:107A90006F6C5F696E697469616C697A65642829C5
:107AA00000000000616C61726D5F696420213D20FF
:107AB000706F6F6C2D3E616C61726D5F696E5F708F
:107AC000726F67726573730072630000417474654E
:107AD0006D7074656420746F20736C6565702069C7
:107AE0006E73696465206F6620616E2065786365DA
:107AF0007074696F6E2068616E646C65723B20758E
:107B0000736520627573795F776169742069662097
:107B1000796F75206D75737400000000616C61727F
:107B20006D5F706F6F6C5F63616E63656C5F616CDE
:107B300061726D007570646174655F75735F736900
:107B40006E63655F626F6F7400000000616C61724C
:107B50006D5F706F6F6C5F616C61726D5F63616CA4
:107B60006C6261636B0000006765745F656E7472C0
:107B700079000000616C61726D5F706F6F6C5F67A0
:107B800065745F64656661756C7400006765745F39
:107B9000656E7472795F69645F6869676800000088
:107BA00070685F667265655F6E6F646500000000F7
:107BB00070685F6164645F6368696C645F6E6F6462
:107BC0006500000070685F696E736572745F6E6F48
:107BD0006465000070685F6765745F6E6F64650060
:107BE0006164645F616C61726D5F756E6465725F24
:107BF0006C6F636B000000004861726477617265AE
:107C000020616C61726D20256420616C7265616415
:107C10007920636C61696D656400000074696D654D
:107C2000725F68772D3E696E74732026203175204F
:107C30003C3C20616C61726D5F6E756D00000000F0
:107C4000433A2F50726F6772616D2046696C65739D
:107C50002F5261737062657272792050692F50697A
:107C6000636F2053444B2076312E352E312F7069AF
:107C7000636F2D73646B2F7372632F7270325F6347
:107C80006F6D6D6F6E2F68617264776172655F747E
:107C9000696D65722F74696D65722E630000000056
:107CA00068617264776172655F616C61726D5F7348
:107CB00065745F746172676574000000726F6F7441
:107CC0005F696400433A2F50726F6772616D20469E
:107CD000696C65732F52617370626572727920509E
:107CE000692F5069636F2053444B2076312E352E17
:107CF000312F7069636F2D73646B2F7372632F6301
:107D00006F6D6D6F6E2F7069636F5F7574696C2F27
:107D100070686561702E63002170685F6765745FCD
:107D20006E6F646528686561702C20726F6F745F78
:107D30006964292D3E7369626C696E6700000000FA
:107D40002170685F6765745F6E6F64652868656140
:107D5000702C20726F6F745F6964292D3E706172A0
:107D6000656E74006E65775F7375625F74726565CA
:107D700020213D20686561702D3E726F6F745F69D0
:107D80006400000070685F72656D6F76655F616E9C
:107D9000645F667265655F6E6F64650070685F72D0
:107DA000656D6F76655F616E795F6865616400001F
:107DB00070685F6164645F6368696C645F6E6F6460
:107DC0006500000070685F6765745F6E6F646500D2
:107DD0007372635F66726571203E3D2066726571E5
:107DE00000000000433A2F50726F6772616D2046A9
:107DF000696C65732F52617370626572727920507D
:107E0000692F5069636F2053444B2076312E352EF5
:107E1000312F7069636F2D73646B2F7372632F72D0
:107E200070325F636F6D6D6F6E2F68617264776122
:107E300072655F636C6F636B732F636C6F636B73DF
:107E40002E630000636C6F636B5F636F6E666967C0
:107E50007572650076636F5F66726571203E3D20C6
:107E6000285049434F5F504C4C5F56434F5F4D493C
:107E70004E5F465245515F4B485A202A204B485A84
:107E8000292026262076636F5F66726571203C3D4F
:107E900020285049434F5F504C4C5F56434F5F4D35
:107EA00041585F465245515F4B485A202A204B4863
:107EB0005A290000433A2F50726F6772616D204655
:107EC000696C65732F5261737062657272792050AC
:107ED000692F5069636F2053444B2076312E352E25
:107EE000312F7069636F2D73646B2F7372632F7200
:107EF00070325F636F6D6D6F6E2F68617264776152
:107F000072655F706C6C2F706C6C2E6300000000EB
:107F10006662646976203E3D203136202626206642
:107F200062646976203C3D203332300028706F73E4
:107F3000745F64697631203E3D2031202626207012
:107F40006F73745F64697631203C3D2037292026A9
:107F5000262028706F73745F64697632203E3D205E
:107F60003120262620706F73745F64697632203C5E
:107F70003D203729000000007265665F66726571FA
:107F8000203C3D202876636F5F66726571202F204C
:107F900031362900706C6C5F696E697400000000F6
:107FA0002C2066756E6374696F6E3A2000000000C5
:107FB000617373657274696F6E2022257322206667
:107FC00061696C65643A2066696C652022257322BC
:107FD0002C206C696E65202564257325730A0000CA
:107FE00031203D3D202875696E747074725F74296C
:107FF0006C2D3E7370696E5F6C6F636B00000000E8
:10800000433A2F50726F6772616D2046696C6573D9
:108010002F5261737062657272792050692F5069B6
:10802000636F2053444B2076312E352E312F7069EB
:10803000636F2D73646B2F7372632F7270325F6383
:108040006F6D6D6F6E2F7069636F5F72756E74699F
:108050006D652F72756E74696D652E63000000008A
:108060000A2A2A2A2050414E4943202A2A2A0A0055
:108070000A00000072756E74696D655F696E6974DF
:1080800000000000666E6900666E692B000000004B
:108090006E616E00666E692D00000000FA340010FB
:1080A000AA340010AA34001004350010AA340010BD
:1080B000AA340010AA340010AA340010AA34001008
:1080C000AA340010AA340010F0340010AA340010B2
:1080D000E6340010AA340010AA340010DC3400107A
:1080E0009C350010C2350010DA350010C235001082
:1080F0007C350010C2350010C2350010C2350010AA
:10810000C2350010C2350010C2350010C235001053
:10811000B8350010C2350010C2350010C23500104D
:10812000C2350010C2350010E6350010163A0010B6
:108130002C3A00102C3A00102C3A00102C3A001067
:108140002C3A00102C3A00102C3A00102C3A001057
:108150002C3A00102C3A00102C3A00102C3A001047
:108160002C3A00102C3A00102C3A00102C3A001037
:108170002C3A00102C3A00102C3A00102C3A001027
:108180002C3A00102C3A00102C3A00102C3A001017
:108190002C3A00102C3A00102C3A00102C3A001007
:1081A0002C3A00102C3A00102C3A00103E380010E7
:1081B000FE3700103E3800102C3A00102C3A001008
:1081C0002C3A00102C3A00102C3A00102C3A0010D7
:1081D0002C3A00102C3A00102C3A00102C3A0010C7
:1081E0002C3A00102C3A00102C3A00102C3A0010B7
:1081F0002C3A00102C3A0010F23500102C3A0010E6
:108200002C3A00102C3A00102C3A00102C3A001096
:108210002C3A00102C3A00102C3A00102C3A001086
:10822000F23500108E380010F23500103E38001084
:10823000FE3700103E3800102C3A0010F2350010C6
:108240002C3A00102C3A00102C3A00102C3A001056
:108250002C3A0010F2350010E03900102C3A0010D2
:108260002C3A0010063900102C3A0010F23500109C
:108270002C3A00102C3A0010F235001000000000DB
:10828000000000000000F03F00000000000024405B
:1082900000000000000059400000000000408F4036
:1082A000000000000088C34000000000006AF840A1
:1082B0000000000080842E4100000000D0126341C5
:1082C0000000000084D797410000000065CDCD413B
:1082D0002A282875696E74385F74202A29726F6D98
:1082E0005F646174615F6C6F6F6B757028726F6D26
:1082F0005F7461626C655F636F6465282753272C28
:108300002027462729292D3229202A2034203E3DA6
:108310002053465F5441424C455F56325F53495AA1
:1083200045000000433A2F50726F6772616D20461E
:10833000696C65732F526173706265727279205037
:10834000692F5069636F2053444B2076312E352EB0
:10835000312F7069636F2D73646B2F7372632F728B
:1083600070325F636F6D6D6F6E2F7069636F5F64E6
:108370006F75626C652F646F75626C655F696E699D
:10838000745F726F6D2E63005F5F61656162695F2C
:10839000646F75626C655F696E6974002A28287560
:1083A000696E74385F74202A29726F6D5F74616220
:1083B0006C652D3229202A2034203E3D2053465F13
:1083C0005441424C455F56325F53495A45000000C4
:1083D000433A2F50726F6772616D2046696C657306
:1083E0002F5261737062657272792050692F5069E3
:1083F000636F2053444B2076312E352E312F706918
:10840000636F2D73646B2F7372632F7270325F63AF
:108410006F6D6D6F6E2F7069636F5F666C6F6174E7
:108420002F666C6F61745F696E69745F726F6D2E19
:10843000630000005F5F61656162695F666C6F6128
:10844000745F696E697400004465627567000000BE
:10845000626F6F74325F77323571303830000000F0
:10846000312E352E310000007069636F000000006E
:1084700053656D61666F726F00000000417072207D
:10848000203720323032350006005250BBFF3CB658
:108490006884001006005250E182887F50840010EA
:1084A00006005250D3F07542488400107570646124
:1084B00074655F75735F73696E63655F626F6F7418
:1084C000000000000D0A0000114C0010154C0010B7
:1084D000214C0010714C0010554C001000000000A1
:1084E000433A2F50726F6772616D2046696C6573F5
:1084F0002F5261737062657272792050692F5069D2
:10850000636F2053444B2076312E352E312F706906
:10851000636F2D73646B2F7372632F7270325F639E
:108520006F6D6D6F6E2F7069636F5F737464696FC9
:108530005F7573622F737464696F5F7573622E6306
:108540000000000055534220737464696E202F2090
:108550007374646F757400000600525053B4F4A134
:1085600044850010737464696F5F7573625F696E30
:10857000697400007570646174655F75735F736919
:108580006E63655F626F6F7400000000526173700C
:108590006265727279205069000000005069636F53
:1085A00000000000426F61726420434443000000F9
:1085B00052657365740000000902540003010080D5
:1085C0007D080B0002020200000904000001020203
:1085D00000040524002001052401000104240202F6
:1085E00005240600010705810308001009040100A5
:1085F000020A00000007050202400000070582028F
:108600004000000904020000FF0001051201000201
:10861000EF0201408A2E0A0000010102030100005E
:10862000000000008C8500109C850010201A00209E
:10863000A4850010B08500106C656E203E203000CF
:10864000433A2F50726F6772616D2046696C657393
:108650002F5261737062657272792050692F506970
:10866000636F2053444B2076312E352E312F7069A5
:10867000636F2D73646B2F7372632F7270325F633D
:108680006F6D6D6F6E2F7069636F5F756E69717559
:10869000655F69642F756E697175655F69642E63C6
:1086A000000000007069636F5F6765745F756E69D5
:1086B0007175655F626F6172645F69645F73747224
:1086C000696E6700666C6173685F6F666673202B06
:1086D00020636F756E74203C3D205049434F5F46C8
:1086E0004C4153485F53495A455F425954455300E2
:1086F000433A2F50726F6772616D2046696C6573E3
:108700002F5261737062657272792050692F5069BF
:10871000636F2053444B2076312E352E312F7069F4
:10872000636F2D73646B2F7372632F7270325F638C
:108730006F6D6D6F6E2F68617264776172655F66D1
:108740006C6173682F666C6173682E6300000000B3
:10875000636F6E6E6563745F696E7465726E616C73
:108760005F666C61736820262620666C6173685FA3
:10877000657869745F78697020262620666C61735D
:10878000685F72616E67655F65726173652026263A
:1087900020666C6173685F666C7573685F636163A4
:1087A00068650000636F6E6E6563745F696E746503
:1087B000726E616C5F666C61736820262620666C41
:1087C0006173685F657869745F7869702026262018
:1087D000666C6173685F72616E67655F70726F6708
:1087E00072616D20262620666C6173685F666C7509
:1087F00073685F636163686500000000636F6E6E9D
:108800006563745F696E7465726E616C5F666C61DE
:10881000736820262620666C6173685F65786974CA
:108820005F78697020262620666C6173685F666CCD
:108830007573685F6361636865000000666C6173EF
:10884000685F646F5F636D640000000028287569CD
:108850006E747074725F7420296E6578745F6275CF
:10886000666665725F707472202620306231313125
:108870003131317529203D3D20300000433A2F50E1
:10888000726F6772616D2046696C65732F526173F8
:108890007062657272792050692F5069636F20533E
:1088A000444B2076312E352E312F7069636F2D7336
:1088B000646B2F6C69622F74696E797573622F73A4
:1088C00072632F706F727461626C652F7261737066
:1088D000626572727970692F7270323034302F6431
:1088E00063645F7270323034302E630068775F6487
:1088F0006174615F6F6666736574286E6578745F16
:108900006275666665725F70747229203C3D205501
:1089100053425F445052414D5F4D415800000000AA
:10892000556E68616E646C656420495251203078E0
:1089300025780A007268706F7274203D3D20300007
:108940006463645F656470745F78666572000000DC
:108950006463645F656470745F6F70656E000000CF
:108960006463645F7365745F6164647265737300EC
:108970006463645F696E745F656E61626C6500005C
:108980005F68775F656E64706F696E745F616C6C51
:108990006F6300006463645F696E697400000000C7
:1089A00021286275665F6374726C202620555342DD
:1089B0005F4255465F4354524C5F46554C4C29002C
:1089C000433A2F50726F6772616D2046696C657310
:1089D0002F5261737062657272792050692F5069ED
:1089E000636F2053444B2076312E352E312F706922
:1089F000636F2D73646B2F6C69622F74696E797568
:108A000073622F7372632F706F727461626C652F63
:108A100072617370626572727970692F7270323030
:108A200034302F7270323034305F7573622E6300D1
:108A30006275665F6374726C2026205553425F42F4
:108A400055465F4354524C5F46554C4C0000000065
:108A500065702025642025732077617320616C7216
:108A60006561647920617661696C61626C650000A2
:108A700043616E277420636F6E74696E756520782C
:108A8000666572206F6E20696E6163746976652019
:108A90006570202564202573000000006F75740048
:108AA000696E000073796E635F65705F62756666FC
:108AB000657200001059001076580010A858001078
:108AC000DA5800101059001010590010F658001014
:108AD000A85800101059001010590010105900101B
:108AE00010590010105900101059001010590010A2
:108AF00088580010105E0010EA5D0010B65F00108C
:108B0000C45D0010B65F0010385D0010BA5D001043
:108B1000B65F0010545D00106C5D00100E60001018
:108B200000600010566000100E6000103A610010E6
:108B30005A6100106A600010B66000107261001087
:108B4000916500104D660010916600105D67001081
:088B5000916800100000000014
:108B5800AC020010A00200109402001088840010DB
:108B68008802001094840010A0840010588500101A
:108B780003000068EFF3108C72B60268002AFCD07C
:108B8800BFF35F8F04229A56002A0BDB002910D00E
:108B98000A6000201B68BFF35F8F00221A608CF305
:108BA80010887047D0221206127852B21A7101202A
:108BB800F0E70020EEE70000F8B5CE46474680B55E
:108BC8000400170098460368002B20D0D0231B060A
:108BD8001B785BB299462668EFF3108C72B635683D
:108BE800002DFCD0BFF35F8F04256557002D14DBE3
:108BF8002368BFF35F8F00221A608CF31088380057
:108C0800414600F015FD0028E5D000200FE00A4B92
:108C18000A4A85210A4800F0F3FC4B462371236871
:108C2800BFF35F8F00221A608CF310880120C0BC4C
:108C3800B946B046F8BDC046F87700105078001025
:108C4800A477001070B582B0060015001C0001A9B9
:108C5800FFF78EFF002807D1019B5BB2D0221206D6
:108C6800127852B2934201D102B070BD2A0023009B
:108C78003000FFF7A1FFF7E7F8B506000F0000F096
:108C8800B7FC04000D1E12DBFA2292000023380004
:108C9800002100F0D5FC22002B0012184B41002BBC
:108CA8000BDB002B0DDB3000FFF786FFF8BD084B10
:108CB800084A3F21084800F0A3FC01225242074B12
:108CC800EFE7034B034A3F21034800F099FCC046F5
:108CD80050730010687800106C730010FFFFFF7F5E
:108CE80010B50268EFF3108172B61368002BFCD040
:108CF800BFF35F8F0423C356002B0ADBFF230371E6
:108D08000368BFF35F8F00221A6081F3108840BFA9
:108D180010BD034B034AB421034800F071FCC04660
:108D28000C78001044780010A4770010094B1B78C9
:108D3800002B08D00CE09A008021490551180868DA
:108D48000549505001333F2BF5DD024B01221A70C3
:108D58007047C046331A00203012002010B5024B6D
:108D68000133984710BDC0463012002000280AD0B1
:108D780003231B02054A12685340C0229200134085
:108D8800034A136070470223F3E7C0460C80014092
:108D98000C900140F0B5D6464F464646C0B5070090
:108DA8000E00150018239A461B8814229046108836
:108DB80028499847814653461B88424610882649C9
:108DC8009847040053461B88424610882349984711
:108DD80080464B46002B0CD0002C0AD0002808D027
:108DE800FFF7A4FFC847A0470020FFF7BFFF2A00EE
:108DF8000FE01B4B1B4A80211B4800F001FC002B95
:108E080007D0002A05D0C0235B051B6E3370013ADA
:108E180001362B00134312D0C0235B059C6A08233C
:108E28002340A107EBD5002DE9D0511B0D29E6D829
:108E38003878C02149050866013D0137DFE7012080
:108E4800FFF794FFC047FFF789FFE0BCBA46B14679
:108E5800A846F0BD494600004558000046430000BA
:108E6800FC8700103C880010F086001010B5002325
:108E780008E00133DA0000210848115084466244B2
:108E88005160DBB20E2BF4D9F02292000021044885
:108E980000F0DEFB034B044A1A6010BD00001050BE
:108EA80018140020DC17002080011050F0B5CE46C1
:108EB800474680B585B0234B9F6D0024012603E00B
:108EC800B74376000134E4B2002F36D01F2C34D8D3
:108ED8003E42F6D01C4B9E656308994601236340C9
:108EE80001221A4090464B465D0045446D01174BE0
:108EF800ED18280000F042FA0028E1D04B465B004C
:108F080043445B01114AD3189A789146DB8A984604
:108F18000C22002101A800F09BFB07236A4653712D
:108F28006B464A461A7243460393012101A800F092
:108F38004DFA280000F0ACF9C2E705B0C0BCB9464C
:108F4800B046F0BD0000115000301150D813002079
:108F5800F0B585B0684A9823D55880239B022C0029
:108F68001C401D424AD0654B9A6A654B1A60002422
:108F7800002609E0634B99183C3100230B7000F080
:108F8800B9F93E000134E4B20F2C17D8A201100041
:108F980020305C4BC0189B183B331B78022BF1D157
:108FA800584B9B183A331F78002FEBD0554B9B1822
:108FB8003C331B78002BDDD13E00E3E7002E08D1BF
:108FC800514B1B78002B04D1504A903380218902E1
:108FD800D150494B9C6C6405640D0C22002101A8FA
:108FE80000F036FB00236A46137103335371029471
:108FF800012101A800F0EAF98024A402EB0609D4B3
:10900800EB0329D580235B021C4301AB404A1A803D
:1090180000260BE010231C43FFF748FFF0E701ABE5
:10902800985D00F0F5FA0123C3700136012EF6D9D8
:1090380001AE0C220021300000F00AFB06237370F9
:10904800344A02AB03CA03C30121300000F0BEF961
:109058002E4B802292021A65EB0407D46B041ED4AF
:109068002B042FD4AC4241D105B0F0BD80235B0165
:109078001C43214B00221A60FFF7F8FE01AE0C22B8
:109088000021300000F0E4FA012373700121300060
:1090980000F09CF91D4B802212031A65DEE780233D
:1090A800DB011C4301AE0C220021300000F0D0FA95
:1090B800042373700121300000F088F9134B10224B
:1090C8001A65CDE780231B021C4301AE0C22002148
:1090D800300000F0BDFA052373700121300000F064
:1090E80075F90A4B802212011A65BBE72100694015
:1090F800094800F095FAC0460000115000400540AC
:10910800D0130020D8130020321A0020003011504C
:109118000080FFFF0000105020890010094B1B6CD5
:109128009B070CD48378DB09012B01D0002007E0D2
:10913800C37E022B01D0002002E0012000E00020C5
:109148007047C0460000115010B5FFF7E7FF002830
:1091580009D0064B9B6A064A12689B1A054A944630
:109168006344C62B00D810BD0020FCE70040054032
:10917800D0130020E0FCFFFFF8B504000F00838A3D
:10918800028B1E1C934200D9161CB6B29B1BA382ED
:109198008025ED003543E378002B13D0802292011F
:1091A800154301225340E3706378002B0CD0A38A47
:1091B800002B02D18023DB011D43002F00D02D049A
:1091C8002800F8BD0022EBE7B801E3689C4660443C
:1091D8003200216900F0FCF923699C466644266147
:1091E80080231B021D43E2E770B5040083681B68F7
:1091F800002900D01B0C9D05AD0D6278002A12D104
:109208001B0409D4E38A5B19E382238BAB4201D99F
:109218000023A382280070BD81210F4B0F4A49000B
:109228000F4800F0EDF91B040ED58901E3689C4650
:1092380061442A00206900F0CBF9E38A5B19E382D4
:1092480023695B192361E0E70A21064B034AFF31D2
:10925800034800F0D5F9C046A0890010A48A001080
:10926800C0890010308A001010B5040083681B689C
:109278000021FFF7B9FF63681B685B0002D5238BE9
:10928800834200D010BD01212000FFF7ADFFF9E7B0
:10929800002383768382C3820361704710B5002957
:1092A80002D083681B681940002A0FD01143530568
:1092B8000CD5826813685B050BD40B4B0B4013600D
:1092C800FFE7FFE7FFE7FFE7FFE7FFE783681960CE
:1092D80010BD83787F211940DB099B00034A9A5807
:1092E800034800F09DF9C046FFFBFFFF680C002013
:1092F800508A001070B5040043681E680021FFF70B
:109308003BFF80256D010543194B1B6C02221100A0
:1093180019401A4202D1A378DB0906D0002906D0E9
:10932800A3785B0616D1002302E0012300E00023A6
:10933800A28A002A01D0002B0ED00E4B1E4080239B
:109348009B053343626813602A0000212000FFF761
:10935800A5FF70BD0123EBE701212000FFF70CFFFB
:109368000543054B1E40A023DB053343EAE7C0460F
:1093780000001150FFFFFFAFFFFFFFDF70B50400D3
:10938800857E002D06D0FFF76FFFA38A002B0BD137
:10939800280070BD83787F211940DB099B00094AAA
:1093A8009A58094800F03CF92000FFF7CDFE051E49
:1093B80003D0012323770025EAE72000FFF79AFF6F
:1093C800E6E7C046680C0020708A001030B585B00A
:1093D80005004378042B00D159E006D8022B2BD086
:1093E800032B00D0CBE0002483E0052B00D0C6E09F
:1093F800704B1B78DB0748D56E4A137804218B43E2
:1094080013706D4B1C68210014316269EFF31080F2
:1094180072B61368002BFCD0BFF35F8F4860290039
:10942800200000F0DDF86269A369BFF35F8F0021B7
:10943800116083F3108828E05E4B1A7801218A4373
:109448001A701A7801318A431A7000225A701A78F1
:1094580002318A431A70584B1C6821001431626922
:10946800EFF3108072B61368002BFCD0BFF35F8F48
:1094780048602900200000F0B3F86269A369BFF3CF
:109488005F8F0021116083F3108805B030BD494B10
:109498001B78DB07F9D5474A137804210B4313706F
:1094A800454B1C68210014316269EFF3108072B6D5
:1094B8001368002BFCD0BFF35F8F486029002000A1
:1094C80000F08EF86269A369BFF35F8F0021116015
:1094D80083F31088D9E763001B19DA00374B1B6840
:1094E8009B1818E023000FE0287869689847013432
:1094F800E4B2334B1B78A34213D3324A002AF1D08B
:10950800A342E8D8E31ADBB2002BF0D15A00D218F4
:10951800D2002D4B9B18002BE9D05B69002BE3D1BF
:10952800E5E7244B1B785B07AFD5224A1378042163
:109538008B4313700C22002101A800F089F82B78C6
:109548006A461371052353711B4B1C6821001431A3
:109558006269EFF3108072B61368002BFCD0BFF37A
:109568005F8F486001A9200000F03AF86269A3699A
:10957800BFF35F8F0021116083F3108885E70E4BDE
:109588001C68210014316269EFF3108072B6136809
:10959800002BFCD0BFF35F8F48602900200000F04B
:1095A8001FF86269A369BFF35F8F0021116083F31D
:1095B80010886AE7041100205C110020DC0D0020EF
:1095C800311A0020CD4C0010408B00107047C04667
:1095D80001B40248844601BC604700BF41490010FD
:1095E80001B40248844601BC604700BF19710010ED
:1095F80001B40248844601BC604700BF751D0010D5
:1096080001B40248844601BC604700BFED27001042
:1096180001B40248844601BC604700BFB152001043
:1096280001B40248844601BC604700BF21290010EC
:1096380001B40248844601BC604700BF211C0010E9
:1096480001B40248844601BC604700BFC14700100E
:1096580001B40248844601BC604700BF3549001088
:1096680010000000000000000000010000000000E1
:1096780000000000000002000000000000000000E0
:109688000000030000000000000000000000FF00D0
:109698000000000001B5486801318E460047704659
:1096A80009380149884701BDC50F0010140C002076
:1096B80000000000B00C002064130020000000002F
:1096C80000000000741300200000000000000000EB
:1096D8001000000000000000000000000000000072
:1096E800503300004C330000543300005233000064
:1096F8004D5300004D430000533400004334000034
:109708006950001000000000A54F0010014D001026
:1097180000000000000100009C8A0010A08A0010D0
:109728006011002010000C00000000000000000084
:10973800000000000000000000000000FF00000022
:10974800000000000000000025490010913A0010B8
:1097580091410010F5470010E5020010F951001082
:04000005100001E9FD
:00000001FF
